{
    "fitness": 46.993079370114565,
    "generation": 0,
    "parameters": {
        "alphaee": 0.278253348367364,
        "alphaei": 0.24714378509332555,
        "alphaie": 0.739587480112186,
        "alphaii": 0.170099193518327,
        "deltae": 0.29620995593975064,
        "deltai": 0.6,
        "eta0e": 0.7045320266633193,
        "eta0i": 2.422453979383975,
        "kappa_gapee": 0.0,
        "kappa_gapei": 0.38806124644023093,
        "kappa_gapii": 0.5523242674914834,
        "kappa_see": 3.8296804904257584,
        "kappa_sei": 6.449039871150585,
        "kappa_sie": 5.458021163599433,
        "kappa_sii": 9.004536317902419,
        "sigma_se": 0.08641773746246027,
        "sigma_si": 0.0852425744926826,
        "taue": 8.514639557774967,
        "taui": 9.62563429493678,
        "tauxe": 69.26823291061386,
        "tauxi": 28.73437931396914,
        "vsyn_ee": 12.053783764156556,
        "vsyn_ei": 14.48724648400051,
        "vsyn_ie": -31.1771732798138,
        "vsyn_ii": -81.75312617119998
    },
    "timestamp": 1746274902
}