{
    "fitness": 114.42387568733031,
    "generation": 0,
    "parameters": {
        "alphaee": 0.03478201983028744,
        "alphaei": 0.1859571611422257,
        "alphaie": 0.8340099431348853,
        "alphaii": 0.9735380773418402,
        "deltae": 0.5166110530218999,
        "deltai": 0.1698133120391736,
        "eta0e": 4.058267491973389,
        "eta0i": 2.6799181693994107,
        "kappa_gapee": 0.18578662515379515,
        "kappa_gapei": 0.49489495601571115,
        "kappa_gapii": 0.6204521332186026,
        "kappa_see": 0.400765118711232,
        "kappa_sei": 2.4243941693601614,
        "kappa_sie": 0.12880589962816613,
        "kappa_sii": 4.743945132394665,
        "sigma_se": 0.04640660168700389,
        "sigma_si": 0.031524379129404694,
        "taue": 18.93384461859879,
        "taui": 18.30800949041383,
        "tauxe": 20.907767110686333,
        "tauxi": 56.77237529143598,
        "vsyn_ee": 5.659482096596281,
        "vsyn_ei": 6.2088171540657475,
        "vsyn_ie": -62.00914876436317,
        "vsyn_ii": -26.04608974727799
    },
    "timestamp": 1746275883
}