{
    "fitness": 51.180821234053,
    "generation": 0,
    "parameters": {
        "alphaee": 0.2959905712135455,
        "alphaei": 0.08310201183233125,
        "alphaie": 0.4195687491082951,
        "alphaii": 0.9989116648762919,
        "deltae": 0.29620995593975064,
        "deltai": 0.5159937080113224,
        "eta0e": 2.297908678119138,
        "eta0i": 0.2176406445216442,
        "kappa_gapee": 0.05017843323861457,
        "kappa_gapei": 0.5,
        "kappa_gapii": 0.10220102893685919,
        "kappa_see": 3.884023532944554,
        "kappa_sei": 8.566638415585498,
        "kappa_sie": 7.662702276830202,
        "kappa_sii": 2.8412363389956607,
        "sigma_se": 0.06572510601463945,
        "sigma_si": 0.039058510997416154,
        "taue": 13.261941683760952,
        "taui": 19.4020602499321,
        "tauxe": 98.19897176925426,
        "tauxi": 53.19948720707339,
        "vsyn_ee": 19.05888734702373,
        "vsyn_ei": 15.51873505894248,
        "vsyn_ie": -10.783820625601123,
        "vsyn_ii": -81.6975681162117
    },
    "timestamp": 1746275611
}