{
    "fitness": 58.04396444938995,
    "generation": 0,
    "parameters": {
        "alphaee": 0.17900314342760518,
        "alphaei": 0.7128301695959107,
        "alphaie": 0.6564782216882636,
        "alphaii": 0.025899264212177704,
        "deltae": 0.5638640830851926,
        "deltai": 0.10524429467298757,
        "eta0e": 4.263104745074705,
        "eta0i": 4.057780722192743,
        "kappa_gapee": 0.05070987309901499,
        "kappa_gapei": 0.2260994344787851,
        "kappa_gapii": 0.2542941113799113,
        "kappa_see": 6.450858092715397,
        "kappa_sei": 5.972584464307451,
        "kappa_sie": 9.425412077684276,
        "kappa_sii": 8.603102150022025,
        "sigma_se": 0.05965375533425133,
        "sigma_si": 0.09362091578472488,
        "taue": 14.059787036821824,
        "taui": 23.046735912408682,
        "tauxe": 33.81353237862697,
        "tauxi": 29.818220608177608,
        "vsyn_ee": 12.237676344019537,
        "vsyn_ei": 8.542694304290631,
        "vsyn_ie": -55.79120701011259,
        "vsyn_ii": -95.27312772616145
    },
    "timestamp": 1746275765
}