{
    "fitness": 49.169150198305076,
    "generation": 0,
    "parameters": {
        "alphaee": 0.6158761522667455,
        "alphaei": 0.6810393440421246,
        "alphaie": 0.7302372009241357,
        "alphaii": 0.1798777082646666,
        "deltae": 0.2716838353061201,
        "deltai": 0.09432067964412783,
        "eta0e": 2.7359473903551432,
        "eta0i": 1.7092782071516608,
        "kappa_gapee": 9.704202426758268e-05,
        "kappa_gapei": 0.15317802777921422,
        "kappa_gapii": 0.7059596091181772,
        "kappa_see": 2.2563208729885034,
        "kappa_sei": 7.753548160275454,
        "kappa_sie": 6.794505583912881,
        "kappa_sii": 3.5869856307045986,
        "sigma_se": 0.07119557539054776,
        "sigma_si": 0.020959352456174862,
        "taue": 11.010563697462908,
        "taui": 7.74089107961591,
        "tauxe": 89.82793533605155,
        "tauxi": 45.66811043197495,
        "vsyn_ee": 8.357020427677245,
        "vsyn_ei": 19.746809306862204,
        "vsyn_ie": -14.449551518653678,
        "vsyn_ii": -90.53812911814184
    },
    "timestamp": 1746275741
}