{
    "fitness": 53.46449415669382,
    "generation": 0,
    "parameters": {
        "alphaee": 0.8704428463464127,
        "alphaei": 0.2997828635989367,
        "alphaie": 0.4195687491082951,
        "alphaii": 0.8462292929958949,
        "deltae": 0.5111850919673452,
        "deltai": 0.46110828317713837,
        "eta0e": 1.375091669915201,
        "eta0i": 4.021850319720298,
        "kappa_gapee": 0.15292259367294675,
        "kappa_gapei": 0.4566644983295888,
        "kappa_gapii": 0.1750294645948945,
        "kappa_see": 3.9088011169610146,
        "kappa_sei": 6.536551640132754,
        "kappa_sie": 3.882643119368531,
        "kappa_sii": 2.8412363389956607,
        "sigma_se": 0.09109506557145501,
        "sigma_si": 0.1,
        "taue": 15.519309496397849,
        "taui": 19.192192830555626,
        "tauxe": 26.81946315438919,
        "tauxi": 28.73437931396914,
        "vsyn_ee": 7.807970284980439,
        "vsyn_ei": 14.48724648400051,
        "vsyn_ie": -10.783820625601123,
        "vsyn_ii": -33.64184798177004
    },
    "timestamp": 1746275446
}