{
    "fitness": 47.478650027390835,
    "generation": 0,
    "parameters": {
        "alphaee": 0.9276567001523963,
        "alphaei": 0.05259644072900218,
        "alphaie": 0.1871752717112111,
        "alphaii": 0.8462292929958949,
        "deltae": 0.5111850919673452,
        "deltai": 0.4187165357609228,
        "eta0e": 1.5964314104534505,
        "eta0i": 4.021850319720298,
        "kappa_gapee": 0.05017843323861457,
        "kappa_gapei": 0.2774517915472481,
        "kappa_gapii": 0.2488148209688936,
        "kappa_see": 3.9088011169610146,
        "kappa_sei": 6.536551640132754,
        "kappa_sie": 0.023097954931840282,
        "kappa_sii": 3.755373120111965,
        "sigma_se": 0.024478550802112017,
        "sigma_si": 0.03644650426582112,
        "taue": 21.922924808931725,
        "taui": 5.8819582274117055,
        "tauxe": 47.7052114992941,
        "tauxi": 28.73437931396914,
        "vsyn_ee": 10.531183859156261,
        "vsyn_ei": 13.817529681175463,
        "vsyn_ie": -89.40618665099603,
        "vsyn_ii": -23.563440123512734
    },
    "timestamp": 1746275091
}