{
    "fitness": 49.24110770518903,
    "generation": 0,
    "parameters": {
        "alphaee": 0.9276567001523963,
        "alphaei": 0.24714378509332555,
        "alphaie": 0.1871752717112111,
        "alphaii": 0.15140977328200134,
        "deltae": 0.40417143348262835,
        "deltai": 0.26613907975870305,
        "eta0e": 1.375091669915201,
        "eta0i": 4.867742767332486,
        "kappa_gapee": 0.11236499112222641,
        "kappa_gapei": 0.0716532773908472,
        "kappa_gapii": 0.2488148209688936,
        "kappa_see": 9.417924015913876,
        "kappa_sei": 3.761899286400282,
        "kappa_sie": 7.662702276830202,
        "kappa_sii": 0.035622878623270376,
        "sigma_se": 0.1,
        "sigma_si": 0.08735413138321653,
        "taue": 21.922924808931725,
        "taui": 17.741526345493938,
        "tauxe": 47.7052114992941,
        "tauxi": 28.73437931396914,
        "vsyn_ee": 10.531183859156261,
        "vsyn_ei": 12.01340343669313,
        "vsyn_ie": -76.51839078610047,
        "vsyn_ii": -23.563440123512734
    },
    "timestamp": 1746275399
}