{
    "fitness": 61.04495902536916,
    "generation": 0,
    "parameters": {
        "alphaee": 0.3773786418451147,
        "alphaei": 0.24714378509332555,
        "alphaie": 0.18802654475766603,
        "alphaii": 0.9989116648762919,
        "deltae": 0.1258173679116062,
        "deltai": 0.5159937080113224,
        "eta0e": 2.297908678119138,
        "eta0i": 0.24346614338545955,
        "kappa_gapee": 0.2,
        "kappa_gapei": 0.38806124644023093,
        "kappa_gapii": 0.12463267859714432,
        "kappa_see": 1.0780008683361773,
        "kappa_sei": 8.566638415585498,
        "kappa_sie": 7.662702276830202,
        "kappa_sii": 2.8412363389956607,
        "sigma_se": 0.06572510601463945,
        "sigma_si": 0.039058510997416154,
        "taue": 8.514639557774967,
        "taui": 19.192192830555626,
        "tauxe": 30.998677514191655,
        "tauxi": 28.671989932865635,
        "vsyn_ee": 19.05888734702373,
        "vsyn_ei": 14.48724648400051,
        "vsyn_ie": -89.40618665099603,
        "vsyn_ii": -33.64184798177004
    },
    "timestamp": 1746275044
}