{
    "fitness": 65.75836922863215,
    "generation": 0,
    "parameters": {
        "alphaee": 0.01,
        "alphaei": 0.24714378509332555,
        "alphaie": 0.23840817380117313,
        "alphaii": 0.8462292929958949,
        "deltae": 0.39652105152755013,
        "deltai": 0.5635681151694439,
        "eta0e": 1.375091669915201,
        "eta0i": 2.422453979383975,
        "kappa_gapee": 0.0,
        "kappa_gapei": 0.32582465383771575,
        "kappa_gapii": 0.5523242674914834,
        "kappa_see": 5.40415035084021,
        "kappa_sei": 3.541382489763027,
        "kappa_sie": 7.662702276830202,
        "kappa_sii": 9.004536317902419,
        "sigma_se": 0.061491398623451175,
        "sigma_si": 0.09874504435076333,
        "taue": 8.514639557774967,
        "taui": 9.62563429493678,
        "tauxe": 31.16376365773922,
        "tauxi": 28.73437931396914,
        "vsyn_ee": 11.588472877933073,
        "vsyn_ei": 12.01340343669313,
        "vsyn_ie": -56.339644191636246,
        "vsyn_ii": -5.128771725193232
    },
    "timestamp": 1746274879
}