{
    "fitness": 50.9008621911487,
    "generation": 0,
    "parameters": {
        "alphaee": 0.9276567001523963,
        "alphaei": 0.05259644072900218,
        "alphaie": 0.14753984480757415,
        "alphaii": 0.15140977328200134,
        "deltae": 0.1258173679116062,
        "deltai": 0.4187165357609228,
        "eta0e": 1.5964314104534505,
        "eta0i": 0.24346614338545955,
        "kappa_gapee": 0.05017843323861457,
        "kappa_gapei": 0.38806124644023093,
        "kappa_gapii": 0.12463267859714432,
        "kappa_see": 9.417924015913876,
        "kappa_sei": 6.449039871150585,
        "kappa_sie": 0.023097954931840282,
        "kappa_sii": 2.8412363389956607,
        "sigma_se": 0.06572510601463945,
        "sigma_si": 0.08735413138321653,
        "taue": 15.519309496397849,
        "taui": 19.036185757197337,
        "tauxe": 47.7052114992941,
        "tauxi": 28.671989932865635,
        "vsyn_ee": 10.531183859156261,
        "vsyn_ei": 13.817529681175463,
        "vsyn_ie": -76.51839078610047,
        "vsyn_ii": -23.563440123512734
    },
    "timestamp": 1746275067
}