{
    "fitness": 62.08233434242301,
    "generation": 0,
    "parameters": {
        "alphaee": 0.6795089231478345,
        "alphaei": 0.5477932702913558,
        "alphaie": 0.9475845011376602,
        "alphaii": 0.9021514751989061,
        "deltae": 0.2760863508924075,
        "deltai": 0.5892315549828882,
        "eta0e": 4.296911847358455,
        "eta0i": 4.552699876767733,
        "kappa_gapee": 0.06838065745733266,
        "kappa_gapei": 0.34898368746594377,
        "kappa_gapii": 0.6723823626278665,
        "kappa_see": 7.175054032604436,
        "kappa_sei": 7.513191790621103,
        "kappa_sie": 0.3047489323083152,
        "kappa_sii": 5.4981164854384055,
        "sigma_se": 0.04820442840222016,
        "sigma_si": 0.053108659012577705,
        "taue": 10.032151327649789,
        "taui": 11.213161360813835,
        "tauxe": 61.170062029308866,
        "tauxi": 23.398799747151017,
        "vsyn_ee": 14.47803679993001,
        "vsyn_ei": 10.964179977101363,
        "vsyn_ie": -95.43518873409616,
        "vsyn_ii": -9.62333110233648
    },
    "timestamp": 1746275706
}