{
    "fitness": 62.58773696042807,
    "generation": 0,
    "parameters": {
        "alphaee": 0.2959905712135455,
        "alphaei": 0.08310201183233125,
        "alphaie": 0.4195687491082951,
        "alphaii": 0.9989116648762919,
        "deltae": 0.2849936980251362,
        "deltai": 0.46110828317713837,
        "eta0e": 2.297908678119138,
        "eta0i": 4.021850319720298,
        "kappa_gapee": 0.05017843323861457,
        "kappa_gapei": 0.4956466460342629,
        "kappa_gapii": 0.61625404935884,
        "kappa_see": 1.0780008683361773,
        "kappa_sei": 6.449039871150585,
        "kappa_sie": 3.882643119368531,
        "kappa_sii": 0.17035025487226796,
        "sigma_se": 0.08641773746246027,
        "sigma_si": 0.09362943619854872,
        "taue": 15.519309496397849,
        "taui": 19.192192830555626,
        "tauxe": 41.74962276263436,
        "tauxi": 28.73437931396914,
        "vsyn_ee": 7.765189871495194,
        "vsyn_ei": 11.902754474676259,
        "vsyn_ie": -30.937228798889542,
        "vsyn_ii": -33.5132197619441
    },
    "timestamp": 1746275304
}