{
    "fitness": 116.01332647455811,
    "generation": 0,
    "parameters": {
        "alphaee": 0.278253348367364,
        "alphaei": 0.24714378509332555,
        "alphaie": 0.4195687491082951,
        "alphaii": 0.9989116648762919,
        "deltae": 0.2849936980251362,
        "deltai": 0.46110828317713837,
        "eta0e": 2.297908678119138,
        "eta0i": 4.193105743590023,
        "kappa_gapee": 0.05017843323861457,
        "kappa_gapei": 0.4956466460342629,
        "kappa_gapii": 0.10220102893685919,
        "kappa_see": 4.002113670923271,
        "kappa_sei": 6.449039871150585,
        "kappa_sie": 7.662702276830202,
        "kappa_sii": 0.3219412159125715,
        "sigma_se": 0.08641773746246027,
        "sigma_si": 0.039058510997416154,
        "taue": 15.519309496397849,
        "taui": 19.435037066318024,
        "tauxe": 98.19897176925426,
        "tauxi": 53.19948720707339,
        "vsyn_ee": 7.765189871495194,
        "vsyn_ei": 12.01340343669313,
        "vsyn_ie": -31.1771732798138,
        "vsyn_ii": -81.6975681162117
    },
    "timestamp": 1746275671
}