{
    "fitness": 51.491173747622334,
    "generation": 0,
    "parameters": {
        "alphaee": 0.7274504177300958,
        "alphaei": 0.203434556626353,
        "alphaie": 0.3422536080407611,
        "alphaii": 0.7337271208192555,
        "deltae": 0.19245444686288649,
        "deltai": 0.40075911232710815,
        "eta0e": 2.2311679418654222,
        "eta0i": 2.8549470020412486,
        "kappa_gapee": 0.01728045923613177,
        "kappa_gapei": 0.09031279006645877,
        "kappa_gapii": 0.4843847376272059,
        "kappa_see": 5.968479782666004,
        "kappa_sei": 3.2399830158895404,
        "kappa_sie": 0.11380124537022877,
        "kappa_sii": 6.194079091719036,
        "sigma_se": 0.03238236085922577,
        "sigma_si": 0.07496455667284464,
        "taue": 12.792712756955206,
        "taui": 16.94635153025044,
        "tauxe": 81.15820032445183,
        "tauxi": 70.10073895963237,
        "vsyn_ee": 4.901909661122068,
        "vsyn_ei": 18.392571805756443,
        "vsyn_ie": -95.46480407360804,
        "vsyn_ii": -76.64963372530627
    },
    "timestamp": 1746275871
}