{
    "fitness": 50.226901890742496,
    "generation": 0,
    "parameters": {
        "alphaee": 0.9821397527561258,
        "alphaei": 0.14915652182595693,
        "alphaie": 0.8765631472153387,
        "alphaii": 0.22483730083674808,
        "deltae": 0.06889706477074253,
        "deltai": 0.28861512198258826,
        "eta0e": 0.5091468627861115,
        "eta0i": 4.474463178356717,
        "kappa_gapee": 0.12464166448463299,
        "kappa_gapei": 0.29391184612519633,
        "kappa_gapii": 0.7612923856244588,
        "kappa_see": 9.416565490488278,
        "kappa_sei": 2.834834896006991,
        "kappa_sie": 6.9688580839186525,
        "kappa_sii": 8.793984472410495,
        "sigma_se": 0.05299957646474817,
        "sigma_si": 0.017557317307666943,
        "taue": 24.740562098104096,
        "taui": 23.48968993853613,
        "tauxe": 55.09361437630596,
        "tauxi": 50.6173397923518,
        "vsyn_ee": 17.652831246666548,
        "vsyn_ei": 19.348431042705382,
        "vsyn_ie": -65.7172481448728,
        "vsyn_ii": -95.12123457711797
    },
    "timestamp": 1746275931
}