{
    "fitness": 48.95698009748433,
    "generation": 0,
    "parameters": {
        "alphaee": 0.793584208786106,
        "alphaei": 0.08310201183233125,
        "alphaie": 0.4195687491082951,
        "alphaii": 0.9989116648762919,
        "deltae": 0.13015806972304678,
        "deltai": 0.5635681151694439,
        "eta0e": 0.7045320266633193,
        "eta0i": 0.24346614338545955,
        "kappa_gapee": 0.15292259367294675,
        "kappa_gapei": 0.38806124644023093,
        "kappa_gapii": 0.5523242674914834,
        "kappa_see": 7.282205928726163,
        "kappa_sei": 8.566638415585498,
        "kappa_sie": 3.882643119368531,
        "kappa_sii": 0.46618323374388293,
        "sigma_se": 0.06572510601463945,
        "sigma_si": 0.09874504435076333,
        "taue": 13.261941683760952,
        "taui": 17.741526345493938,
        "tauxe": 69.26823291061386,
        "tauxi": 41.478854085898746,
        "vsyn_ee": 12.053783764156556,
        "vsyn_ei": 15.51873505894248,
        "vsyn_ie": -56.339644191636246,
        "vsyn_ii": -81.6975681162117
    },
    "timestamp": 1746275376
}