{
    "fitness": 127.44943383135009,
    "generation": 0,
    "parameters": {
        "alphaee": 0.793584208786106,
        "alphaei": 0.5514306139651574,
        "alphaie": 0.38530824372598477,
        "alphaii": 0.170099193518327,
        "deltae": 0.39652105152755013,
        "deltai": 0.5635681151694439,
        "eta0e": 2.156617527551288,
        "eta0i": 0.24346614338545955,
        "kappa_gapee": 0.09107008843453238,
        "kappa_gapei": 0.4566644983295888,
        "kappa_gapii": 0.5523242674914834,
        "kappa_see": 1.0780008683361773,
        "kappa_sei": 8.566638415585498,
        "kappa_sie": 5.279879069012511,
        "kappa_sii": 9.004536317902419,
        "sigma_se": 0.09109506557145501,
        "sigma_si": 0.09362943619854872,
        "taue": 13.48065725916537,
        "taui": 9.184525264177095,
        "tauxe": 69.26823291061386,
        "tauxi": 79.28423343493968,
        "vsyn_ee": 18.85817962391173,
        "vsyn_ei": 10.620780018350139,
        "vsyn_ie": -56.3558699926676,
        "vsyn_ii": -5.128771725193232
    },
    "timestamp": 1746275020
}