{
    "fitness": 47.14330941668539,
    "generation": 0,
    "parameters": {
        "alphaee": 0.278253348367364,
        "alphaei": 0.08310201183233125,
        "alphaie": 0.4195687491082951,
        "alphaii": 1.0,
        "deltae": 0.29620995593975064,
        "deltai": 0.5159937080113224,
        "eta0e": 1.375091669915201,
        "eta0i": 4.0222874615376325,
        "kappa_gapee": 0.05017843323861457,
        "kappa_gapei": 0.38806124644023093,
        "kappa_gapii": 0.12463267859714432,
        "kappa_see": 7.282205928726163,
        "kappa_sei": 8.566638415585498,
        "kappa_sie": 7.662702276830202,
        "kappa_sii": 2.575880293636608,
        "sigma_se": 0.09109506557145501,
        "sigma_si": 0.1,
        "taue": 15.519309496397849,
        "taui": 19.192192830555626,
        "tauxe": 98.19897176925426,
        "tauxi": 53.19948720707339,
        "vsyn_ee": 19.05888734702373,
        "vsyn_ei": 14.48724648400051,
        "vsyn_ie": -89.40618665099603,
        "vsyn_ii": -33.64184798177004
    },
    "timestamp": 1746275600
}