{
    "fitness": 51.00736087315999,
    "generation": 0,
    "parameters": {
        "alphaee": 0.2959905712135455,
        "alphaei": 0.24714378509332555,
        "alphaie": 0.4195687491082951,
        "alphaii": 0.9989116648762919,
        "deltae": 0.29620995593975064,
        "deltai": 0.5159937080113224,
        "eta0e": 2.297908678119138,
        "eta0i": 3.9905797302695305,
        "kappa_gapee": 0.2,
        "kappa_gapei": 0.34370685403893836,
        "kappa_gapii": 0.10220102893685919,
        "kappa_see": 1.0780008683361773,
        "kappa_sei": 8.566638415585498,
        "kappa_sie": 3.882643119368531,
        "kappa_sii": 0.3219412159125715,
        "sigma_se": 0.1,
        "sigma_si": 0.09362943619854872,
        "taue": 13.261941683760952,
        "taui": 17.72970313832975,
        "tauxe": 41.74962276263436,
        "tauxi": 53.19948720707339,
        "vsyn_ee": 18.844914363809306,
        "vsyn_ei": 15.709782764340039,
        "vsyn_ie": -10.783820625601123,
        "vsyn_ii": -81.6975681162117
    },
    "timestamp": 1746274996
}