{
    "fitness": 48.25026426694357,
    "generation": 0,
    "parameters": {
        "alphaee": 0.278253348367364,
        "alphaei": 0.08310201183233125,
        "alphaie": 0.23840817380117313,
        "alphaii": 0.9989116648762919,
        "deltae": 0.05,
        "deltai": 0.46110828317713837,
        "eta0e": 2.297908678119138,
        "eta0i": 4.021850319720298,
        "kappa_gapee": 0.15292259367294675,
        "kappa_gapei": 0.4566644983295888,
        "kappa_gapii": 0.61625404935884,
        "kappa_see": 3.8673891762485146,
        "kappa_sei": 6.449039871150585,
        "kappa_sie": 7.662702276830202,
        "kappa_sii": 2.8412363389956607,
        "sigma_se": 0.08641773746246027,
        "sigma_si": 0.039058510997416154,
        "taue": 13.261941683760952,
        "taui": 19.192192830555626,
        "tauxe": 98.16903901322914,
        "tauxi": 28.73437931396914,
        "vsyn_ee": 19.05888734702373,
        "vsyn_ei": 15.51873505894248,
        "vsyn_ie": -10.783820625601123,
        "vsyn_ii": -81.6975681162117
    },
    "timestamp": 1746275682
}