{
    "fitness": 100.95607510046453,
    "generation": 0,
    "parameters": {
        "alphaee": 0.9314356574833751,
        "alphaei": 0.42047146705040644,
        "alphaie": 0.9050301566799206,
        "alphaii": 0.55849935057137,
        "deltae": 0.18681383419535735,
        "deltai": 0.4921346296691868,
        "eta0e": 0.23838550775386266,
        "eta0i": 0.2650424251640571,
        "kappa_gapee": 0.16929233140566463,
        "kappa_gapei": 0.2939226316738412,
        "kappa_gapii": 0.5718719685714894,
        "kappa_see": 4.399962031819219,
        "kappa_sei": 7.429996721292365,
        "kappa_sie": 9.645079674546603,
        "kappa_sii": 4.820465889269948,
        "sigma_se": 0.060283204478116234,
        "sigma_si": 0.09932963987941577,
        "taue": 22.813888709203564,
        "taui": 5.180733217658487,
        "tauxe": 37.08110582134903,
        "tauxi": 87.55491859239666,
        "vsyn_ee": 10.34160856122406,
        "vsyn_ei": 17.972901805555654,
        "vsyn_ie": -31.872830964955455,
        "vsyn_ii": -81.39854633155296
    },
    "timestamp": 1746275800
}