{
    "fitness": 73.84849796309327,
    "generation": 0,
    "parameters": {
        "alphaee": 0.278253348367364,
        "alphaei": 0.08310201183233125,
        "alphaie": 0.1871752717112111,
        "alphaii": 0.5530277249413473,
        "deltae": 0.40417143348262835,
        "deltai": 0.46110828317713837,
        "eta0e": 1.1704954425290182,
        "eta0i": 4.867742767332486,
        "kappa_gapee": 0.11236499112222641,
        "kappa_gapei": 0.0716532773908472,
        "kappa_gapii": 0.2488148209688936,
        "kappa_see": 7.38295057801591,
        "kappa_sei": 3.761899286400282,
        "kappa_sie": 7.662702276830202,
        "kappa_sii": 3.755373120111965,
        "sigma_se": 0.024478550802112017,
        "sigma_si": 0.039058510997416154,
        "taue": 21.922924808931725,
        "taui": 5.8819582274117055,
        "tauxe": 31.11963142583467,
        "tauxi": 55.058301940320234,
        "vsyn_ee": 7.765189871495194,
        "vsyn_ei": 14.48724648400051,
        "vsyn_ie": -89.40618665099603,
        "vsyn_ii": -33.64184798177004
    },
    "timestamp": 1746275079
}