{
    "fitness": 96.2171268739529,
    "generation": 0,
    "parameters": {
        "alphaee": 0.2959905712135455,
        "alphaei": 0.24714378509332555,
        "alphaie": 0.739587480112186,
        "alphaii": 0.9989116648762919,
        "deltae": 0.29620995593975064,
        "deltai": 0.5635681151694439,
        "eta0e": 2.297908678119138,
        "eta0i": 0.24346614338545955,
        "kappa_gapee": 0.2,
        "kappa_gapei": 0.4566644983295888,
        "kappa_gapii": 0.10220102893685919,
        "kappa_see": 1.0780008683361773,
        "kappa_sei": 8.566638415585498,
        "kappa_sie": 3.9751460289859284,
        "kappa_sii": 8.99396637255965,
        "sigma_se": 0.06724993521136456,
        "sigma_si": 0.0852425744926826,
        "taue": 15.319233814194392,
        "taui": 9.62563429493678,
        "tauxe": 98.19897176925426,
        "tauxi": 41.478854085898746,
        "vsyn_ee": 12.053783764156556,
        "vsyn_ei": 15.51873505894248,
        "vsyn_ie": -10.783820625601123,
        "vsyn_ii": -21.58225759664211
    },
    "timestamp": 1746275482
}