{
    "fitness": 54.7233551418254,
    "generation": 0,
    "parameters": {
        "alphaee": 0.14673228457837256,
        "alphaei": 0.11738723285126887,
        "alphaie": 0.9383363157220378,
        "alphaii": 0.21911000743152892,
        "deltae": 0.5421443973837576,
        "deltai": 0.3205887319196889,
        "eta0e": 3.958797581765437,
        "eta0i": 4.434670432954974,
        "kappa_gapee": 0.19125563833613524,
        "kappa_gapei": 0.4884195638767879,
        "kappa_gapii": 0.77577145780438,
        "kappa_see": 2.762584873749632,
        "kappa_sei": 0.8784564022320005,
        "kappa_sie": 4.413527079747607,
        "kappa_sii": 7.704080813035904,
        "sigma_se": 0.06270452328058941,
        "sigma_si": 0.030693913295463157,
        "taue": 13.779592861051523,
        "taui": 5.3417449316386865,
        "tauxe": 51.48986089170096,
        "tauxi": 52.119835144008086,
        "vsyn_ee": 13.415254757228135,
        "vsyn_ei": 1.4361513347847883,
        "vsyn_ie": -52.71704713528662,
        "vsyn_ii": -52.69373393834477
    },
    "timestamp": 1746275848
}