{
    "fitness": 48.916466477645315,
    "generation": 0,
    "parameters": {
        "alphaee": 0.1459523452690498,
        "alphaei": 0.24714378509332555,
        "alphaie": 0.23840817380117313,
        "alphaii": 0.7905509760497897,
        "deltae": 0.29620995593975064,
        "deltai": 0.6,
        "eta0e": 2.297908678119138,
        "eta0i": 4.043274764681694,
        "kappa_gapee": 0.0,
        "kappa_gapei": 0.5,
        "kappa_gapii": 0.61625404935884,
        "kappa_see": 3.8673891762485146,
        "kappa_sei": 6.449039871150585,
        "kappa_sie": 6.6667035440596045,
        "kappa_sii": 0.035622878623270376,
        "sigma_se": 0.08641773746246027,
        "sigma_si": 0.1,
        "taue": 13.299137236090967,
        "taui": 17.741526345493938,
        "tauxe": 98.19897176925426,
        "tauxi": 53.19948720707339,
        "vsyn_ee": 19.05888734702373,
        "vsyn_ei": 15.558555992957395,
        "vsyn_ie": -31.1771732798138,
        "vsyn_ii": -81.6975681162117
    },
    "timestamp": 1746274938
}