{
    "fitness": 91.85992725882647,
    "generation": 0,
    "parameters": {
        "alphaee": 0.9069800812179065,
        "alphaei": 0.9744811943580206,
        "alphaie": 0.05450625376528304,
        "alphaii": 0.6040228593675675,
        "deltae": 0.553930029277369,
        "deltai": 0.4075754687405018,
        "eta0e": 4.831210086679355,
        "eta0i": 3.7777661195364525,
        "kappa_gapee": 0.1759093053104424,
        "kappa_gapei": 0.21495527874561215,
        "kappa_gapii": 0.6480776352572786,
        "kappa_see": 7.487801837324652,
        "kappa_sei": 7.216253221303126,
        "kappa_sie": 0.6973266665216219,
        "kappa_sii": 5.800568299742784,
        "sigma_se": 0.04596971575819115,
        "sigma_si": 0.0655784525591116,
        "taue": 8.421676042826935,
        "taui": 12.494700012016098,
        "tauxe": 77.0056820365711,
        "tauxi": 20.643347538673428,
        "vsyn_ee": 1.0404620305161265,
        "vsyn_ei": 5.969433203933209,
        "vsyn_ie": -12.653229441428081,
        "vsyn_ii": -66.43550833713067
    },
    "timestamp": 1746275776
}