{
    "fitness": 87.4272855560806,
    "generation": 0,
    "parameters": {
        "alphaee": 0.5370788769755425,
        "alphaei": 0.2630098188078808,
        "alphaie": 0.031722090250422934,
        "alphaii": 0.5356559302904645,
        "deltae": 0.5757404880097123,
        "deltai": 0.15487714832415037,
        "eta0e": 0.2898567600252349,
        "eta0i": 0.5919564110625593,
        "kappa_gapee": 0.014379449308620718,
        "kappa_gapei": 0.45218866918045986,
        "kappa_gapii": 0.7025417532673424,
        "kappa_see": 5.983878959818809,
        "kappa_sei": 6.0647373385184755,
        "kappa_sie": 6.3093601534214585,
        "kappa_sii": 8.151758850518316,
        "sigma_se": 0.029399945826393666,
        "sigma_si": 0.03085084262889811,
        "taue": 14.694151799805738,
        "taui": 8.806053520199708,
        "tauxe": 71.80589912528076,
        "tauxi": 99.31583718666612,
        "vsyn_ee": 13.85202213247919,
        "vsyn_ei": 15.45416022785646,
        "vsyn_ie": -65.41711654157572,
        "vsyn_ii": -48.68301080958628
    },
    "timestamp": 1746275836
}