{
    "fitness": 48.541826811107796,
    "generation": 0,
    "parameters": {
        "alphaee": 0.278253348367364,
        "alphaei": 0.5514306139651574,
        "alphaie": 0.38530824372598477,
        "alphaii": 0.8462292929958949,
        "deltae": 0.08728567345390159,
        "deltai": 0.6,
        "eta0e": 1.375091669915201,
        "eta0i": 2.422453979383975,
        "kappa_gapee": 0.2,
        "kappa_gapei": 0.32582465383771575,
        "kappa_gapii": 0.61625404935884,
        "kappa_see": 3.9088011169610146,
        "kappa_sei": 6.449039871150585,
        "kappa_sie": 5.279879069012511,
        "kappa_sii": 9.004536317902419,
        "sigma_se": 0.08641773746246027,
        "sigma_si": 0.09874504435076333,
        "taue": 8.514639557774967,
        "taui": 9.62563429493678,
        "tauxe": 69.36668741601162,
        "tauxi": 41.478854085898746,
        "vsyn_ee": 19.05888734702373,
        "vsyn_ei": 10.64200555692565,
        "vsyn_ie": -31.1771732798138,
        "vsyn_ii": -81.6975681162117
    },
    "timestamp": 1746275292
}