{
    "fitness": 52.669857053240285,
    "generation": 0,
    "parameters": {
        "alphaee": 0.2959905712135455,
        "alphaei": 0.2997828635989367,
        "alphaie": 0.14753984480757415,
        "alphaii": 0.8462292929958949,
        "deltae": 0.29620995593975064,
        "deltai": 0.5159937080113224,
        "eta0e": 2.297908678119138,
        "eta0i": 4.021850319720298,
        "kappa_gapee": 0.15292259367294675,
        "kappa_gapei": 0.4566644983295888,
        "kappa_gapii": 0.4978383073229951,
        "kappa_see": 3.9088011169610146,
        "kappa_sei": 6.536551640132754,
        "kappa_sie": 3.882643119368531,
        "kappa_sii": 2.8412363389956607,
        "sigma_se": 0.09109506557145501,
        "sigma_si": 0.09362943619854872,
        "taue": 15.519309496397849,
        "taui": 17.741526345493938,
        "tauxe": 26.578726939222186,
        "tauxi": 28.73437931396914,
        "vsyn_ee": 7.807970284980439,
        "vsyn_ei": 14.48724648400051,
        "vsyn_ie": -89.13946922342626,
        "vsyn_ii": -33.64184798177004
    },
    "timestamp": 1746275244
}