{
    "fitness": 90.22415957386814,
    "generation": 0,
    "parameters": {
        "alphaee": 0.793584208786106,
        "alphaei": 0.24714378509332555,
        "alphaie": 0.23840817380117313,
        "alphaii": 0.170099193518327,
        "deltae": 0.39652105152755013,
        "deltai": 0.5635681151694439,
        "eta0e": 0.6923394961150227,
        "eta0i": 0.0,
        "kappa_gapee": 0.09107008843453238,
        "kappa_gapei": 0.5,
        "kappa_gapii": 0.6136706771368213,
        "kappa_see": 5.491567884868426,
        "kappa_sei": 3.541382489763027,
        "kappa_sie": 7.662702276830202,
        "kappa_sii": 0.035622878623270376,
        "sigma_se": 0.061491398623451175,
        "sigma_si": 0.0852425744926826,
        "taue": 15.319233814194392,
        "taui": 17.741526345493938,
        "tauxe": 31.16376365773922,
        "tauxi": 28.56551667071599,
        "vsyn_ee": 11.588472877933073,
        "vsyn_ei": 12.01340343669313,
        "vsyn_ie": -56.339644191636246,
        "vsyn_ii": -5.128771725193232
    },
    "timestamp": 1746275280
}