{
    "fitness": 78.50605921151501,
    "generation": 0,
    "parameters": {
        "alphaee": 0.67593911477194,
        "alphaei": 0.4342726650599929,
        "alphaie": 0.5083416780977686,
        "alphaii": 0.7430911883984047,
        "deltae": 0.12192279112226513,
        "deltai": 0.5361743983503051,
        "eta0e": 3.0199874776365054,
        "eta0i": 3.0049378272099063,
        "kappa_gapee": 0.1638043896211683,
        "kappa_gapei": 0.4507834228624309,
        "kappa_gapii": 0.44126833253544967,
        "kappa_see": 8.781568542418029,
        "kappa_sei": 5.695588313423019,
        "kappa_sie": 4.315833416280231,
        "kappa_sii": 5.006022140760805,
        "sigma_se": 0.028505471008700073,
        "sigma_si": 0.039440934767284795,
        "taue": 8.814738098186961,
        "taui": 11.769459934927752,
        "tauxe": 79.93640289370452,
        "tauxi": 28.478456191285026,
        "vsyn_ee": 6.324248703459083,
        "vsyn_ei": 3.641726288493587,
        "vsyn_ie": -27.100679248067067,
        "vsyn_ii": -14.329678313263727
    },
    "timestamp": 1746275920
}