{
    "fitness": 48.77247170717291,
    "generation": 0,
    "parameters": {
        "alphaee": 0.278253348367364,
        "alphaei": 0.08310201183233125,
        "alphaie": 0.739587480112186,
        "alphaii": 0.170099193518327,
        "deltae": 0.29620995593975064,
        "deltai": 0.6,
        "eta0e": 0.7045320266633193,
        "eta0i": 2.422453979383975,
        "kappa_gapee": 0.15818251566691813,
        "kappa_gapei": 0.5,
        "kappa_gapii": 0.5523242674914834,
        "kappa_see": 7.282205928726163,
        "kappa_sei": 6.449039871150585,
        "kappa_sie": 5.279879069012511,
        "kappa_sii": 0.18191729584948474,
        "sigma_se": 0.0992053855089591,
        "sigma_si": 0.0852425744926826,
        "taue": 15.319233814194392,
        "taui": 17.741526345493938,
        "tauxe": 69.26823291061386,
        "tauxi": 28.73437931396914,
        "vsyn_ee": 19.05888734702373,
        "vsyn_ei": 12.01340343669313,
        "vsyn_ie": -31.19808194523314,
        "vsyn_ii": -21.58225759664211
    },
    "timestamp": 1746275268
}