{
    "fitness": 70.08006802393969,
    "generation": 0,
    "parameters": {
        "alphaee": 0.6412250365391114,
        "alphaei": 0.8119346934280954,
        "alphaie": 0.27218944932296796,
        "alphaii": 0.539991165224964,
        "deltae": 0.5481616682613477,
        "deltai": 0.503020332227827,
        "eta0e": 4.853717384545494,
        "eta0i": 2.4664956149572665,
        "kappa_gapee": 0.046527757997832396,
        "kappa_gapei": 0.4533513045480045,
        "kappa_gapii": 0.2162501694427772,
        "kappa_see": 8.96005791024186,
        "kappa_sei": 1.1649904789184828,
        "kappa_sie": 2.0783553475983174,
        "kappa_sii": 5.810687139906084,
        "sigma_se": 0.0376227581363259,
        "sigma_si": 0.02922010923603783,
        "taue": 11.163642888130873,
        "taui": 10.273719669426853,
        "tauxe": 48.43067268012513,
        "tauxi": 78.83159695224818,
        "vsyn_ee": 14.283215785581113,
        "vsyn_ei": 17.24896349012183,
        "vsyn_ie": -92.98809438294484,
        "vsyn_ii": -54.85238504699732
    },
    "timestamp": 1746275895
}