{
    "fitness": 99.9662186613615,
    "generation": 0,
    "parameters": {
        "alphaee": 0.5131063179339388,
        "alphaei": 0.24714378509332555,
        "alphaie": 0.38530824372598477,
        "alphaii": 0.9989116648762919,
        "deltae": 0.39652105152755013,
        "deltai": 0.5635681151694439,
        "eta0e": 0.6923394961150227,
        "eta0i": 4.193105743590023,
        "kappa_gapee": 0.15292259367294675,
        "kappa_gapei": 0.32582465383771575,
        "kappa_gapii": 0.5523242674914834,
        "kappa_see": 1.0780008683361773,
        "kappa_sei": 8.798236331741109,
        "kappa_sie": 5.279879069012511,
        "kappa_sii": 0.17035025487226796,
        "sigma_se": 0.061491398623451175,
        "sigma_si": 0.09874504435076333,
        "taue": 15.319233814194392,
        "taui": 9.62563429493678,
        "tauxe": 69.26823291061386,
        "tauxi": 41.478854085898746,
        "vsyn_ee": 18.984335585565866,
        "vsyn_ei": 15.6118174098316,
        "vsyn_ie": -10.783820625601123,
        "vsyn_ii": -81.71213362558596
    },
    "timestamp": 1746275162
}