{
    "fitness": 51.7324331890569,
    "generation": 0,
    "parameters": {
        "alphaee": 0.43814790208584414,
        "alphaei": 0.978611589475709,
        "alphaie": 0.3577905678256851,
        "alphaii": 0.5347884888359185,
        "deltae": 0.4118350834276262,
        "deltai": 0.48322434817776483,
        "eta0e": 1.4682626085997608,
        "eta0i": 1.6558671140822525,
        "kappa_gapee": 0.01633976055894079,
        "kappa_gapei": 0.43072788410101426,
        "kappa_gapii": 0.22880620824241815,
        "kappa_see": 8.643255341040511,
        "kappa_sei": 4.943116641772591,
        "kappa_sie": 8.335647606734252,
        "kappa_sii": 8.81185043059256,
        "sigma_se": 0.0413651630943346,
        "sigma_si": 0.05974252935252925,
        "taue": 16.899527840556615,
        "taui": 9.535238441316096,
        "tauxe": 98.94712859401052,
        "tauxi": 36.0690593607717,
        "vsyn_ee": 1.6553722145317762,
        "vsyn_ei": 17.821716839505992,
        "vsyn_ie": -98.74077118827066,
        "vsyn_ii": -8.78725563437439
    },
    "timestamp": 1746275907
}