{
    "fitness": 175.28697586933254,
    "generation": 0,
    "parameters": {
        "alphaee": 0.8704428463464127,
        "alphaei": 0.16695250706024944,
        "alphaie": 0.14753984480757415,
        "alphaii": 0.170099193518327,
        "deltae": 0.1258173679116062,
        "deltai": 0.46110828317713837,
        "eta0e": 1.375091669915201,
        "eta0i": 4.021850319720298,
        "kappa_gapee": 0.05017843323861457,
        "kappa_gapei": 0.4956466460342629,
        "kappa_gapii": 0.4978383073229951,
        "kappa_see": 3.9088011169610146,
        "kappa_sei": 6.449039871150585,
        "kappa_sie": 7.662702276830202,
        "kappa_sii": 3.0490374252732195,
        "sigma_se": 0.08641773746246027,
        "sigma_si": 0.039058510997416154,
        "taue": 15.519309496397849,
        "taui": 19.192192830555626,
        "tauxe": 26.578726939222186,
        "tauxi": 28.671989932865635,
        "vsyn_ee": 7.807970284980439,
        "vsyn_ei": 14.48724648400051,
        "vsyn_ie": -89.40618665099603,
        "vsyn_ii": -33.64184798177004
    },
    "timestamp": 1746275149
}