{
    "fitness": 61.02799681526485,
    "generation": 0,
    "parameters": {
        "alphaee": 0.278253348367364,
        "alphaei": 0.24714378509332555,
        "alphaie": 0.5798564454926628,
        "alphaii": 0.9989116648762919,
        "deltae": 0.1258173679116062,
        "deltai": 0.5159937080113224,
        "eta0e": 2.297908678119138,
        "eta0i": 0.24346614338545955,
        "kappa_gapee": 0.15292259367294675,
        "kappa_gapei": 0.4566644983295888,
        "kappa_gapii": 0.12463267859714432,
        "kappa_see": 7.282205928726163,
        "kappa_sei": 6.449039871150585,
        "kappa_sie": 3.882643119368531,
        "kappa_sii": 2.8412363389956607,
        "sigma_se": 0.06572510601463945,
        "sigma_si": 0.09362943619854872,
        "taue": 15.391684716961901,
        "taui": 17.741526345493938,
        "tauxe": 31.16376365773922,
        "tauxi": 79.28423343493968,
        "vsyn_ee": 18.984335585565866,
        "vsyn_ei": 14.48724648400051,
        "vsyn_ie": -10.783820625601123,
        "vsyn_ii": -81.6975681162117
    },
    "timestamp": 1746275340
}