{
    "fitness": 48.40974233702442,
    "generation": 0,
    "parameters": {
        "alphaee": 0.26712096420651793,
        "alphaei": 0.24714378509332555,
        "alphaie": 0.4195687491082951,
        "alphaii": 0.9989116648762919,
        "deltae": 0.2934449678986483,
        "deltai": 0.5635681151694439,
        "eta0e": 0.6923394961150227,
        "eta0i": 0.24346614338545955,
        "kappa_gapee": 0.09107008843453238,
        "kappa_gapei": 0.3290589153711058,
        "kappa_gapii": 0.10220102893685919,
        "kappa_see": 5.298904813294856,
        "kappa_sei": 3.541382489763027,
        "kappa_sie": 3.882643119368531,
        "kappa_sii": 0.17035025487226796,
        "sigma_se": 0.061491398623451175,
        "sigma_si": 0.09874504435076333,
        "taue": 15.319233814194392,
        "taui": 9.62563429493678,
        "tauxe": 69.26823291061386,
        "tauxi": 41.478854085898746,
        "vsyn_ee": 11.37654167825189,
        "vsyn_ei": 10.620780018350139,
        "vsyn_ie": -10.783820625601123,
        "vsyn_ii": -5.128771725193232
    },
    "timestamp": 1746275364
}