{
    "fitness": 47.87423145950226,
    "generation": 0,
    "parameters": {
        "alphaee": 0.2959905712135455,
        "alphaei": 0.08310201183233125,
        "alphaie": 0.23840817380117313,
        "alphaii": 0.8462292929958949,
        "deltae": 0.29620995593975064,
        "deltai": 0.5159937080113224,
        "eta0e": 1.375091669915201,
        "eta0i": 4.021850319720298,
        "kappa_gapee": 0.2,
        "kappa_gapei": 0.4566644983295888,
        "kappa_gapii": 0.61625404935884,
        "kappa_see": 1.0780008683361773,
        "kappa_sei": 8.566638415585498,
        "kappa_sie": 3.839285273931462,
        "kappa_sii": 3.050970923867351,
        "sigma_se": 0.06724993521136456,
        "sigma_si": 0.0852425744926826,
        "taue": 8.514639557774967,
        "taui": 17.741526345493938,
        "tauxe": 31.16376365773922,
        "tauxi": 28.837221573525667,
        "vsyn_ee": 19.05888734702373,
        "vsyn_ei": 15.51873505894248,
        "vsyn_ie": -10.783820625601123,
        "vsyn_ii": -33.45825478207998
    },
    "timestamp": 1746275659
}