{
    "fitness": 62.49961024281873,
    "generation": 0,
    "parameters": {
        "alphaee": 0.9276567001523963,
        "alphaei": 0.05259644072900218,
        "alphaie": 0.1871752717112111,
        "alphaii": 0.9989116648762919,
        "deltae": 0.29620995593975064,
        "deltai": 0.4187165357609228,
        "eta0e": 1.5964314104534505,
        "eta0i": 4.193105743590023,
        "kappa_gapee": 0.2,
        "kappa_gapei": 0.4566644983295888,
        "kappa_gapii": 0.2488148209688936,
        "kappa_see": 9.417924015913876,
        "kappa_sei": 8.566638415585498,
        "kappa_sie": 3.8438753764192257,
        "kappa_sii": 0.3219412159125715,
        "sigma_se": 0.06724993521136456,
        "sigma_si": 0.08735413138321653,
        "taue": 8.514639557774967,
        "taui": 5.8819582274117055,
        "tauxe": 98.19897176925426,
        "tauxi": 53.19948720707339,
        "vsyn_ee": 10.531183859156261,
        "vsyn_ei": 15.576771274908717,
        "vsyn_ie": -10.814125139420375,
        "vsyn_ii": -23.563440123512734
    },
    "timestamp": 1746274973
}