{
    "fitness": 122.13760618369591,
    "generation": 0,
    "parameters": {
        "alphaee": 0.5429614821947931,
        "alphaei": 0.9812196461330146,
        "alphaie": 0.5955962698575211,
        "alphaii": 0.8518190441842663,
        "deltae": 0.23172591922207908,
        "deltai": 0.42626330163338677,
        "eta0e": 1.034943861955734,
        "eta0i": 4.406695078684003,
        "kappa_gapee": 0.18464719406325122,
        "kappa_gapei": 0.4142364307342319,
        "kappa_gapii": 0.21073653907811432,
        "kappa_see": 7.041323630322441,
        "kappa_sei": 2.642259681693078,
        "kappa_sie": 4.362161340662014,
        "kappa_sii": 9.7864923139146,
        "sigma_se": 0.02964884958750444,
        "sigma_si": 0.07408313579757532,
        "taue": 5.482602822388376,
        "taui": 23.793782682512145,
        "tauxe": 70.16705044652295,
        "tauxi": 89.97739477260674,
        "vsyn_ee": 16.089606436953073,
        "vsyn_ei": 11.960249277472219,
        "vsyn_ie": -64.33843216438909,
        "vsyn_ii": -19.562880075545834
    },
    "timestamp": 1746275753
}