{
    "fitness": 102.48358831881328,
    "generation": 0,
    "parameters": {
        "alphaee": 0.31602243258812185,
        "alphaei": 0.4409883835233922,
        "alphaie": 0.6804873008237391,
        "alphaii": 0.24371675630630152,
        "deltae": 0.433060513601254,
        "deltai": 0.10455641975814578,
        "eta0e": 3.8934458089135693,
        "eta0i": 1.1527567905173504,
        "kappa_gapee": 0.07352296831865802,
        "kappa_gapei": 0.2983195494430824,
        "kappa_gapii": 0.5769792595777242,
        "kappa_see": 8.013301978874052,
        "kappa_sei": 6.288554971957654,
        "kappa_sie": 2.2212459447239326,
        "kappa_sii": 0.4246072343359778,
        "sigma_se": 0.09792529377290829,
        "sigma_si": 0.05400706081722956,
        "taue": 19.701380567954736,
        "taui": 23.526814715409174,
        "tauxe": 97.03084713857777,
        "tauxi": 48.59749445967422,
        "vsyn_ee": 2.823257461913839,
        "vsyn_ei": 9.57154432693142,
        "vsyn_ie": -97.12153945560951,
        "vsyn_ii": -90.38934734206458
    },
    "timestamp": 1746275717
}