{
    "fitness": 49.218475325189836,
    "generation": 0,
    "parameters": {
        "alphaee": 0.278253348367364,
        "alphaei": 0.2997828635989367,
        "alphaie": 0.14753984480757415,
        "alphaii": 0.8462292929958949,
        "deltae": 0.5111850919673452,
        "deltai": 0.46110828317713837,
        "eta0e": 1.375091669915201,
        "eta0i": 0.24346614338545955,
        "kappa_gapee": 0.05017843323861457,
        "kappa_gapei": 0.38806124644023093,
        "kappa_gapii": 0.12463267859714432,
        "kappa_see": 7.860947078774308,
        "kappa_sei": 6.536551640132754,
        "kappa_sie": 7.662702276830202,
        "kappa_sii": 2.8412363389956607,
        "sigma_se": 0.06572510601463945,
        "sigma_si": 0.01,
        "taue": 15.519309496397849,
        "taui": 19.192192830555626,
        "tauxe": 31.16376365773922,
        "tauxi": 28.73437931396914,
        "vsyn_ee": 7.765189871495194,
        "vsyn_ei": 14.48724648400051,
        "vsyn_ie": -89.40618665099603,
        "vsyn_ii": -33.64184798177004
    },
    "timestamp": 1746275138
}