{
    "fitness": 49.2581188768301,
    "generation": 0,
    "parameters": {
        "alphaee": 0.2959905712135455,
        "alphaei": 0.17646108555968598,
        "alphaie": 0.4195687491082951,
        "alphaii": 0.9989116648762919,
        "deltae": 0.3832613229951629,
        "deltai": 0.5159937080113224,
        "eta0e": 0.6923394961150227,
        "eta0i": 4.107076061666234,
        "kappa_gapee": 0.15292259367294675,
        "kappa_gapei": 0.32582465383771575,
        "kappa_gapii": 0.10220102893685919,
        "kappa_see": 5.40415035084021,
        "kappa_sei": 3.5442738345132825,
        "kappa_sie": 3.882643119368531,
        "kappa_sii": 0.17035025487226796,
        "sigma_se": 0.061491398623451175,
        "sigma_si": 0.08623241285301234,
        "taue": 15.319233814194392,
        "taui": 17.741526345493938,
        "tauxe": 41.74962276263436,
        "tauxi": 41.478854085898746,
        "vsyn_ee": 11.588472877933073,
        "vsyn_ei": 15.51873505894248,
        "vsyn_ie": -10.783820625601123,
        "vsyn_ii": -81.6975681162117
    },
    "timestamp": 1746275032
}