{
    "fitness": 51.56618589229667,
    "generation": 0,
    "parameters": {
        "alphaee": 0.6368261289712726,
        "alphaei": 0.804229325759097,
        "alphaie": 0.602831911957507,
        "alphaii": 0.7460065058975511,
        "deltae": 0.05666497359996901,
        "deltai": 0.05996274878303699,
        "eta0e": 1.422132062599383,
        "eta0i": 1.112859974233192,
        "kappa_gapee": 0.041974891121660085,
        "kappa_gapei": 0.4772426117004999,
        "kappa_gapii": 0.6211498771975212,
        "kappa_see": 8.672339059316464,
        "kappa_sei": 7.95843514099432,
        "kappa_sie": 3.5967250368191235,
        "kappa_sii": 0.5146400067826568,
        "sigma_se": 0.058298351976414343,
        "sigma_si": 0.07401075175850151,
        "taue": 8.051883028974668,
        "taui": 23.83863087287063,
        "tauxe": 31.711896524644025,
        "tauxi": 81.69527986669547,
        "vsyn_ee": 7.399053768425426,
        "vsyn_ei": 19.936761616292923,
        "vsyn_ie": -40.23724236213752,
        "vsyn_ii": -99.11004090528172
    },
    "timestamp": 1746275859
}