{
    "fitness": 57.39663106083497,
    "generation": 0,
    "parameters": {
        "alphaee": 0.793584208786106,
        "alphaei": 0.08310201183233125,
        "alphaie": 0.4195687491082951,
        "alphaii": 0.170099193518327,
        "deltae": 0.1258173679116062,
        "deltai": 0.5159937080113224,
        "eta0e": 0.7045320266633193,
        "eta0i": 4.193105743590023,
        "kappa_gapee": 0.0,
        "kappa_gapei": 0.38806124644023093,
        "kappa_gapii": 0.7524321818666105,
        "kappa_see": 7.282205928726163,
        "kappa_sei": 6.449039871150585,
        "kappa_sie": 5.279879069012511,
        "kappa_sii": 0.3219412159125715,
        "sigma_se": 0.06572510601463945,
        "sigma_si": 0.09874504435076333,
        "taue": 8.514639557774967,
        "taui": 17.662761032363147,
        "tauxe": 69.26823291061386,
        "tauxi": 53.19948720707339,
        "vsyn_ee": 18.966602676151744,
        "vsyn_ei": 14.48724648400051,
        "vsyn_ie": -56.339644191636246,
        "vsyn_ii": -81.6975681162117
    },
    "timestamp": 1746275470
}