{
    "fitness": 50.00123894746294,
    "generation": 0,
    "parameters": {
        "alphaee": 0.793584208786106,
        "alphaei": 0.5514306139651574,
        "alphaie": 0.4195687491082951,
        "alphaii": 0.170099193518327,
        "deltae": 0.29620995593975064,
        "deltai": 0.5159937080113224,
        "eta0e": 2.297908678119138,
        "eta0i": 0.22450877784200526,
        "kappa_gapee": 0.09107008843453238,
        "kappa_gapei": 0.4566644983295888,
        "kappa_gapii": 0.10220102893685919,
        "kappa_see": 5.40415035084021,
        "kappa_sei": 3.541382489763027,
        "kappa_sie": 3.882643119368531,
        "kappa_sii": 9.004536317902419,
        "sigma_se": 0.09109506557145501,
        "sigma_si": 0.09362943619854872,
        "taue": 13.261941683760952,
        "taui": 17.741526345493938,
        "tauxe": 41.74962276263436,
        "tauxi": 79.28423343493968,
        "vsyn_ee": 11.588472877933073,
        "vsyn_ei": 10.620780018350139,
        "vsyn_ie": -56.339644191636246,
        "vsyn_ii": -5.128771725193232
    },
    "timestamp": 1746275173
}