{
    "fitness": 59.01180847523624,
    "generation": 0,
    "parameters": {
        "alphaee": 1.0,
        "alphaei": 0.5514306139651574,
        "alphaie": 0.14753984480757415,
        "alphaii": 0.8462292929958949,
        "deltae": 0.5111850919673452,
        "deltai": 0.5635681151694439,
        "eta0e": 0.45027659346016413,
        "eta0i": 0.24346614338545955,
        "kappa_gapee": 0.05017843323861457,
        "kappa_gapei": 0.32582465383771575,
        "kappa_gapii": 0.798226691174654,
        "kappa_see": 3.9088011169610146,
        "kappa_sei": 6.536551640132754,
        "kappa_sie": 5.279879069012511,
        "kappa_sii": 2.8412363389956607,
        "sigma_se": 0.08641773746246027,
        "sigma_si": 0.09874504435076333,
        "taue": 15.319233814194392,
        "taui": 9.62563429493678,
        "tauxe": 26.578726939222186,
        "tauxi": 28.52729562857229,
        "vsyn_ee": 7.807970284980439,
        "vsyn_ei": 14.48724648400051,
        "vsyn_ie": -89.40618665099603,
        "vsyn_ii": -33.64184798177004
    },
    "timestamp": 1746275114
}