{
    "fitness": 61.646538765827856,
    "generation": 0,
    "parameters": {
        "alphaee": 0.25907505783827306,
        "alphaei": 0.7955239956915882,
        "alphaie": 0.016213998806782287,
        "alphaii": 0.3485735355551235,
        "deltae": 0.5256156114572768,
        "deltai": 0.153660533820484,
        "eta0e": 3.5571374191159277,
        "eta0i": 4.763053371190903,
        "kappa_gapee": 0.036212878742526454,
        "kappa_gapei": 0.3468502653654279,
        "kappa_gapii": 0.6766879650314122,
        "kappa_see": 4.314170335925209,
        "kappa_sei": 8.528587107226299,
        "kappa_sie": 5.018087304422758,
        "kappa_sii": 3.6680939127315835,
        "sigma_se": 0.06229254384060601,
        "sigma_si": 0.06456337428600621,
        "taue": 24.676932758588,
        "taui": 12.67089903033094,
        "tauxe": 23.988535288322254,
        "tauxi": 72.86098739687205,
        "vsyn_ee": 10.455435025056817,
        "vsyn_ei": 11.073539021131946,
        "vsyn_ie": -63.386823046899515,
        "vsyn_ii": -48.1974713782651
    },
    "timestamp": 1746275729
}