{
    "fitness": 64.83871534187692,
    "generation": 0,
    "parameters": {
        "alphaee": 0.3108371559689908,
        "alphaei": 0.05259644072900218,
        "alphaie": 0.2612388102455834,
        "alphaii": 0.8462292929958949,
        "deltae": 0.29620995593975064,
        "deltai": 0.5909398781784825,
        "eta0e": 1.3320137221045878,
        "eta0i": 2.422453979383975,
        "kappa_gapee": 0.2,
        "kappa_gapei": 0.5,
        "kappa_gapii": 0.6330905922823896,
        "kappa_see": 3.9088011169610146,
        "kappa_sei": 6.449039871150585,
        "kappa_sie": 0.09241452718047174,
        "kappa_sii": 3.755373120111965,
        "sigma_se": 0.08641773746246027,
        "sigma_si": 0.0852425744926826,
        "taue": 8.514639557774967,
        "taui": 5.8819582274117055,
        "tauxe": 31.16376365773922,
        "tauxi": 55.058301940320234,
        "vsyn_ee": 18.724014971256874,
        "vsyn_ei": 13.817529681175463,
        "vsyn_ie": -31.1771732798138,
        "vsyn_ii": -81.6975681162117
    },
    "timestamp": 1746275411
}