{
    "fitness": 60.777379316354505,
    "generation": 0,
    "parameters": {
        "alphaee": 0.278253348367364,
        "alphaei": 0.05259644072900218,
        "alphaie": 0.1871752717112111,
        "alphaii": 0.8462292929958949,
        "deltae": 0.40417143348262835,
        "deltai": 0.4187165357609228,
        "eta0e": 1.375091669915201,
        "eta0i": 4.867742767332486,
        "kappa_gapee": 0.11236499112222641,
        "kappa_gapei": 0.2816798157024706,
        "kappa_gapii": 0.4589688469776425,
        "kappa_see": 3.951899316445837,
        "kappa_sei": 3.761899286400282,
        "kappa_sie": 7.662702276830202,
        "kappa_sii": 3.755373120111965,
        "sigma_se": 0.024478550802112017,
        "sigma_si": 0.0852425744926826,
        "taue": 21.922924808931725,
        "taui": 17.741526345493938,
        "tauxe": 31.16376365773922,
        "tauxi": 28.73437931396914,
        "vsyn_ee": 10.531183859156261,
        "vsyn_ei": 12.01340343669313,
        "vsyn_ie": -31.1771732798138,
        "vsyn_ii": -81.6975681162117
    },
    "timestamp": 1746275517
}