{
    "fitness": 49.84098864840935,
    "generation": 0,
    "parameters": {
        "alphaee": 0.2959905712135455,
        "alphaei": 0.027781311225797134,
        "alphaie": 0.4195687491082951,
        "alphaii": 0.13377970267457695,
        "deltae": 0.29620995593975064,
        "deltai": 0.46110828317713837,
        "eta0e": 1.4379573061873772,
        "eta0i": 4.193105743590023,
        "kappa_gapee": 0.0,
        "kappa_gapei": 0.4566644983295888,
        "kappa_gapii": 0.10220102893685919,
        "kappa_see": 7.282205928726163,
        "kappa_sei": 6.361179083881801,
        "kappa_sie": 3.882643119368531,
        "kappa_sii": 0.3219412159125715,
        "sigma_se": 0.09441149280965938,
        "sigma_si": 0.0852425744926826,
        "taue": 15.64642936886,
        "taui": 17.741526345493938,
        "tauxe": 98.112970161203,
        "tauxi": 53.19948720707339,
        "vsyn_ee": 7.765189871495194,
        "vsyn_ei": 15.51873505894248,
        "vsyn_ie": -10.783820625601123,
        "vsyn_ii": -81.6975681162117
    },
    "timestamp": 1746275056
}