{
    "fitness": 54.19978139226426,
    "generation": 0,
    "parameters": {
        "alphaee": 0.793584208786106,
        "alphaei": 0.24773967444414674,
        "alphaie": 0.38530824372598477,
        "alphaii": 0.170099193518327,
        "deltae": 0.29620995593975064,
        "deltai": 0.6,
        "eta0e": 0.6923394961150227,
        "eta0i": 0.24346614338545955,
        "kappa_gapee": 0.09107008843453238,
        "kappa_gapei": 0.5,
        "kappa_gapii": 0.8,
        "kappa_see": 3.9088011169610146,
        "kappa_sei": 6.449039871150585,
        "kappa_sie": 5.279879069012511,
        "kappa_sii": 0.035622878623270376,
        "sigma_se": 0.08641773746246027,
        "sigma_si": 0.1,
        "taue": 15.622054728115943,
        "taui": 17.741526345493938,
        "tauxe": 69.26823291061386,
        "tauxi": 41.478854085898746,
        "vsyn_ee": 19.05888734702373,
        "vsyn_ei": 10.620780018350139,
        "vsyn_ie": -31.1771732798138,
        "vsyn_ii": -81.6975681162117
    },
    "timestamp": 1746274891
}