{
    "fitness": 46.90512569415523,
    "generation": 0,
    "parameters": {
        "alphaee": 0.793584208786106,
        "alphaei": 0.08310201183233125,
        "alphaie": 0.23840817380117313,
        "alphaii": 0.8462292929958949,
        "deltae": 0.1258173679116062,
        "deltai": 0.5635681151694439,
        "eta0e": 1.375091669915201,
        "eta0i": 0.24346614338545955,
        "kappa_gapee": 0.0,
        "kappa_gapei": 0.5,
        "kappa_gapii": 0.61625404935884,
        "kappa_see": 7.282205928726163,
        "kappa_sei": 6.449039871150585,
        "kappa_sie": 7.662702276830202,
        "kappa_sii": 0.3360641755611987,
        "sigma_se": 0.1,
        "sigma_si": 0.09874504435076333,
        "taue": 15.319233814194392,
        "taui": 17.741526345493938,
        "tauxe": 31.16376365773922,
        "tauxi": 41.478854085898746,
        "vsyn_ee": 19.05888734702373,
        "vsyn_ei": 12.030028724619363,
        "vsyn_ie": -56.339644191636246,
        "vsyn_ii": -21.58225759664211
    },
    "timestamp": 1746274914
}