{
    "fitness": 47.109806630278584,
    "generation": 0,
    "parameters": {
        "alphaee": 0.994996138432363,
        "alphaei": 0.9595516066368766,
        "alphaie": 0.36158660196409664,
        "alphaii": 0.8519175648284983,
        "deltae": 0.25443431043353565,
        "deltai": 0.52200499046946,
        "eta0e": 4.062037497644883,
        "eta0i": 1.7591617954076098,
        "kappa_gapee": 0.015948583083805545,
        "kappa_gapei": 0.33353739371964586,
        "kappa_gapii": 0.36677906753724093,
        "kappa_see": 4.748689184857586,
        "kappa_sei": 3.5329131082832093,
        "kappa_sie": 8.742453959520919,
        "kappa_sii": 5.278238838571456,
        "sigma_se": 0.09734084958400706,
        "sigma_si": 0.05290340205280459,
        "taue": 7.151524640510007,
        "taui": 21.990323543243168,
        "tauxe": 98.40928059461045,
        "tauxi": 78.81720752034335,
        "vsyn_ee": 7.828011590210021,
        "vsyn_ei": 14.929900703745464,
        "vsyn_ie": -74.55656990375128,
        "vsyn_ii": -41.039848047225284
    },
    "timestamp": 1746275812
}