{
    "fitness": 124.09750496184817,
    "generation": 0,
    "parameters": {
        "alphaee": 0.2959905712135455,
        "alphaei": 0.2997828635989367,
        "alphaie": 0.16939904376430812,
        "alphaii": 0.9989116648762919,
        "deltae": 0.29620995593975064,
        "deltai": 0.5159937080113224,
        "eta0e": 2.297908678119138,
        "eta0i": 4.021850319720298,
        "kappa_gapee": 0.15292259367294675,
        "kappa_gapei": 0.4956466460342629,
        "kappa_gapii": 0.10220102893685919,
        "kappa_see": 1.1149716544659516,
        "kappa_sei": 8.566638415585498,
        "kappa_sie": 3.6999917659469443,
        "kappa_sii": 2.8412363389956607,
        "sigma_se": 0.1,
        "sigma_si": 0.039058510997416154,
        "taue": 13.261941683760952,
        "taui": 17.89230902230362,
        "tauxe": 41.74962276263436,
        "tauxi": 79.28423343493968,
        "vsyn_ee": 7.807970284980439,
        "vsyn_ei": 15.51873505894248,
        "vsyn_ie": -89.40618665099603,
        "vsyn_ii": -81.6975681162117
    },
    "timestamp": 1746274949
}