{
    "fitness": 49.0691390900598,
    "generation": 0,
    "parameters": {
        "alphaee": 0.2959905712135455,
        "alphaei": 0.24714378509332555,
        "alphaie": 0.01,
        "alphaii": 0.170099193518327,
        "deltae": 0.1258173679116062,
        "deltai": 0.46110828317713837,
        "eta0e": 2.227107768441142,
        "eta0i": 0.24346614338545955,
        "kappa_gapee": 0.1491546038576799,
        "kappa_gapei": 0.4566644983295888,
        "kappa_gapii": 0.10220102893685919,
        "kappa_see": 4.022557310058499,
        "kappa_sei": 6.449039871150585,
        "kappa_sie": 6.6667035440596045,
        "kappa_sii": 0.01,
        "sigma_se": 0.06572510601463945,
        "sigma_si": 0.039058510997416154,
        "taue": 13.261941683760952,
        "taui": 17.741526345493938,
        "tauxe": 31.16376365773922,
        "tauxi": 28.671989932865635,
        "vsyn_ee": 7.765189871495194,
        "vsyn_ei": 15.51873505894248,
        "vsyn_ie": -10.783820625601123,
        "vsyn_ii": -81.6975681162117
    },
    "timestamp": 1746275588
}