{
    "fitness": 63.847598556501765,
    "generation": 0,
    "parameters": {
        "alphaee": 0.9276567001523963,
        "alphaei": 0.24714378509332555,
        "alphaie": 0.23840817380117313,
        "alphaii": 0.15140977328200134,
        "deltae": 0.29620995593975064,
        "deltai": 0.6,
        "eta0e": 1.5964314104534505,
        "eta0i": 2.422453979383975,
        "kappa_gapee": 0.0,
        "kappa_gapei": 0.09519327306018428,
        "kappa_gapii": 0.2488148209688936,
        "kappa_see": 9.417924015913876,
        "kappa_sei": 6.449039871150585,
        "kappa_sie": 0.023097954931840282,
        "kappa_sii": 0.035622878623270376,
        "sigma_se": 0.08641773746246027,
        "sigma_si": 0.04293747108787208,
        "taue": 8.514639557774967,
        "taui": 5.8819582274117055,
        "tauxe": 47.7052114992941,
        "tauxi": 54.923895458302596,
        "vsyn_ee": 19.05888734702373,
        "vsyn_ei": 13.96699224754506,
        "vsyn_ie": -76.30168031789744,
        "vsyn_ii": -23.563440123512734
    },
    "timestamp": 1746275529
}