{
    "fitness": 68.06163352560753,
    "generation": 0,
    "parameters": {
        "alphaee": 0.2875809316054911,
        "alphaei": 0.8042839934714074,
        "alphaie": 0.6291251743902834,
        "alphaii": 0.664793941612559,
        "deltae": 0.08552447870389801,
        "deltai": 0.5067250315020074,
        "eta0e": 4.115669431060812,
        "eta0i": 4.867632370922534,
        "kappa_gapee": 0.1278197541485515,
        "kappa_gapei": 0.21128741679358376,
        "kappa_gapii": 0.7202027341689261,
        "kappa_see": 0.19637866049521463,
        "kappa_sei": 5.920206026425058,
        "kappa_sie": 1.33616152148488,
        "kappa_sii": 6.4383825348806445,
        "sigma_se": 0.02384566140268346,
        "sigma_si": 0.06539819108122691,
        "taue": 19.82926058233671,
        "taui": 10.394287053377855,
        "tauxe": 84.17833790807758,
        "tauxi": 98.5898788068141,
        "vsyn_ee": 10.049983752157504,
        "vsyn_ei": 19.06302117316138,
        "vsyn_ie": -54.87993971622271,
        "vsyn_ii": -41.100078831424426
    },
    "timestamp": 1746275788
}