{
    "fitness": 50.86220756384552,
    "generation": 0,
    "parameters": {
        "alphaee": 0.06473980305812642,
        "alphaei": 0.4605548836180436,
        "alphaie": 0.13333661119570497,
        "alphaii": 0.07850418473684326,
        "deltae": 0.3274748946604302,
        "deltai": 0.10350305134210448,
        "eta0e": 3.913157284637443,
        "eta0i": 4.978409892755401,
        "kappa_gapee": 0.05226438028941771,
        "kappa_gapei": 0.06262329630815329,
        "kappa_gapii": 0.3281554036961542,
        "kappa_see": 6.206268081912569,
        "kappa_sei": 7.274112903663151,
        "kappa_sie": 3.7237774816558242,
        "kappa_sii": 7.383793923196758,
        "sigma_se": 0.08321957645750828,
        "sigma_si": 0.07904649901105602,
        "taue": 10.849674662740675,
        "taui": 16.954747590085027,
        "tauxe": 41.757427487255725,
        "tauxi": 44.67511459580628,
        "vsyn_ee": 8.203353644198097,
        "vsyn_ei": 15.463628617925968,
        "vsyn_ie": -71.2590783618014,
        "vsyn_ii": -1.4218892841093123
    },
    "timestamp": 1746275824
}