{
    "fitness": 54.78775564122117,
    "generation": 0,
    "parameters": {
        "alphaee": 0.2959905712135455,
        "alphaei": 0.08310201183233125,
        "alphaie": 0.14753984480757415,
        "alphaii": 0.170099193518327,
        "deltae": 0.29620995593975064,
        "deltai": 0.46110828317713837,
        "eta0e": 1.375091669915201,
        "eta0i": 4.193105743590023,
        "kappa_gapee": 0.05017843323861457,
        "kappa_gapei": 0.38806124644023093,
        "kappa_gapii": 0.10220102893685919,
        "kappa_see": 1.0780008683361773,
        "kappa_sei": 8.566638415585498,
        "kappa_sie": 7.662702276830202,
        "kappa_sii": 0.17035025487226796,
        "sigma_se": 0.09109506557145501,
        "sigma_si": 0.039058510997416154,
        "taue": 13.261941683760952,
        "taui": 19.192192830555626,
        "tauxe": 41.74962276263436,
        "tauxi": 28.671989932865635,
        "vsyn_ee": 7.897510693821532,
        "vsyn_ei": 15.51873505894248,
        "vsyn_ie": -89.40618665099603,
        "vsyn_ii": -33.92751406293668
    },
    "timestamp": 1746275328
}