{
    "fitness": 139.46533630795136,
    "generation": 0,
    "parameters": {
        "alphaee": 0.793584208786106,
        "alphaei": 0.5514306139651574,
        "alphaie": 0.38530824372598477,
        "alphaii": 0.170099193518327,
        "deltae": 0.29620995593975064,
        "deltai": 0.5159937080113224,
        "eta0e": 2.297908678119138,
        "eta0i": 4.193105743590023,
        "kappa_gapee": 0.15292259367294675,
        "kappa_gapei": 0.4566644983295888,
        "kappa_gapii": 0.5523242674914834,
        "kappa_see": 1.0780008683361773,
        "kappa_sei": 8.566638415585498,
        "kappa_sie": 5.279879069012511,
        "kappa_sii": 9.004536317902419,
        "sigma_se": 0.09109506557145501,
        "sigma_si": 0.09362943619854872,
        "taue": 13.261941683760952,
        "taui": 17.741526345493938,
        "tauxe": 41.74962276263436,
        "tauxi": 79.28423343493968,
        "vsyn_ee": 18.984335585565866,
        "vsyn_ei": 15.51873505894248,
        "vsyn_ie": -56.339644191636246,
        "vsyn_ii": -81.6975681162117
    },
    "timestamp": 1746275352
}