{
    "fitness": 123.55904092022499,
    "generation": 0,
    "parameters": {
        "alphaee": 0.6899960917583587,
        "alphaei": 0.7525881733174944,
        "alphaie": 0.7337839594168966,
        "alphaii": 0.8310262858218931,
        "deltae": 0.11378919492503166,
        "deltai": 0.5575817617924137,
        "eta0e": 2.4960621215635475,
        "eta0i": 4.428385573332937,
        "kappa_gapee": 0.17810584397954454,
        "kappa_gapei": 0.35059144520069907,
        "kappa_gapii": 0.6248258426060603,
        "kappa_see": 0.7108415021632538,
        "kappa_sei": 1.7410279774319828,
        "kappa_sie": 3.9240236769225496,
        "kappa_sii": 8.960237450962179,
        "sigma_se": 0.08736316512045914,
        "sigma_si": 0.05497133857686134,
        "taue": 20.455313867162722,
        "taui": 5.788198838039273,
        "tauxe": 74.75725038456815,
        "tauxi": 20.556005000471398,
        "vsyn_ee": 14.146647291727952,
        "vsyn_ei": 12.134831677080761,
        "vsyn_ie": -15.344092808357061,
        "vsyn_ii": -85.02918504698228
    },
    "timestamp": 1746280653
}