{
    "fitness": 49.65871573317301,
    "generation": 0,
    "parameters": {
        "alphaee": 0.7192785874383757,
        "alphaei": 0.020791932992239692,
        "alphaie": 0.1219432594793483,
        "alphaii": 0.772019629271005,
        "deltae": 0.25544088308964885,
        "deltai": 0.16714418222792343,
        "eta0e": 2.358227597936029,
        "eta0i": 4.227007369430382,
        "kappa_gapee": 0.03613458295177032,
        "kappa_gapei": 0.24296658811356267,
        "kappa_gapii": 0.7023579830162194,
        "kappa_see": 8.665807224342103,
        "kappa_sei": 6.3293000781309035,
        "kappa_sie": 2.29564725103573,
        "kappa_sii": 1.3903994982845274,
        "sigma_se": 0.048251964795037364,
        "sigma_si": 0.07543475441183461,
        "taue": 15.897389737508838,
        "taui": 12.332867333121868,
        "tauxe": 59.206156330236524,
        "tauxi": 21.811523018387586,
        "vsyn_ee": 8.266189582339788,
        "vsyn_ei": 1.1336043431570375,
        "vsyn_ie": -82.1967783492112,
        "vsyn_ii": -32.299858419226254
    },
    "timestamp": 1746280712
}