{
    "fitness": 55.14199782943872,
    "generation": 0,
    "parameters": {
        "alphaee": 0.02476543965421709,
        "alphaei": 0.9171482098412124,
        "alphaie": 0.07033330387685877,
        "alphaii": 0.12563454064342752,
        "deltae": 0.4889624089332221,
        "deltai": 0.48525539314701205,
        "eta0e": 3.876032160095778,
        "eta0i": 3.585405818168088,
        "kappa_gapee": 0.03399558127425987,
        "kappa_gapei": 0.235246337327393,
        "kappa_gapii": 0.5182724409292664,
        "kappa_see": 6.994197694472643,
        "kappa_sei": 8.298876815332822,
        "kappa_sie": 7.0583182606355805,
        "kappa_sii": 6.816101520786221,
        "sigma_se": 0.03559144199261091,
        "sigma_si": 0.02442367718331151,
        "taue": 12.38658845632752,
        "taui": 11.436936674399552,
        "tauxe": 26.379282176756398,
        "tauxi": 60.847239801536645,
        "vsyn_ee": 1.2432441511378733,
        "vsyn_ei": 19.066673186734437,
        "vsyn_ie": -8.753259374824864,
        "vsyn_ii": -10.874716516273239
    },
    "timestamp": 1746280877
}