{
    "fitness": 160.15556771741154,
    "generation": 0,
    "parameters": {
        "alphaee": 0.8704428463464127,
        "alphaei": 0.01,
        "alphaie": 0.739587480112186,
        "alphaii": 0.5579924786723642,
        "deltae": 0.137669922185731,
        "deltai": 0.6,
        "eta0e": 1.375091669915201,
        "eta0i": 4.867742767332486,
        "kappa_gapee": 0.0,
        "kappa_gapei": 0.4566644983295888,
        "kappa_gapii": 0.12463267859714432,
        "kappa_see": 3.6608103157070713,
        "kappa_sei": 3.761899286400282,
        "kappa_sie": 7.662702276830202,
        "kappa_sii": 2.463971479994121,
        "sigma_se": 0.09429548522694804,
        "sigma_si": 0.09874504435076333,
        "taue": 15.586374020592036,
        "taui": 18.787129978565215,
        "tauxe": 31.187032079354434,
        "tauxi": 55.25122352709719,
        "vsyn_ee": 11.780285685633105,
        "vsyn_ei": 14.48724648400051,
        "vsyn_ie": -56.339644191636246,
        "vsyn_ii": -33.64184798177004
    },
    "timestamp": 1746280496
}