{
    "fitness": 78.21158069180021,
    "generation": 0,
    "parameters": {
        "alphaee": 0.7271723653134954,
        "alphaei": 0.6039938467153049,
        "alphaie": 0.3677200792648382,
        "alphaii": 0.43360501300390425,
        "deltae": 0.15104858278521321,
        "deltai": 0.39063274283847615,
        "eta0e": 1.236006574722838,
        "eta0i": 3.818948595480916,
        "kappa_gapee": 0.1485085929465073,
        "kappa_gapei": 0.2827055433295941,
        "kappa_gapii": 0.030104831408722468,
        "kappa_see": 7.611678992926699,
        "kappa_sei": 2.0497115182724226,
        "kappa_sie": 6.9619881638859,
        "kappa_sii": 9.521367945265661,
        "sigma_se": 0.018088165175914394,
        "sigma_si": 0.04676369435059718,
        "taue": 9.6638204158498,
        "taui": 9.86436935555732,
        "tauxe": 28.994774498504867,
        "tauxi": 59.94484820882613,
        "vsyn_ee": 13.382623628844538,
        "vsyn_ei": 17.947288532114356,
        "vsyn_ie": -77.32507953252343,
        "vsyn_ii": -71.81471949611036
    },
    "timestamp": 1746280698
}