{
    "fitness": 42.39084864708162,
    "generation": 0,
    "parameters": {
        "alphaee": 0.793584208786106,
        "alphaei": 0.10973630163266242,
        "alphaie": 0.249513570803235,
        "alphaii": 1.0,
        "deltae": 0.29830232261234113,
        "deltai": 0.46110828317713837,
        "eta0e": 0.6135454516437632,
        "eta0i": 0.24346614338545955,
        "kappa_gapee": 0.06210107522978519,
        "kappa_gapei": 0.43707049122159736,
        "kappa_gapii": 0.5777653713989033,
        "kappa_see": 3.5722890314716844,
        "kappa_sei": 6.536551640132754,
        "kappa_sie": 9.937803620501718,
        "kappa_sii": 6.307825196477858,
        "sigma_se": 0.1,
        "sigma_si": 0.09874504435076333,
        "taue": 6.458547411395464,
        "taui": 9.332600814451022,
        "tauxe": 84.57848475763095,
        "tauxi": 41.478854085898746,
        "vsyn_ee": 8.970464663913653,
        "vsyn_ei": 14.48724648400051,
        "vsyn_ie": -56.118404677813146,
        "vsyn_ii": -33.92437248418866
    },
    "timestamp": 1746280439
}