{
    "fitness": 96.96243685764503,
    "generation": 0,
    "parameters": {
        "alphaee": 0.9002356810318292,
        "alphaei": 0.2649980919472196,
        "alphaie": 0.9777369525709145,
        "alphaii": 0.19468611008290307,
        "deltae": 0.07423549481226198,
        "deltai": 0.5061803652506475,
        "eta0e": 2.7719486446424213,
        "eta0i": 3.640555162589229,
        "kappa_gapee": 0.1555781838518964,
        "kappa_gapei": 0.00636809635043011,
        "kappa_gapii": 0.42523844265745386,
        "kappa_see": 1.2528679858255296,
        "kappa_sei": 0.7357122040120269,
        "kappa_sie": 0.7067549451917895,
        "kappa_sii": 3.1131336311716327,
        "sigma_se": 0.09261273479681907,
        "sigma_si": 0.03571156048284728,
        "taue": 7.150196971698638,
        "taui": 24.460298788294097,
        "tauxe": 99.19652385948365,
        "tauxi": 59.323638392801875,
        "vsyn_ee": 7.405558053272061,
        "vsyn_ei": 7.6744146380715454,
        "vsyn_ie": -17.417117701196574,
        "vsyn_ii": -23.084152619276963
    },
    "timestamp": 1746280801
}