{
    "fitness": 54.83727861269757,
    "generation": 0,
    "parameters": {
        "alphaee": 0.7760972277225248,
        "alphaei": 0.563876560106527,
        "alphaie": 0.8277677621958097,
        "alphaii": 0.5821418347396051,
        "deltae": 0.11951450727646919,
        "deltai": 0.2593428476637353,
        "eta0e": 2.7748245359809367,
        "eta0i": 2.8307392972783307,
        "kappa_gapee": 0.0023990068764887192,
        "kappa_gapei": 0.19958277322793666,
        "kappa_gapii": 0.36875545390721276,
        "kappa_see": 3.874266550776325,
        "kappa_sei": 6.688294821933022,
        "kappa_sie": 3.215092283492169,
        "kappa_sii": 2.1674847033652798,
        "sigma_se": 0.03717917415557584,
        "sigma_si": 0.08301879012560685,
        "taue": 11.290166872863306,
        "taui": 22.186649694254786,
        "tauxe": 80.35057028876977,
        "tauxi": 41.51218631886877,
        "vsyn_ee": 11.910324814488344,
        "vsyn_ei": 18.19492862335506,
        "vsyn_ie": -16.906839136982427,
        "vsyn_ii": -12.953548896148192
    },
    "timestamp": 1746280639
}