{
    "fitness": 109.17092646576067,
    "generation": 0,
    "parameters": {
        "alphaee": 0.878538849720602,
        "alphaei": 0.7608166194836997,
        "alphaie": 0.5242485589646492,
        "alphaii": 0.9756280137302629,
        "deltae": 0.18716641381118482,
        "deltai": 0.141762439579391,
        "eta0e": 4.997801436503618,
        "eta0i": 3.0212134476365113,
        "kappa_gapee": 0.04493130656962728,
        "kappa_gapei": 0.08661197087240069,
        "kappa_gapii": 0.7106727338818075,
        "kappa_see": 8.008836586562694,
        "kappa_sei": 3.0861310623058817,
        "kappa_sie": 0.6421266606437543,
        "kappa_sii": 3.52443121035936,
        "sigma_se": 0.07642523781171327,
        "sigma_si": 0.07672246102844467,
        "taue": 16.516469177484044,
        "taui": 24.352856195152924,
        "tauxe": 86.74336038402926,
        "tauxi": 24.219675128394904,
        "vsyn_ee": 6.597695141844245,
        "vsyn_ei": 9.19212563191108,
        "vsyn_ie": -7.369242198571314,
        "vsyn_ii": -92.94448375340987
    },
    "timestamp": 1746280609
}