{
    "fitness": 56.63716753132652,
    "generation": 0,
    "parameters": {
        "alphaee": 0.9649510936688983,
        "alphaei": 0.10973630163266242,
        "alphaie": 0.24959817531254272,
        "alphaii": 0.5579924786723642,
        "deltae": 0.4617573306300713,
        "deltai": 0.46110828317713837,
        "eta0e": 0.8505605335430384,
        "eta0i": 0.24346614338545955,
        "kappa_gapee": 0.0,
        "kappa_gapei": 0.4566644983295888,
        "kappa_gapii": 0.12463267859714432,
        "kappa_see": 9.714993048934776,
        "kappa_sei": 3.761899286400282,
        "kappa_sie": 7.662702276830202,
        "kappa_sii": 9.004536317902419,
        "sigma_se": 0.09429548522694804,
        "sigma_si": 0.09874504435076333,
        "taue": 15.515731967691899,
        "taui": 19.192192830555626,
        "tauxe": 31.187032079354434,
        "tauxi": 55.25122352709719,
        "vsyn_ee": 7.793423079511704,
        "vsyn_ei": 14.306932005035272,
        "vsyn_ie": -89.40618665099603,
        "vsyn_ii": -33.64184798177004
    },
    "timestamp": 1746280552
}