{
    "fitness": 49.34252071161477,
    "generation": 0,
    "parameters": {
        "alphaee": 0.17168870018031107,
        "alphaei": 0.24998318061191085,
        "alphaie": 0.589094393625697,
        "alphaii": 0.48008719805326316,
        "deltae": 0.4259604983991447,
        "deltai": 0.2798931701664276,
        "eta0e": 4.399167665731873,
        "eta0i": 0.6863049878672456,
        "kappa_gapee": 0.001204824348439266,
        "kappa_gapei": 0.15731544496102948,
        "kappa_gapii": 0.16398315907604397,
        "kappa_see": 6.063500261099975,
        "kappa_sei": 5.628619821365068,
        "kappa_sie": 9.824640713788614,
        "kappa_sii": 0.42792108701579956,
        "sigma_se": 0.035601861007564496,
        "sigma_si": 0.0932688486323977,
        "taue": 16.92473792227359,
        "taui": 8.758913677562127,
        "tauxe": 97.68107637922628,
        "tauxi": 49.37644335019335,
        "vsyn_ee": 2.6673875464348953,
        "vsyn_ei": 10.303257874143029,
        "vsyn_ie": -25.854512664393113,
        "vsyn_ii": -31.83031860523458
    },
    "timestamp": 1746280847
}