{
    "fitness": 51.43661524836826,
    "generation": 0,
    "parameters": {
        "alphaee": 0.6211918178726777,
        "alphaei": 0.531076646972269,
        "alphaie": 0.526210219448028,
        "alphaii": 0.8113821421623479,
        "deltae": 0.43139338146794276,
        "deltai": 0.14180324451177928,
        "eta0e": 4.523388284658613,
        "eta0i": 2.2579970693632716,
        "kappa_gapee": 0.0794338709485264,
        "kappa_gapei": 0.18549366911216578,
        "kappa_gapii": 0.4060859520198694,
        "kappa_see": 5.591411075227606,
        "kappa_sei": 4.083955704432226,
        "kappa_sie": 9.438444711937809,
        "kappa_sii": 2.7641014882679875,
        "sigma_se": 0.010318644764725033,
        "sigma_si": 0.043562565738225326,
        "taue": 19.997769824879423,
        "taui": 23.19362076352683,
        "tauxe": 83.81107276719308,
        "tauxi": 23.365634492469688,
        "vsyn_ee": 2.0638936502911585,
        "vsyn_ei": 16.60008297203576,
        "vsyn_ie": -20.4197308148255,
        "vsyn_ii": -17.360413929053422
    },
    "timestamp": 1746280683
}