{
    "fitness": 102.44474285403041,
    "generation": 0,
    "parameters": {
        "alphaee": 0.9649510936688983,
        "alphaei": 0.01,
        "alphaie": 0.739587480112186,
        "alphaii": 0.170099193518327,
        "deltae": 0.1258173679116062,
        "deltai": 0.6,
        "eta0e": 0.8505605335430384,
        "eta0i": 0.24346614338545955,
        "kappa_gapee": 0.08719818491538318,
        "kappa_gapei": 0.4566644983295888,
        "kappa_gapii": 0.12463267859714432,
        "kappa_see": 3.9088011169610146,
        "kappa_sei": 3.761899286400282,
        "kappa_sie": 7.662702276830202,
        "kappa_sii": 9.004536317902419,
        "sigma_se": 0.1,
        "sigma_si": 0.09874504435076333,
        "taue": 15.519309496397849,
        "taui": 19.192192830555626,
        "tauxe": 31.187032079354434,
        "tauxi": 55.25122352709719,
        "vsyn_ee": 7.807970284980439,
        "vsyn_ei": 14.306932005035272,
        "vsyn_ie": -56.339644191636246,
        "vsyn_ii": -81.59572925075578
    },
    "timestamp": 1746279977
}