{
    "fitness": 159.96232876960875,
    "generation": 0,
    "parameters": {
        "alphaee": 0.522220934884763,
        "alphaei": 0.8764150082444029,
        "alphaie": 0.3612278225871525,
        "alphaii": 0.8838304633034624,
        "deltae": 0.37209282163308877,
        "deltai": 0.4914646804021224,
        "eta0e": 2.9567564199768364,
        "eta0i": 4.077671039364176,
        "kappa_gapee": 0.09740515825462737,
        "kappa_gapei": 0.20064129389915597,
        "kappa_gapii": 0.45318705923417935,
        "kappa_see": 0.9065938586857679,
        "kappa_sei": 6.980972137389399,
        "kappa_sie": 8.76071489952034,
        "kappa_sii": 1.7954477714694843,
        "sigma_se": 0.05056077537705652,
        "sigma_si": 0.06681019010629473,
        "taue": 20.691051675900795,
        "taui": 12.937028933132304,
        "tauxe": 41.563872311901946,
        "tauxi": 35.854761318163135,
        "vsyn_ee": 13.949870882432057,
        "vsyn_ei": 16.722078512318973,
        "vsyn_ie": -34.87662023739955,
        "vsyn_ii": -87.97981691659461
    },
    "timestamp": 1746280741
}