{
    "fitness": 54.600476639166615,
    "generation": 0,
    "parameters": {
        "alphaee": 0.6770211003456543,
        "alphaei": 0.0429196433429112,
        "alphaie": 0.5456624121085241,
        "alphaii": 0.2512015609723006,
        "deltae": 0.12836056741399074,
        "deltai": 0.3821414012743771,
        "eta0e": 3.9511990826915575,
        "eta0i": 2.4503454858393137,
        "kappa_gapee": 0.0064633010593757746,
        "kappa_gapei": 0.450027201338139,
        "kappa_gapii": 0.14321576064795336,
        "kappa_see": 9.143871466072232,
        "kappa_sei": 4.425288668839196,
        "kappa_sie": 1.7487840973111093,
        "kappa_sii": 4.406914984253926,
        "sigma_se": 0.045083489343179586,
        "sigma_si": 0.09552531571671322,
        "taue": 10.07368927135073,
        "taui": 11.816484224763018,
        "tauxe": 66.48863198902446,
        "tauxi": 47.709153837463575,
        "vsyn_ee": 4.600389763678645,
        "vsyn_ei": 2.7014017145907223,
        "vsyn_ie": -72.91294930389427,
        "vsyn_ii": -76.7804070580332
    },
    "timestamp": 1746280816
}