{
    "fitness": 42.61746119204254,
    "generation": 0,
    "parameters": {
        "alphaee": 0.8704428463464127,
        "alphaei": 0.10973630163266242,
        "alphaie": 0.4195687491082951,
        "alphaii": 0.7004708354011561,
        "deltae": 0.1258173679116062,
        "deltai": 0.6,
        "eta0e": 0.7045320266633193,
        "eta0i": 0.24346614338545955,
        "kappa_gapee": 0.0,
        "kappa_gapei": 0.4560264934978766,
        "kappa_gapii": 0.5777653713989033,
        "kappa_see": 9.24285517834473,
        "kappa_sei": 3.761899286400282,
        "kappa_sie": 7.662702276830202,
        "kappa_sii": 9.004536317902419,
        "sigma_se": 0.1,
        "sigma_si": 0.09874504435076333,
        "taue": 15.519309496397849,
        "taui": 19.192192830555626,
        "tauxe": 31.187032079354434,
        "tauxi": 55.121311699255926,
        "vsyn_ee": 7.807970284980439,
        "vsyn_ei": 14.48724648400051,
        "vsyn_ie": -56.339644191636246,
        "vsyn_ii": -33.610757436272344
    },
    "timestamp": 1746279880
}