{
    "fitness": 58.28732952669765,
    "generation": 0,
    "parameters": {
        "alphaee": 0.8704428463464127,
        "alphaei": 0.01,
        "alphaie": 0.2867528005036616,
        "alphaii": 0.04433136733663359,
        "deltae": 0.1258173679116062,
        "deltai": 0.6,
        "eta0e": 1.375091669915201,
        "eta0i": 0.24346614338545955,
        "kappa_gapee": 0.0,
        "kappa_gapei": 0.4566644983295888,
        "kappa_gapii": 0.12463267859714432,
        "kappa_see": 3.9088011169610146,
        "kappa_sei": 3.761899286400282,
        "kappa_sie": 7.662702276830202,
        "kappa_sii": 9.004536317902419,
        "sigma_se": 0.09429548522694804,
        "sigma_si": 0.1,
        "taue": 15.529273385841805,
        "taui": 18.787129978565215,
        "tauxe": 31.187032079354434,
        "tauxi": 28.671989932865635,
        "vsyn_ee": 11.780285685633105,
        "vsyn_ei": 14.48724648400051,
        "vsyn_ie": -56.4811273122399,
        "vsyn_ii": -81.59572925075578
    },
    "timestamp": 1746280331
}