{
    "fitness": 46.137096024774735,
    "generation": 0,
    "parameters": {
        "alphaee": 0.9649510936688983,
        "alphaei": 0.10973630163266242,
        "alphaie": 0.4195687491082951,
        "alphaii": 0.8462292929958949,
        "deltae": 0.5444408479593557,
        "deltai": 0.6,
        "eta0e": 0.7045320266633193,
        "eta0i": 0.24346614338545955,
        "kappa_gapee": 0.0,
        "kappa_gapei": 0.4566644983295888,
        "kappa_gapii": 0.61625404935884,
        "kappa_see": 9.423176075934641,
        "kappa_sei": 3.761899286400282,
        "kappa_sie": 7.662702276830202,
        "kappa_sii": 8.90991434983109,
        "sigma_se": 0.1,
        "sigma_si": 0.09874504435076333,
        "taue": 15.519309496397849,
        "taui": 19.192192830555626,
        "tauxe": 31.187032079354434,
        "tauxi": 55.38231547234219,
        "vsyn_ee": 7.546290378320988,
        "vsyn_ei": 14.442493093752622,
        "vsyn_ie": -56.339644191636246,
        "vsyn_ii": -33.64184798177004
    },
    "timestamp": 1746280408
}