{
    "fitness": 89.58279050632467,
    "generation": 0,
    "parameters": {
        "alphaee": 0.9514915771170268,
        "alphaei": 0.6276614347185331,
        "alphaie": 0.4945793876525141,
        "alphaii": 0.34948608408331805,
        "deltae": 0.0741659617803703,
        "deltai": 0.2307966276065742,
        "eta0e": 2.0936142097035444,
        "eta0i": 1.9856195448080576,
        "kappa_gapee": 0.18870834553787308,
        "kappa_gapei": 0.4101811176625092,
        "kappa_gapii": 0.21491120580883272,
        "kappa_see": 7.836864244663217,
        "kappa_sei": 8.60966016161126,
        "kappa_sie": 8.315407195829742,
        "kappa_sii": 3.2648633518134873,
        "sigma_se": 0.0785961853112783,
        "sigma_si": 0.08534807698062066,
        "taue": 23.215628377217065,
        "taui": 13.942092497720733,
        "tauxe": 50.717092424204125,
        "tauxi": 38.62661526995878,
        "vsyn_ee": 13.77469522933701,
        "vsyn_ei": 16.293351987084,
        "vsyn_ie": -41.507105934844446,
        "vsyn_ii": -38.78641363230131
    },
    "timestamp": 1746280786
}