{
    "fitness": 83.73476445996025,
    "generation": 0,
    "parameters": {
        "alphaee": 0.7560604370642112,
        "alphaei": 0.5255687416738719,
        "alphaie": 0.9631278125883093,
        "alphaii": 0.3466534286269317,
        "deltae": 0.17792691293413154,
        "deltai": 0.3131644591037518,
        "eta0e": 3.8910090945192,
        "eta0i": 0.7158067545990493,
        "kappa_gapee": 0.1791926926446312,
        "kappa_gapei": 0.24657367849472117,
        "kappa_gapii": 0.26987029405099255,
        "kappa_see": 5.575849201153738,
        "kappa_sei": 0.11712969967026986,
        "kappa_sie": 6.735380807828182,
        "kappa_sii": 8.521493238936198,
        "sigma_se": 0.050745657077817856,
        "sigma_si": 0.06446115629340746,
        "taue": 20.185022618865226,
        "taui": 21.070818436511257,
        "tauxe": 32.45703644790696,
        "tauxi": 70.1989085296857,
        "vsyn_ee": 10.178950402344615,
        "vsyn_ei": 10.000194965899736,
        "vsyn_ie": -34.70957408851689,
        "vsyn_ii": -61.24198980734176
    },
    "timestamp": 1746280831
}