{
    "fitness": 96.12625751590305,
    "generation": 0,
    "parameters": {
        "alphaee": 0.8704428463464127,
        "alphaei": 0.01,
        "alphaie": 0.739587480112186,
        "alphaii": 1.0,
        "deltae": 0.1258173679116062,
        "deltai": 0.46110828317713837,
        "eta0e": 0.7045320266633193,
        "eta0i": 0.24346614338545955,
        "kappa_gapee": 0.0,
        "kappa_gapei": 0.4566644983295888,
        "kappa_gapii": 0.12463267859714432,
        "kappa_see": 3.9088011169610146,
        "kappa_sei": 3.745938777646049,
        "kappa_sie": 7.710899561162316,
        "kappa_sii": 0.17035025487226796,
        "sigma_se": 0.1,
        "sigma_si": 0.09874504435076333,
        "taue": 15.519309496397849,
        "taui": 18.787129978565215,
        "tauxe": 69.26823291061386,
        "tauxi": 41.774068868842015,
        "vsyn_ee": 18.984335585565866,
        "vsyn_ei": 15.51873505894248,
        "vsyn_ie": -56.339644191636246,
        "vsyn_ii": -33.856650286935675
    },
    "timestamp": 1746280538
}