{
    "fitness": 45.960285624138045,
    "generation": 0,
    "parameters": {
        "alphaee": 0.639271341613104,
        "alphaei": 0.7289414131231717,
        "alphaie": 0.739587480112186,
        "alphaii": 0.32927598206783176,
        "deltae": 0.32120290012197206,
        "deltai": 0.5888621104971415,
        "eta0e": 1.1735730954831567,
        "eta0i": 3.2614521598533837,
        "kappa_gapee": 0.06210107522978519,
        "kappa_gapei": 0.4566644983295888,
        "kappa_gapii": 0.257547775716015,
        "kappa_see": 3.9853963552405336,
        "kappa_sei": 5.107530809567122,
        "kappa_sie": 7.574145411891737,
        "kappa_sii": 6.307825196477858,
        "sigma_se": 0.08926333756018999,
        "sigma_si": 0.09874504435076333,
        "taue": 6.39264976738998,
        "taui": 18.202370550676218,
        "tauxe": 31.187032079354434,
        "tauxi": 45.46268103360662,
        "vsyn_ee": 8.686242126406189,
        "vsyn_ei": 15.51873505894248,
        "vsyn_ie": -77.32674805330429,
        "vsyn_ii": -81.59572925075578
    },
    "timestamp": 1746280078
}