{
    "fitness": 47.17871842552288,
    "generation": 0,
    "parameters": {
        "alphaee": 0.2927192230854658,
        "alphaei": 0.8864961135006885,
        "alphaie": 0.048544371346975264,
        "alphaii": 0.5316948576717352,
        "deltae": 0.5189788579061858,
        "deltai": 0.3888582409595228,
        "eta0e": 0.28966056811081414,
        "eta0i": 4.66542812596178,
        "kappa_gapee": 0.131271446614078,
        "kappa_gapei": 0.2541617550675521,
        "kappa_gapii": 0.6342616423973111,
        "kappa_see": 9.0365142630664,
        "kappa_sei": 9.514486375724275,
        "kappa_sie": 8.116152264682944,
        "kappa_sii": 5.252435684219,
        "sigma_se": 0.07025780981150737,
        "sigma_si": 0.0934158879758741,
        "taue": 11.350289005513744,
        "taui": 10.40199849660064,
        "tauxe": 97.01265636682058,
        "tauxi": 21.827023526852283,
        "vsyn_ee": 7.042346952972324,
        "vsyn_ei": 15.591863565273888,
        "vsyn_ie": -24.016351969216316,
        "vsyn_ii": -1.6154328850854967
    },
    "timestamp": 1746280624
}