{
    "fitness": 46.66647673825594,
    "generation": 0,
    "parameters": {
        "alphaee": 0.639271341613104,
        "alphaei": 0.7289414131231717,
        "alphaie": 0.5476257948471878,
        "alphaii": 0.32927598206783176,
        "deltae": 0.6,
        "deltai": 0.5888621104971415,
        "eta0e": 1.1735730954831567,
        "eta0i": 3.4715842391911047,
        "kappa_gapee": 0.0,
        "kappa_gapei": 0.4566644983295888,
        "kappa_gapii": 0.257547775716015,
        "kappa_see": 7.282205928726163,
        "kappa_sei": 5.107530809567122,
        "kappa_sie": 7.662702276830202,
        "kappa_sii": 0.17035025487226796,
        "sigma_se": 0.08926333756018999,
        "sigma_si": 0.01723235407239098,
        "taue": 15.519309496397849,
        "taui": 18.202370550676218,
        "tauxe": 69.26823291061386,
        "tauxi": 45.46268103360662,
        "vsyn_ee": 18.984335585565866,
        "vsyn_ei": 6.482832760187893,
        "vsyn_ie": -77.32674805330429,
        "vsyn_ii": -53.854938199410796
    },
    "timestamp": 1746280454
}