{
    "fitness": 98.61725294688935,
    "generation": 0,
    "parameters": {
        "alphaee": 0.902165965422484,
        "alphaei": 0.8599976274297428,
        "alphaie": 0.14784300448899612,
        "alphaii": 0.815362880907746,
        "deltae": 0.35980369326263223,
        "deltai": 0.11956643795052992,
        "eta0e": 4.642280142747749,
        "eta0i": 3.6122796269536614,
        "kappa_gapee": 0.02371393223055198,
        "kappa_gapei": 0.38249395090878047,
        "kappa_gapii": 0.2932422929888472,
        "kappa_see": 9.413530181846747,
        "kappa_sei": 2.2170551862254912,
        "kappa_sie": 8.012333069114074,
        "kappa_sii": 8.303858959855217,
        "sigma_se": 0.016516410832407003,
        "sigma_si": 0.09789414772282881,
        "taue": 23.685726236761916,
        "taui": 23.7238164023526,
        "tauxe": 49.195673618852894,
        "tauxi": 51.02146708681295,
        "vsyn_ee": 16.892165729990428,
        "vsyn_ei": 11.70667755521663,
        "vsyn_ie": -19.660314221844274,
        "vsyn_ii": -29.582828442052488
    },
    "timestamp": 1746280756
}