{
    "fitness": 43.641919804830586,
    "generation": 0,
    "parameters": {
        "alphaee": 0.793584208786106,
        "alphaei": 0.846752345731288,
        "alphaie": 0.23840817380117313,
        "alphaii": 1.0,
        "deltae": 0.1258173679116062,
        "deltai": 0.2932976291574534,
        "eta0e": 0.7045320266633193,
        "eta0i": 0.0,
        "kappa_gapee": 0.0,
        "kappa_gapei": 0.43707049122159736,
        "kappa_gapii": 0.5777653713989033,
        "kappa_see": 7.282205928726163,
        "kappa_sei": 6.536551640132754,
        "kappa_sie": 7.662702276830202,
        "kappa_sii": 6.307825196477858,
        "sigma_se": 0.08926333756018999,
        "sigma_si": 0.09874504435076333,
        "taue": 6.48603422516504,
        "taui": 9.62563429493678,
        "tauxe": 84.6071097473028,
        "tauxi": 41.478854085898746,
        "vsyn_ee": 11.656156721091504,
        "vsyn_ei": 6.482832760187893,
        "vsyn_ie": -56.339644191636246,
        "vsyn_ii": -34.18001303599455
    },
    "timestamp": 1746279839
}