{
    "fitness": 93.84930226821174,
    "generation": 0,
    "parameters": {
        "alphaee": 0.28456396790301913,
        "alphaei": 0.3579611553891134,
        "alphaie": 0.48974083010149205,
        "alphaii": 0.4146986328957881,
        "deltae": 0.16263256638292628,
        "deltai": 0.4593952453152166,
        "eta0e": 2.9597314210865773,
        "eta0i": 1.566004303755531,
        "kappa_gapee": 0.075546159279606,
        "kappa_gapei": 0.454916516242718,
        "kappa_gapii": 0.24465665800984435,
        "kappa_see": 9.086894616488186,
        "kappa_sei": 3.7448465566820275,
        "kappa_sie": 0.8087722042393001,
        "kappa_sii": 2.9704159524552685,
        "sigma_se": 0.08112283078704019,
        "sigma_si": 0.0489637792016995,
        "taue": 5.072190805617621,
        "taui": 8.280817156444346,
        "tauxe": 64.79714672138593,
        "tauxi": 44.46364723090608,
        "vsyn_ee": 11.398606593439611,
        "vsyn_ei": 14.712416755479834,
        "vsyn_ie": -34.25770809826783,
        "vsyn_ii": -21.042140753105926
    },
    "timestamp": 1746280771
}