{
    "fitness": 46.3361206037265,
    "generation": 0,
    "parameters": {
        "alphaee": 0.639271341613104,
        "alphaei": 0.01,
        "alphaie": 0.23840817380117313,
        "alphaii": 0.5400836292834816,
        "deltae": 0.40148847659613107,
        "deltai": 0.4514581371418001,
        "eta0e": 1.2016407264050777,
        "eta0i": 0.24346614338545955,
        "kappa_gapee": 0.0,
        "kappa_gapei": 0.35644586194066086,
        "kappa_gapii": 0.12463267859714432,
        "kappa_see": 3.9088011169610146,
        "kappa_sei": 5.205147663044836,
        "kappa_sie": 7.662702276830202,
        "kappa_sii": 9.004536317902419,
        "sigma_se": 0.08926333756018999,
        "sigma_si": 0.1,
        "taue": 15.519309496397849,
        "taui": 19.192192830555626,
        "tauxe": 31.187032079354434,
        "tauxi": 55.25122352709719,
        "vsyn_ee": 11.656156721091504,
        "vsyn_ei": 6.408212501865175,
        "vsyn_ie": -77.32674805330429,
        "vsyn_ii": -34.18001303599455
    },
    "timestamp": 1746280108
}