{
    "fitness": 45.827627651718444,
    "generation": 0,
    "parameters": {
        "alphaee": 0.6680083263393041,
        "alphaei": 0.10973630163266242,
        "alphaie": 0.2529289098233264,
        "alphaii": 0.7890439051747143,
        "deltae": 0.29830232261234113,
        "deltai": 0.3052932025401205,
        "eta0e": 1.1735730954831567,
        "eta0i": 0.24346614338545955,
        "kappa_gapee": 0.0,
        "kappa_gapei": 0.4566644983295888,
        "kappa_gapii": 0.12463267859714432,
        "kappa_see": 3.48615197067594,
        "kappa_sei": 5.107530809567122,
        "kappa_sie": 7.662702276830202,
        "kappa_sii": 0.17051521929493574,
        "sigma_se": 0.1,
        "sigma_si": 0.1,
        "taue": 15.519309496397849,
        "taui": 19.192192830555626,
        "tauxe": 69.26823291061386,
        "tauxi": 55.25122352709719,
        "vsyn_ee": 18.984335585565866,
        "vsyn_ei": 14.48724648400051,
        "vsyn_ie": -77.32674805330429,
        "vsyn_ii": -33.92437248418866
    },
    "timestamp": 1746279825
}