{
    "fitness": 51.89264058952757,
    "generation": 0,
    "parameters": {
        "alphaee": 0.5507750943140575,
        "alphaei": 0.6784363212481382,
        "alphaie": 0.9327964710582249,
        "alphaii": 0.11636066745967921,
        "deltae": 0.14164605397611055,
        "deltai": 0.3828027098333846,
        "eta0e": 2.823131580655515,
        "eta0i": 4.905696913493456,
        "kappa_gapee": 0.18284542050109923,
        "kappa_gapei": 0.11829162130247313,
        "kappa_gapii": 0.1721475158477385,
        "kappa_see": 6.1824964555819735,
        "kappa_sei": 1.0698463914371124,
        "kappa_sie": 9.852218399181487,
        "kappa_sii": 1.3862595584685422,
        "sigma_se": 0.0735986931063775,
        "sigma_si": 0.06451366286099347,
        "taue": 10.209830889747057,
        "taui": 5.873770392360202,
        "tauxe": 80.21404628540405,
        "tauxi": 32.422603787829644,
        "vsyn_ee": 9.753542750263888,
        "vsyn_ei": 3.689196750242189,
        "vsyn_ie": -43.52477766871578,
        "vsyn_ii": -34.09240097132586
    },
    "timestamp": 1746280726
}