{
    "fitness": 59.42572198043118,
    "generation": 0,
    "parameters": {
        "alphaee": 0.7685964719408886,
        "alphaei": 0.05933101233713623,
        "alphaie": 0.8747678657922209,
        "alphaii": 0.3706348063958943,
        "deltae": 0.4753828807790972,
        "deltai": 0.07583739738033075,
        "eta0e": 1.8444772595256829,
        "eta0i": 1.5726142395173932,
        "kappa_gapee": 0.10803552001460735,
        "kappa_gapei": 0.49650831999302775,
        "kappa_gapii": 0.5450614077246072,
        "kappa_see": 5.208780740740958,
        "kappa_sei": 3.414954157018001,
        "kappa_sie": 2.5102714099840155,
        "kappa_sii": 6.0699165503134385,
        "sigma_se": 0.038137071077606166,
        "sigma_si": 0.0731279880257252,
        "taue": 21.25818842081123,
        "taui": 17.310948184810677,
        "tauxe": 57.619999276762485,
        "tauxi": 62.48968038577813,
        "vsyn_ee": 15.887965003315054,
        "vsyn_ei": 12.876189093202719,
        "vsyn_ie": -82.86175722261763,
        "vsyn_ii": -41.476808001403306
    },
    "timestamp": 1746280668
}