{
    "fitness": 62.84820190435082,
    "generation": 0,
    "parameters": {
        "alphaee": 0.44681145875029166,
        "alphaei": 0.3233209438966194,
        "alphaie": 0.20885843343916896,
        "alphaii": 0.4953485402938648,
        "deltae": 0.5652516295684918,
        "deltai": 0.5849860726172951,
        "eta0e": 2.504008418281794,
        "eta0i": 4.760481485876263,
        "kappa_gapee": 0.0677027721788555,
        "kappa_gapei": 0.09965805904034651,
        "kappa_gapii": 0.39651908185687357,
        "kappa_see": 4.0408102162676185,
        "kappa_sei": 9.762317180290092,
        "kappa_sie": 6.31866710062242,
        "kappa_sii": 9.44511421199382,
        "sigma_se": 0.02071932933471853,
        "sigma_si": 0.08433400432738507,
        "taue": 19.576526853640576,
        "taui": 17.54352517516713,
        "tauxe": 91.88668419738656,
        "tauxi": 47.44844449197708,
        "vsyn_ee": 2.6222600839612142,
        "vsyn_ei": 8.552763816298198,
        "vsyn_ie": -62.53590407567352,
        "vsyn_ii": -92.47875680899121
    },
    "timestamp": 1746280862
}