{
    "fitness": 51.86345943771906,
    "generation": 0,
    "parameters": {
        "alphaee": 0.9649510936688983,
        "alphaei": 0.4212981325190285,
        "alphaie": 0.23840817380117313,
        "alphaii": 0.8462292929958949,
        "deltae": 0.1258173679116062,
        "deltai": 0.46110828317713837,
        "eta0e": 1.0149207656050723,
        "eta0i": 0.24346614338545955,
        "kappa_gapee": 0.0,
        "kappa_gapei": 0.43707049122159736,
        "kappa_gapii": 0.61625404935884,
        "kappa_see": 3.48615197067594,
        "kappa_sei": 3.761899286400282,
        "kappa_sie": 7.662702276830202,
        "kappa_sii": 9.004536317902419,
        "sigma_se": 0.08926333756018999,
        "sigma_si": 0.1,
        "taue": 15.519309496397849,
        "taui": 19.192192830555626,
        "tauxe": 31.187032079354434,
        "tauxi": 55.09636055538452,
        "vsyn_ee": 11.656156721091504,
        "vsyn_ei": 6.482832760187893,
        "vsyn_ie": -56.339644191636246,
        "vsyn_ii": -34.18001303599455
    },
    "timestamp": 1746279759
}