{
    "fitness": 48.51449209638283,
    "generation": 0,
    "parameters": {
        "alphaee": 0.37074475266639384,
        "alphaei": 0.22713892956013854,
        "alphaie": 0.35842829848452484,
        "alphaii": 0.0899487188642852,
        "deltae": 0.14293227764608638,
        "deltai": 0.18543810348918705,
        "eta0e": 1.241411628222042,
        "eta0i": 2.5701635617910643,
        "kappa_gapee": 0.05756516589261397,
        "kappa_gapei": 0.3919928253448596,
        "kappa_gapii": 0.7756344573709004,
        "kappa_see": 8.625799572539504,
        "kappa_sei": 9.299120802648003,
        "kappa_sie": 0.9231667229329632,
        "kappa_sii": 9.580369021323497,
        "sigma_se": 0.05867240368265437,
        "sigma_si": 0.06594415744382559,
        "taue": 10.994466626865027,
        "taui": 14.170428986023666,
        "tauxe": 96.55716838925423,
        "tauxi": 36.902944703491166,
        "vsyn_ee": 5.016265322932909,
        "vsyn_ei": 12.025516432643421,
        "vsyn_ie": -23.538508784280324,
        "vsyn_ii": -85.25429876192932
    },
    "timestamp": 1746280892
}