{
    "fitness": 51.07283103782976,
    "generation": 0,
    "parameters": {
        "alphaee": 0.8576357450756519,
        "alphaei": 0.956069990895644,
        "alphaie": 0.26690137940718733,
        "alphaii": 0.7129947582476772,
        "deltae": 0.36547080909538177,
        "deltai": 0.052161654582014313,
        "eta0e": 1.6199204746320097,
        "eta0i": 3.190345026494816,
        "kappa_gapee": 0.1498653710281582,
        "kappa_gapei": 0.4942880810215416,
        "kappa_gapii": 0.41065976153453865,
        "kappa_see": 8.453549294602634,
        "kappa_sei": 1.1377520758770083,
        "kappa_sie": 3.621168773402451,
        "kappa_sii": 4.702029038147459,
        "sigma_se": 0.024385017300384906,
        "sigma_si": 0.027103722039100518,
        "taue": 19.110812864906123,
        "taui": 11.907126420574663,
        "tauxe": 69.19577807755819,
        "tauxi": 31.014619130392767,
        "vsyn_ee": 18.37157316152128,
        "vsyn_ei": 12.978191777731833,
        "vsyn_ie": -43.92339432939864,
        "vsyn_ii": -67.31963387917204
    },
    "timestamp": 1746271248
}