{
    "fitness": 112.33899663367168,
    "generation": 0,
    "parameters": {
        "alphaee": 0.17864644909852992,
        "alphaei": 0.025152539117216776,
        "alphaie": 0.041629832612506516,
        "alphaii": 0.2412290977326138,
        "deltae": 0.10386086701174634,
        "deltai": 0.4973383364478588,
        "eta0e": 2.167074464606977,
        "eta0i": 3.5656789175363985,
        "kappa_gapee": 0.08635395505485964,
        "kappa_gapei": 0.2513535817188578,
        "kappa_gapii": 0.3561373452811969,
        "kappa_see": 1.7812895126871917,
        "kappa_sei": 9.82457987704655,
        "kappa_sie": 2.7720559059596597,
        "kappa_sii": 9.765115338302298,
        "sigma_se": 0.022037112949069064,
        "sigma_si": 0.09283186255206581,
        "taue": 18.858240567161708,
        "taui": 18.67011784786037,
        "tauxe": 36.650358276930184,
        "tauxi": 86.37831088045648,
        "vsyn_ee": 13.595481565347734,
        "vsyn_ei": 7.8803236881994945,
        "vsyn_ie": -76.97528228908644,
        "vsyn_ii": -44.62618616459622
    },
    "timestamp": 1746271295
}