{
    "fitness": 174.1450745276983,
    "generation": 0,
    "parameters": {
        "alphaee": 0.8422348167820953,
        "alphaei": 0.8587240914424693,
        "alphaie": 0.35034900062960767,
        "alphaii": 0.23138311897713432,
        "deltae": 0.18162391579079495,
        "deltai": 0.27593345447428536,
        "eta0e": 4.379324682400367,
        "eta0i": 2.483760747738297,
        "kappa_gapee": 0.03520634969102472,
        "kappa_gapei": 0.14454204893493713,
        "kappa_gapii": 0.027280666030350106,
        "kappa_see": 5.425436150106393,
        "kappa_sei": 3.1377590252620755,
        "kappa_sie": 9.478383585625158,
        "kappa_sii": 7.319755782741105,
        "sigma_se": 0.09278745932662032,
        "sigma_si": 0.06783665277370488,
        "taue": 24.737788658880678,
        "taui": 13.839272362677168,
        "tauxe": 67.22277755046632,
        "tauxi": 55.669639991295796,
        "vsyn_ee": 3.449363654497203,
        "vsyn_ei": 1.2070323972537058,
        "vsyn_ie": -84.57395922189173,
        "vsyn_ii": -31.36742852395065
    },
    "timestamp": 1746272023
}