{
    "fitness": 100.07163147590501,
    "generation": 0,
    "parameters": {
        "alphaee": 0.034651044607477685,
        "alphaei": 0.6143129147095503,
        "alphaie": 0.799064260914846,
        "alphaii": 0.34795609878325123,
        "deltae": 0.20838621474506708,
        "deltai": 0.4754008560240362,
        "eta0e": 3.1093864347025684,
        "eta0i": 3.3290958807145232,
        "kappa_gapee": 0.07424294271602103,
        "kappa_gapei": 0.23195684514741702,
        "kappa_gapii": 0.7709684435840065,
        "kappa_see": 0.8298557569859167,
        "kappa_sei": 6.744935559552503,
        "kappa_sie": 3.183390218680482,
        "kappa_sii": 2.677446032523723,
        "sigma_se": 0.09865558585350866,
        "sigma_si": 0.08842160501597136,
        "taue": 15.566466287788481,
        "taui": 23.044775345201796,
        "tauxe": 89.7308913861697,
        "tauxi": 41.40659980257324,
        "vsyn_ee": 12.94431873491049,
        "vsyn_ei": 16.289894264736308,
        "vsyn_ie": -16.77428742428802,
        "vsyn_ii": -81.20288886505702
    },
    "timestamp": 1746271737
}