{
    "fitness": 80.65856061711175,
    "generation": 0,
    "parameters": {
        "alphaee": 0.08148791962855986,
        "alphaei": 0.12891579994216684,
        "alphaie": 0.6132895247049762,
        "alphaii": 0.886356608434733,
        "deltae": 0.459407296347069,
        "deltai": 0.558051944357993,
        "eta0e": 2.0516737079935954,
        "eta0i": 3.895918797861267,
        "kappa_gapee": 0.1042476597830278,
        "kappa_gapei": 0.15049671795510366,
        "kappa_gapii": 0.22561434722952345,
        "kappa_see": 9.5037044313255,
        "kappa_sei": 4.787157140184659,
        "kappa_sie": 9.744003234012046,
        "kappa_sii": 7.06965723002261,
        "sigma_se": 0.027127886296479414,
        "sigma_si": 0.014902901736396128,
        "taue": 16.430172971413555,
        "taui": 12.311051697987544,
        "tauxe": 29.801015561943448,
        "tauxi": 58.59237305980458,
        "vsyn_ee": 2.307661285677617,
        "vsyn_ei": 12.658538752945418,
        "vsyn_ie": -79.92213536657943,
        "vsyn_ii": -75.3218595291756
    },
    "timestamp": 1746271940
}