{
    "fitness": 99.21513795422146,
    "generation": 0,
    "parameters": {
        "alphaee": 0.060287308397410956,
        "alphaei": 0.5824470265420822,
        "alphaie": 0.4143847862642368,
        "alphaii": 0.4955474051961235,
        "deltae": 0.565282762609172,
        "deltai": 0.29204555802947235,
        "eta0e": 2.220729199719359,
        "eta0i": 3.5253106383256725,
        "kappa_gapee": 0.06229104174332192,
        "kappa_gapei": 0.47522041612914373,
        "kappa_gapii": 0.1536220509528786,
        "kappa_see": 7.156755441442744,
        "kappa_sei": 5.581025538361353,
        "kappa_sie": 9.424469974392778,
        "kappa_sii": 8.488086053099881,
        "sigma_se": 0.0386390305816454,
        "sigma_si": 0.059297701242653864,
        "taue": 14.101340738197365,
        "taui": 19.534083345768405,
        "tauxe": 69.36170898687685,
        "tauxi": 80.72273575210852,
        "vsyn_ee": 7.431844499366656,
        "vsyn_ei": 8.608795475728432,
        "vsyn_ie": -95.65667947845702,
        "vsyn_ii": -32.852147056928814
    },
    "timestamp": 1746271463
}