{
    "fitness": 65.04312746317291,
    "generation": 0,
    "parameters": {
        "alphaee": 0.5951783197030893,
        "alphaei": 0.7791414806581897,
        "alphaie": 0.20484898802787893,
        "alphaii": 0.14691276341384907,
        "deltae": 0.21254867006506556,
        "deltai": 0.22702324603917445,
        "eta0e": 2.4364050378554984,
        "eta0i": 3.7006728422793618,
        "kappa_gapee": 0.07391016836968127,
        "kappa_gapei": 0.3733562697961807,
        "kappa_gapii": 0.3717017506886177,
        "kappa_see": 6.259578536788749,
        "kappa_sei": 8.749605331137715,
        "kappa_sie": 9.50527583660718,
        "kappa_sii": 4.7548197824865674,
        "sigma_se": 0.07995465194451334,
        "sigma_si": 0.09970266584671249,
        "taue": 11.760825663999752,
        "taui": 14.467089555533597,
        "tauxe": 25.19477428173579,
        "tauxi": 95.9426290964094,
        "vsyn_ee": 10.122374381887061,
        "vsyn_ei": 10.881788173411174,
        "vsyn_ie": -1.6498648994760146,
        "vsyn_ii": -37.206624549688925
    },
    "timestamp": 1746271868
}