{
    "fitness": 54.13566355083309,
    "generation": 0,
    "parameters": {
        "alphaee": 0.22087235736752395,
        "alphaei": 0.2772501919990966,
        "alphaie": 0.8446900018418805,
        "alphaii": 0.18434805576825553,
        "deltae": 0.08224059300254329,
        "deltai": 0.12060930182650643,
        "eta0e": 1.9191955650353645,
        "eta0i": 4.670421541637029,
        "kappa_gapee": 0.07430022106748946,
        "kappa_gapei": 0.032921050932730275,
        "kappa_gapii": 0.3960114349305938,
        "kappa_see": 1.2401699947011977,
        "kappa_sei": 1.1903425860305175,
        "kappa_sie": 3.4358012225917465,
        "kappa_sii": 8.257441591637791,
        "sigma_se": 0.02152336799015165,
        "sigma_si": 0.01207861543637985,
        "taue": 9.528151342070547,
        "taui": 23.484579174825708,
        "tauxe": 83.50873187250386,
        "tauxi": 75.00311790219186,
        "vsyn_ee": 6.2293221110942865,
        "vsyn_ei": 17.385579725528636,
        "vsyn_ie": -47.45919155993656,
        "vsyn_ii": -14.977979757808612
    },
    "timestamp": 1746271892
}