{
    "fitness": 53.0146623229353,
    "generation": 0,
    "parameters": {
        "alphaee": 0.3289412039375917,
        "alphaei": 0.05147045619347882,
        "alphaie": 0.6833688328780697,
        "alphaii": 0.9206762385620025,
        "deltae": 0.1105066543522368,
        "deltai": 0.5882256907088911,
        "eta0e": 2.1994935881094704,
        "eta0i": 4.174137303192945,
        "kappa_gapee": 0.0222123937864616,
        "kappa_gapei": 0.26579626513002175,
        "kappa_gapii": 0.36910457965017096,
        "kappa_see": 1.0543302613584253,
        "kappa_sei": 7.005195897470745,
        "kappa_sie": 5.772708333695435,
        "kappa_sii": 3.5488450695506395,
        "sigma_se": 0.046176357712043946,
        "sigma_si": 0.018686322757583168,
        "taue": 7.442458437296549,
        "taui": 8.13019138252303,
        "tauxe": 99.17439620198897,
        "tauxi": 57.6358610732516,
        "vsyn_ee": 19.067664739447792,
        "vsyn_ei": 15.017064311773105,
        "vsyn_ie": -16.306155726072802,
        "vsyn_ii": -36.269940626345345
    },
    "timestamp": 1746272272
}