{
    "fitness": 48.638153726407666,
    "generation": 0,
    "parameters": {
        "alphaee": 0.32056979533319363,
        "alphaei": 0.0491110907744376,
        "alphaie": 0.5305001324541864,
        "alphaii": 0.08519091095259987,
        "deltae": 0.0726972089646458,
        "deltai": 0.10699383046207474,
        "eta0e": 3.804336191807703,
        "eta0i": 3.7000181991599863,
        "kappa_gapee": 0.019639257123583893,
        "kappa_gapei": 0.04234545705142556,
        "kappa_gapii": 0.35636020874936464,
        "kappa_see": 2.133005892212703,
        "kappa_sei": 3.9142969681824322,
        "kappa_sie": 6.301546928468746,
        "kappa_sii": 4.080264236248697,
        "sigma_se": 0.08584264535978572,
        "sigma_si": 0.06125156999744503,
        "taue": 20.50340302179104,
        "taui": 14.86182402103717,
        "tauxe": 45.31881607154497,
        "tauxi": 73.22624055053765,
        "vsyn_ee": 2.4986815251894092,
        "vsyn_ei": 1.7307168697219535,
        "vsyn_ie": -2.721874829176002,
        "vsyn_ii": -3.1584244456372517
    },
    "timestamp": 1746271224
}