{
    "fitness": 59.28375198090093,
    "generation": 0,
    "parameters": {
        "alphaee": 0.13681107433775255,
        "alphaei": 0.7622328020757089,
        "alphaie": 0.8683480777730893,
        "alphaii": 0.8297225891769833,
        "deltae": 0.2770189392485526,
        "deltai": 0.3057295816089762,
        "eta0e": 4.215508333522967,
        "eta0i": 2.579294553355458,
        "kappa_gapee": 0.0939959719353829,
        "kappa_gapei": 0.20526443943017317,
        "kappa_gapii": 0.4767608471606779,
        "kappa_see": 6.589948313392997,
        "kappa_sei": 1.2947279506304195,
        "kappa_sie": 5.49244445832495,
        "kappa_sii": 4.772367797718395,
        "sigma_se": 0.017788539294767872,
        "sigma_si": 0.03888063925630154,
        "taue": 21.744147107509754,
        "taui": 18.866067315804315,
        "tauxe": 44.822761608559496,
        "tauxi": 60.3732017913905,
        "vsyn_ee": 10.418670736556319,
        "vsyn_ei": 2.394116225756143,
        "vsyn_ie": -14.915080934544307,
        "vsyn_ii": -89.63819717232879
    },
    "timestamp": 1746271367
}