{
    "fitness": 54.625075631238765,
    "generation": 0,
    "parameters": {
        "alphaee": 0.5351554115307875,
        "alphaei": 0.4074640976151151,
        "alphaie": 0.6842709047031162,
        "alphaii": 0.8196834654791832,
        "deltae": 0.5261714423099975,
        "deltai": 0.5049738968288943,
        "eta0e": 2.9543309808332325,
        "eta0i": 1.8632934165524029,
        "kappa_gapee": 0.002282643195761461,
        "kappa_gapei": 0.2503652628153262,
        "kappa_gapii": 0.46740727948633326,
        "kappa_see": 6.501054953318842,
        "kappa_sei": 9.529228085239108,
        "kappa_sie": 4.90896172022721,
        "kappa_sii": 6.834098341529488,
        "sigma_se": 0.0749250685697444,
        "sigma_si": 0.06710985869464353,
        "taue": 11.772369148440124,
        "taui": 12.56792156889182,
        "tauxe": 46.21922368671609,
        "tauxi": 27.76066256700808,
        "vsyn_ee": 11.081528276983375,
        "vsyn_ei": 11.706084881274727,
        "vsyn_ie": -61.17107276083431,
        "vsyn_ii": -14.47133024426229
    },
    "timestamp": 1746272153
}