{
    "fitness": 193.64227052627055,
    "generation": 0,
    "parameters": {
        "alphaee": 0.11015656835349737,
        "alphaei": 0.6725600802856317,
        "alphaie": 0.6128986641665654,
        "alphaii": 0.5804352056080047,
        "deltae": 0.474302183277346,
        "deltai": 0.13522232254249467,
        "eta0e": 3.5803074875131484,
        "eta0i": 3.362232056070093,
        "kappa_gapee": 0.1718661483344227,
        "kappa_gapei": 0.005934169213477296,
        "kappa_gapii": 0.7241558805844833,
        "kappa_see": 5.837778447562879,
        "kappa_sei": 9.331232325039684,
        "kappa_sie": 1.4029243985791813,
        "kappa_sii": 5.985055378089803,
        "sigma_se": 0.03680678810967116,
        "sigma_si": 0.05890376614915605,
        "taue": 5.093646403745764,
        "taui": 5.349944674559812,
        "tauxe": 66.51723531110548,
        "tauxi": 95.11291212290517,
        "vsyn_ee": 8.059330770929677,
        "vsyn_ei": 5.959856364769706,
        "vsyn_ie": -1.6330888756332342,
        "vsyn_ii": -60.75017575091202
    },
    "timestamp": 1746271331
}