{
    "fitness": 53.740814249407165,
    "generation": 0,
    "parameters": {
        "alphaee": 0.7436751934429905,
        "alphaei": 0.7788159675084024,
        "alphaie": 0.3037648364090457,
        "alphaii": 0.0983173505045819,
        "deltae": 0.3331017792712157,
        "deltai": 0.18695615275349142,
        "eta0e": 4.902853333396603,
        "eta0i": 2.0878789684896817,
        "kappa_gapee": 0.03734306756735645,
        "kappa_gapei": 0.1875246704091767,
        "kappa_gapii": 0.5498139131886493,
        "kappa_see": 0.9116533928479148,
        "kappa_sei": 6.440629404316308,
        "kappa_sie": 5.410211799332075,
        "kappa_sii": 8.710739173593717,
        "sigma_se": 0.09788096387938099,
        "sigma_si": 0.05174658064447151,
        "taue": 6.286093687803076,
        "taui": 9.539936138917248,
        "tauxe": 47.872820899941985,
        "tauxi": 87.95958768402924,
        "vsyn_ee": 2.9983815812573438,
        "vsyn_ei": 14.886534931938439,
        "vsyn_ie": -94.42976765488031,
        "vsyn_ii": -11.904068445419611
    },
    "timestamp": 1746271880
}