{
    "fitness": 175.28697586933254,
    "generation": 0,
    "parameters": {
        "alphaee": 0.5745859146715858,
        "alphaei": 0.7381767597220812,
        "alphaie": 0.5966425175123617,
        "alphaii": 0.36228977967652615,
        "deltae": 0.4603378449428741,
        "deltai": 0.12040974595199239,
        "eta0e": 3.7925270628352523,
        "eta0i": 3.107883344205175,
        "kappa_gapee": 0.024747387764987964,
        "kappa_gapei": 0.29605638289816016,
        "kappa_gapii": 0.5899668822928227,
        "kappa_see": 3.2688754813784513,
        "kappa_sei": 2.153506911773586,
        "kappa_sie": 0.42327998035286246,
        "kappa_sii": 1.687559604254736,
        "sigma_se": 0.029681863000233545,
        "sigma_si": 0.021293498482284793,
        "taue": 10.22622487510331,
        "taui": 14.535210585292335,
        "tauxe": 54.341034236422004,
        "tauxi": 64.00694376725099,
        "vsyn_ee": 6.570734993664404,
        "vsyn_ei": 3.777016778419502,
        "vsyn_ie": -13.740580326542485,
        "vsyn_ii": -59.257384348210365
    },
    "timestamp": 1746271714
}