{
    "fitness": 73.28739775338781,
    "generation": 0,
    "parameters": {
        "alphaee": 0.6712723222339667,
        "alphaei": 0.7903118325686689,
        "alphaie": 0.5196107898240439,
        "alphaii": 0.1536114844958319,
        "deltae": 0.21109205416664012,
        "deltai": 0.16753186780421148,
        "eta0e": 3.3555713249963848,
        "eta0i": 1.5497365272283155,
        "kappa_gapee": 0.1925367504535362,
        "kappa_gapei": 0.19088673655638086,
        "kappa_gapii": 0.08271375241946499,
        "kappa_see": 4.441178258571307,
        "kappa_sei": 6.552091707479358,
        "kappa_sie": 8.61660779813903,
        "kappa_sii": 0.8527222023118399,
        "sigma_se": 0.017362900009287637,
        "sigma_si": 0.0667258504649199,
        "taue": 6.421123356354905,
        "taui": 20.203535880749953,
        "tauxe": 31.888445907405167,
        "tauxi": 63.70855684064827,
        "vsyn_ee": 4.326883880088554,
        "vsyn_ei": 6.007361489737341,
        "vsyn_ie": -22.34498073394441,
        "vsyn_ii": -75.18537696222386
    },
    "timestamp": 1746272094
}