{
    "fitness": 55.654504109134706,
    "generation": 0,
    "parameters": {
        "alphaee": 0.31070008484842554,
        "alphaei": 0.06740675057887066,
        "alphaie": 0.5793510754996716,
        "alphaii": 0.24477895483498757,
        "deltae": 0.4203170903113199,
        "deltai": 0.5198976990391878,
        "eta0e": 1.9063809804208318,
        "eta0i": 0.8175587874921391,
        "kappa_gapee": 0.12869358872271705,
        "kappa_gapei": 0.19757033577388886,
        "kappa_gapii": 0.2052333477367487,
        "kappa_see": 6.952338982191098,
        "kappa_sei": 6.851551658488419,
        "kappa_sie": 1.8908825916837553,
        "kappa_sii": 2.0473130864631486,
        "sigma_se": 0.09413853967940901,
        "sigma_si": 0.04810386205475286,
        "taue": 7.795390797059332,
        "taui": 10.814673194541726,
        "tauxe": 29.045926821095584,
        "tauxi": 23.994035677319335,
        "vsyn_ee": 6.558468510422171,
        "vsyn_ei": 9.030980298160376,
        "vsyn_ie": -68.08889466369597,
        "vsyn_ii": -97.01324581322605
    },
    "timestamp": 1746271796
}