{
    "fitness": 47.94338016529128,
    "generation": 0,
    "parameters": {
        "alphaee": 0.793584208786106,
        "alphaei": 0.8178713827191144,
        "alphaie": 0.739587480112186,
        "alphaii": 0.7116293752100986,
        "deltae": 0.39652105152755013,
        "deltai": 0.5635681151694439,
        "eta0e": 0.7045320266633193,
        "eta0i": 1.4883883435997989,
        "kappa_gapee": 0.11467967219392804,
        "kappa_gapei": 0.10117239618414976,
        "kappa_gapii": 0.5523242674914834,
        "kappa_see": 5.40415035084021,
        "kappa_sei": 3.541382489763027,
        "kappa_sie": 5.279879069012511,
        "kappa_sii": 9.004536317902419,
        "sigma_se": 0.03638169161089851,
        "sigma_si": 0.09874504435076333,
        "taue": 15.319233814194392,
        "taui": 9.62563429493678,
        "tauxe": 69.26823291061386,
        "tauxi": 41.478854085898746,
        "vsyn_ee": 12.053783764156556,
        "vsyn_ei": 10.620780018350139,
        "vsyn_ie": -56.339644191636246,
        "vsyn_ii": -21.58225759664211
    },
    "timestamp": 1746271678
}