{
    "fitness": 94.05118870679782,
    "generation": 0,
    "parameters": {
        "alphaee": 0.2583936194721185,
        "alphaei": 0.16362189385480333,
        "alphaie": 0.629875403516593,
        "alphaii": 0.252637793478208,
        "deltae": 0.29040204883384074,
        "deltai": 0.3382993775723471,
        "eta0e": 3.900887096199396,
        "eta0i": 1.0683467629034082,
        "kappa_gapee": 0.13839623872877918,
        "kappa_gapei": 0.09720088062085504,
        "kappa_gapii": 0.7306101409343583,
        "kappa_see": 3.602680923475001,
        "kappa_sei": 9.26398517567346,
        "kappa_sie": 2.0560678718264964,
        "kappa_sii": 8.949843105178262,
        "sigma_se": 0.038334899824341885,
        "sigma_si": 0.014338961209744483,
        "taue": 22.33747930254069,
        "taui": 22.4342392684421,
        "tauxe": 53.339806388495546,
        "tauxi": 48.64550180772761,
        "vsyn_ee": 6.986167966658857,
        "vsyn_ei": 16.342089517223393,
        "vsyn_ie": -36.307395567502155,
        "vsyn_ii": -63.79456968386067
    },
    "timestamp": 1746272177
}