{
    "fitness": 53.47755008432764,
    "generation": 0,
    "parameters": {
        "alphaee": 0.6534696171862677,
        "alphaei": 0.5119025785949386,
        "alphaie": 0.6016144767714883,
        "alphaii": 0.5461436775683386,
        "deltae": 0.24876592548470144,
        "deltai": 0.5470849954446564,
        "eta0e": 1.9176687577302365,
        "eta0i": 3.0435438335778784,
        "kappa_gapee": 0.10985769864502204,
        "kappa_gapei": 0.2579356481878112,
        "kappa_gapii": 0.09254579695831903,
        "kappa_see": 4.977572012044699,
        "kappa_sei": 7.24331759942411,
        "kappa_sie": 8.189840710061398,
        "kappa_sii": 1.8774101162300056,
        "sigma_se": 0.04581655574007744,
        "sigma_si": 0.05989320402168072,
        "taue": 11.229564778258695,
        "taui": 5.869545790081991,
        "tauxe": 55.36882616780039,
        "tauxi": 89.9298846087485,
        "vsyn_ee": 18.99728910497545,
        "vsyn_ei": 8.843823403346523,
        "vsyn_ie": -65.85769086270533,
        "vsyn_ii": -89.42437774338521
    },
    "timestamp": 1746272046
}