{
    "fitness": 65.17844189425,
    "generation": 0,
    "parameters": {
        "alphaee": 0.7761964247021124,
        "alphaei": 0.6441080711933356,
        "alphaie": 0.9225375054961314,
        "alphaii": 0.4963762362369709,
        "deltae": 0.38411900941536686,
        "deltai": 0.40729691469463786,
        "eta0e": 4.7686001469547135,
        "eta0i": 0.8012952175213949,
        "kappa_gapee": 0.14926848082975402,
        "kappa_gapei": 0.2516101655424184,
        "kappa_gapii": 0.7755738929288388,
        "kappa_see": 8.070468356170737,
        "kappa_sei": 0.540233632858004,
        "kappa_sie": 3.877865728945081,
        "kappa_sii": 5.5640354887627606,
        "sigma_se": 0.048858425638926596,
        "sigma_si": 0.07392146853814092,
        "taue": 9.815839400864519,
        "taui": 11.267928437269463,
        "tauxe": 51.97836199383537,
        "tauxi": 77.37724726583204,
        "vsyn_ee": 5.329015480735227,
        "vsyn_ei": 15.517719352546052,
        "vsyn_ie": -33.9233624100805,
        "vsyn_ii": -63.91148575061635
    },
    "timestamp": 1746271904
}