{
    "fitness": 75.98180777514102,
    "generation": 0,
    "parameters": {
        "alphaee": 0.9721784430557637,
        "alphaei": 0.6735981805077444,
        "alphaie": 0.9637134810464423,
        "alphaii": 0.9414017876432521,
        "deltae": 0.40335136724724446,
        "deltai": 0.2870162979036221,
        "eta0e": 3.330486042881435,
        "eta0i": 0.9956130970236304,
        "kappa_gapee": 0.042039713048489795,
        "kappa_gapei": 0.2316499273327193,
        "kappa_gapii": 0.668586456629228,
        "kappa_see": 4.812047725855999,
        "kappa_sei": 3.2324363928919393,
        "kappa_sie": 2.988514648932206,
        "kappa_sii": 5.573945321820794,
        "sigma_se": 0.01181668910947166,
        "sigma_si": 0.05085362140662431,
        "taue": 16.980932886432868,
        "taui": 9.724395822421817,
        "tauxe": 26.219792386106754,
        "tauxi": 90.64887431802744,
        "vsyn_ee": 4.21617038091974,
        "vsyn_ei": 4.395415931733712,
        "vsyn_ie": -59.762179848793714,
        "vsyn_ii": -81.64585811395537
    },
    "timestamp": 1746271260
}