{
    "fitness": 97.75203631209938,
    "generation": 0,
    "parameters": {
        "alphaee": 0.6518703394887958,
        "alphaei": 0.8777399338015941,
        "alphaie": 0.9198738389233955,
        "alphaii": 0.8864364902884638,
        "deltae": 0.05893299721780807,
        "deltai": 0.4256170810813406,
        "eta0e": 4.700458657837653,
        "eta0i": 1.0206831834377452,
        "kappa_gapee": 0.05276999704560564,
        "kappa_gapei": 0.48623812379627557,
        "kappa_gapii": 0.09527119408188651,
        "kappa_see": 4.195199928735822,
        "kappa_sei": 6.624902350674333,
        "kappa_sie": 7.093590584934458,
        "kappa_sii": 3.2326925105003923,
        "sigma_se": 0.02276117961939441,
        "sigma_si": 0.025157774691680568,
        "taue": 21.161550148096097,
        "taui": 6.743682176260925,
        "tauxe": 38.63279711074079,
        "tauxi": 72.60341417543226,
        "vsyn_ee": 1.0035906907921468,
        "vsyn_ei": 17.754013682048445,
        "vsyn_ie": -24.739514914838622,
        "vsyn_ii": -8.252226624452504
    },
    "timestamp": 1746271975
}