{
    "fitness": 60.436132187968354,
    "generation": 0,
    "parameters": {
        "alphaee": 0.32458480985007143,
        "alphaei": 0.01647003759601963,
        "alphaie": 0.6970752855440605,
        "alphaii": 0.26937680507002654,
        "deltae": 0.2382256950614185,
        "deltai": 0.42314057246228,
        "eta0e": 2.7097463909840447,
        "eta0i": 3.831074136961514,
        "kappa_gapee": 0.13338620790389574,
        "kappa_gapei": 0.1571333104664742,
        "kappa_gapii": 0.21212771517949564,
        "kappa_see": 4.52070302921107,
        "kappa_sei": 5.8844703035034165,
        "kappa_sie": 2.6436639466467176,
        "kappa_sii": 2.571177226086666,
        "sigma_se": 0.031149874510667766,
        "sigma_si": 0.09546466878060987,
        "taue": 9.033583340511223,
        "taui": 10.06369573653846,
        "tauxe": 84.98761507008274,
        "tauxi": 24.842907441531594,
        "vsyn_ee": 6.020081847886833,
        "vsyn_ei": 12.211182838606542,
        "vsyn_ie": -53.33934521562735,
        "vsyn_ii": -17.282957908624184
    },
    "timestamp": 1746271404
}