{
    "fitness": 83.46334457616496,
    "generation": 0,
    "parameters": {
        "alphaee": 0.06781875813672311,
        "alphaei": 0.9020336544295474,
        "alphaie": 0.6313631887812913,
        "alphaii": 0.7317170268588197,
        "deltae": 0.34923356937921124,
        "deltai": 0.5659531109905442,
        "eta0e": 3.43178341081682,
        "eta0i": 4.986676780710208,
        "kappa_gapee": 0.13309819876424217,
        "kappa_gapei": 0.36472950501366147,
        "kappa_gapii": 0.22932778952446387,
        "kappa_see": 2.1240384589620613,
        "kappa_sei": 4.945332657706496,
        "kappa_sie": 8.390245527157555,
        "kappa_sii": 7.191203523967388,
        "sigma_se": 0.08946111290735594,
        "sigma_si": 0.03246144163810982,
        "taue": 22.45162536096127,
        "taui": 18.404902616152903,
        "tauxe": 61.830553661397836,
        "tauxi": 80.32301704034441,
        "vsyn_ee": 5.147316464410039,
        "vsyn_ei": 10.73802144420543,
        "vsyn_ie": -50.42613956602526,
        "vsyn_ii": -10.289151054891178
    },
    "timestamp": 1746271749
}