{
    "fitness": 175.28697586933254,
    "generation": 0,
    "parameters": {
        "alphaee": 0.5666258846508647,
        "alphaei": 0.7889390223979271,
        "alphaie": 0.7993244377399015,
        "alphaii": 0.22882503274577143,
        "deltae": 0.17219323636091077,
        "deltai": 0.5035045590612558,
        "eta0e": 0.6535038093845655,
        "eta0i": 4.337820450259775,
        "kappa_gapee": 0.10267894288803742,
        "kappa_gapei": 0.23076663053491525,
        "kappa_gapii": 0.7800427896659209,
        "kappa_see": 4.100405438115424,
        "kappa_sei": 1.1324170397692188,
        "kappa_sie": 1.3691115276348256,
        "kappa_sii": 5.982555944838478,
        "sigma_se": 0.03476894985987,
        "sigma_si": 0.03908140659135234,
        "taue": 11.74533405182239,
        "taui": 14.082746646588987,
        "tauxe": 99.24849859092022,
        "tauxi": 27.140725645009432,
        "vsyn_ee": 3.485829334880861,
        "vsyn_ei": 4.410855168785943,
        "vsyn_ie": -26.92728912286789,
        "vsyn_ii": -18.600216691076042
    },
    "timestamp": 1746271391
}