{
    "fitness": 119.58920867835903,
    "generation": 0,
    "parameters": {
        "alphaee": 0.07346247473633954,
        "alphaei": 0.7815157121238385,
        "alphaie": 0.11220577411382156,
        "alphaii": 0.21724634727744385,
        "deltae": 0.5554045389499507,
        "deltai": 0.27537322224347405,
        "eta0e": 1.3587276675225906,
        "eta0i": 2.759124587118229,
        "kappa_gapee": 0.19556958340628516,
        "kappa_gapei": 0.3760226509808956,
        "kappa_gapii": 0.01573806552695196,
        "kappa_see": 8.697983194108206,
        "kappa_sei": 6.4442850812758,
        "kappa_sie": 6.162550733531341,
        "kappa_sii": 2.04670450701388,
        "sigma_se": 0.07860790024509902,
        "sigma_si": 0.0660045850226861,
        "taue": 6.576664096444485,
        "taui": 12.01522537038987,
        "tauxe": 52.5008505162696,
        "tauxi": 98.85728306476145,
        "vsyn_ee": 17.25574144422093,
        "vsyn_ei": 9.38017640812867,
        "vsyn_ie": -37.76843611739712,
        "vsyn_ii": -50.94608605137016
    },
    "timestamp": 1746271440
}