{
    "fitness": 136.37075116594679,
    "generation": 0,
    "parameters": {
        "alphaee": 0.30081203374880155,
        "alphaei": 0.9869111308988389,
        "alphaie": 0.015639183165209507,
        "alphaii": 0.12150614959380449,
        "deltae": 0.2545675626492534,
        "deltai": 0.5963582046162349,
        "eta0e": 1.5925351814490663,
        "eta0i": 3.7437058712732565,
        "kappa_gapee": 0.13626336008626758,
        "kappa_gapei": 0.04204884011724932,
        "kappa_gapii": 0.5029055854567712,
        "kappa_see": 7.860675090144152,
        "kappa_sei": 3.014865856418537,
        "kappa_sie": 8.634178746530562,
        "kappa_sii": 9.35413391037708,
        "sigma_se": 0.03499644402164481,
        "sigma_si": 0.025518205606042593,
        "taue": 5.835442012474571,
        "taui": 22.820257556278108,
        "tauxe": 32.983028062914485,
        "tauxi": 71.44362373050474,
        "vsyn_ee": 14.987635285290622,
        "vsyn_ei": 7.688998492882659,
        "vsyn_ie": -40.71108059544843,
        "vsyn_ii": -20.146655221554425
    },
    "timestamp": 1746272224
}