{
    "fitness": 175.28697586933254,
    "generation": 0,
    "parameters": {
        "alphaee": 0.08730758241256201,
        "alphaei": 0.6111462477672099,
        "alphaie": 0.42630714146473997,
        "alphaii": 0.4511439904495604,
        "deltae": 0.055744885466061454,
        "deltai": 0.20871161255292625,
        "eta0e": 1.2868610766987423,
        "eta0i": 3.3640316177648026,
        "kappa_gapee": 0.19684866285272043,
        "kappa_gapei": 0.3771497564795217,
        "kappa_gapii": 0.7986974104729888,
        "kappa_see": 6.990884133018482,
        "kappa_sei": 3.9649500597848193,
        "kappa_sie": 0.5517257620683507,
        "kappa_sii": 7.5530688767742955,
        "sigma_se": 0.08262296620929643,
        "sigma_si": 0.03902478766575746,
        "taue": 20.85293649497414,
        "taui": 20.437620365034075,
        "tauxe": 26.715718996783284,
        "tauxi": 66.9020781211131,
        "vsyn_ee": 4.633610320494387,
        "vsyn_ei": 6.498655160945572,
        "vsyn_ie": -54.69465358488954,
        "vsyn_ii": -86.44590014709658
    },
    "timestamp": 1746272260
}