{
    "fitness": 135.36926684557105,
    "generation": 0,
    "parameters": {
        "alphaee": 0.3929048079216223,
        "alphaei": 0.7709313191922488,
        "alphaie": 0.08844023231133845,
        "alphaii": 0.9277124386495449,
        "deltae": 0.5871374596462539,
        "deltai": 0.5983767715245336,
        "eta0e": 0.4759392917679601,
        "eta0i": 2.307320305961889,
        "kappa_gapee": 0.12662168621963568,
        "kappa_gapei": 0.45939209409485426,
        "kappa_gapii": 0.5090758697298274,
        "kappa_see": 1.245165896633181,
        "kappa_sei": 9.49513589788113,
        "kappa_sie": 6.370451966385503,
        "kappa_sii": 7.716517477681632,
        "sigma_se": 0.048592132282855645,
        "sigma_si": 0.0663171891899397,
        "taue": 20.383489467397954,
        "taui": 8.602982047104156,
        "tauxe": 90.33800110568559,
        "tauxi": 91.07105713960895,
        "vsyn_ee": 7.269084097202612,
        "vsyn_ei": 5.251802613352553,
        "vsyn_ie": -92.05413921454459,
        "vsyn_ii": -96.28476479912283
    },
    "timestamp": 1746271416
}