{
    "fitness": 175.28697586933254,
    "generation": 0,
    "parameters": {
        "alphaee": 0.08476158424067129,
        "alphaei": 0.6028272747940674,
        "alphaie": 0.7863090563187259,
        "alphaii": 0.7356391390587331,
        "deltae": 0.5502180838022236,
        "deltai": 0.07249408402313068,
        "eta0e": 2.1924798719785694,
        "eta0i": 3.5494151753859553,
        "kappa_gapee": 0.14278083049267865,
        "kappa_gapei": 0.09746970664516894,
        "kappa_gapii": 0.5402790948422892,
        "kappa_see": 4.913558620297997,
        "kappa_sei": 9.029360085522697,
        "kappa_sie": 1.118418162317566,
        "kappa_sii": 4.035476464844419,
        "sigma_se": 0.031845732106051745,
        "sigma_si": 0.02191124907568021,
        "taue": 22.48992408446444,
        "taui": 22.704412302914328,
        "tauxe": 29.78862980362903,
        "tauxi": 82.72492947443166,
        "vsyn_ee": 15.838685335943566,
        "vsyn_ei": 12.596222803746056,
        "vsyn_ie": -13.598018428944783,
        "vsyn_ii": -82.42674828195285
    },
    "timestamp": 1746272200
}