{
    "fitness": 62.03565701769417,
    "generation": 0,
    "parameters": {
        "alphaee": 0.15383833408179706,
        "alphaei": 0.07000064104786595,
        "alphaie": 0.38395946063418296,
        "alphaii": 0.8589230041281168,
        "deltae": 0.568487263607117,
        "deltai": 0.5343831121761541,
        "eta0e": 1.5019472200504682,
        "eta0i": 2.8382838237778762,
        "kappa_gapee": 0.0020530628336336404,
        "kappa_gapei": 0.06495329761995484,
        "kappa_gapii": 0.10300083396759444,
        "kappa_see": 9.064287558061476,
        "kappa_sei": 4.516455269888496,
        "kappa_sie": 0.10756740291054928,
        "kappa_sii": 2.3798300490616167,
        "sigma_se": 0.04628040892969379,
        "sigma_si": 0.016415743429116017,
        "taue": 14.112964704024064,
        "taui": 5.742684912820853,
        "tauxe": 52.81834524083723,
        "tauxi": 81.55476382252118,
        "vsyn_ee": 3.7133627263457605,
        "vsyn_ei": 9.50539365451535,
        "vsyn_ie": -3.88825590304711,
        "vsyn_ii": -21.191314512040307
    },
    "timestamp": 1746271343
}