{
    "fitness": 53.049425017673975,
    "generation": 0,
    "parameters": {
        "alphaee": 0.5058458911750672,
        "alphaei": 0.9238063206592457,
        "alphaie": 0.4732990211715111,
        "alphaii": 0.9912256694172438,
        "deltae": 0.28281620520634415,
        "deltai": 0.33619660150259817,
        "eta0e": 2.103350147081561,
        "eta0i": 0.9425572792648444,
        "kappa_gapee": 0.04570830247277006,
        "kappa_gapei": 0.4044820712033812,
        "kappa_gapii": 0.4479330782350392,
        "kappa_see": 0.9278788487793344,
        "kappa_sei": 5.961897135177121,
        "kappa_sie": 5.9408190041511295,
        "kappa_sii": 7.587778579564326,
        "sigma_se": 0.09399476437945495,
        "sigma_si": 0.07260764750835266,
        "taue": 24.84638189127464,
        "taui": 11.099963799309549,
        "tauxe": 85.24236360691438,
        "tauxi": 79.69783875049414,
        "vsyn_ee": 14.610837779957722,
        "vsyn_ei": 5.227030188869768,
        "vsyn_ie": -37.05172890124159,
        "vsyn_ii": -26.460890869302418
    },
    "timestamp": 1746271785
}