{
    "fitness": 131.66738679004823,
    "generation": 0,
    "parameters": {
        "alphaee": 0.1645774449578074,
        "alphaei": 0.8292560303999821,
        "alphaie": 0.3820730835176036,
        "alphaii": 0.5271279961202269,
        "deltae": 0.3939602443533156,
        "deltai": 0.34559785905390494,
        "eta0e": 4.929640725496718,
        "eta0i": 0.5695760013152043,
        "kappa_gapee": 0.14973114862049813,
        "kappa_gapei": 0.3434299054124015,
        "kappa_gapii": 0.16760179717326862,
        "kappa_see": 3.9422750878708266,
        "kappa_sei": 2.506616575558578,
        "kappa_sie": 2.801593549414232,
        "kappa_sii": 5.9717796045519735,
        "sigma_se": 0.012288330541250064,
        "sigma_si": 0.023240260991002244,
        "taue": 10.114302013754154,
        "taui": 8.804231027586887,
        "tauxe": 65.50917470362268,
        "tauxi": 53.99828612238617,
        "vsyn_ee": 7.399835007563204,
        "vsyn_ei": 17.97160374265755,
        "vsyn_ie": -59.52627914434123,
        "vsyn_ii": -95.19691332013484
    },
    "timestamp": 1746271642
}