{
    "fitness": 73.81440014912002,
    "generation": 0,
    "parameters": {
        "alphaee": 0.9947776350532243,
        "alphaei": 0.3436681757040772,
        "alphaie": 0.27703162648370866,
        "alphaii": 0.5365065312341044,
        "deltae": 0.1508784433581269,
        "deltai": 0.553805650647707,
        "eta0e": 1.31393554043724,
        "eta0i": 4.3850580234055405,
        "kappa_gapee": 0.07473461393749442,
        "kappa_gapei": 0.4945923914575945,
        "kappa_gapii": 0.38266041740119205,
        "kappa_see": 4.397513270446507,
        "kappa_sei": 7.397380536706814,
        "kappa_sie": 2.500528155248439,
        "kappa_sii": 0.5190941822654229,
        "sigma_se": 0.015333549937969608,
        "sigma_si": 0.0798437990692991,
        "taue": 11.171029109568053,
        "taui": 15.045596649856286,
        "tauxe": 77.37828602320911,
        "tauxi": 67.29692185888672,
        "vsyn_ee": 19.568353121161945,
        "vsyn_ei": 14.3180088025048,
        "vsyn_ie": -39.94871442315106,
        "vsyn_ii": -86.80169549351638
    },
    "timestamp": 1746272142
}