{
    "fitness": 101.31520770208202,
    "generation": 0,
    "parameters": {
        "alphaee": 0.36331982717448397,
        "alphaei": 0.696697404401328,
        "alphaie": 0.20423686885385828,
        "alphaii": 0.5142297343217361,
        "deltae": 0.44241759234842004,
        "deltai": 0.41098000671230117,
        "eta0e": 3.347970430578662,
        "eta0i": 4.2522663188296015,
        "kappa_gapee": 0.054058717345718627,
        "kappa_gapei": 0.001686111180765517,
        "kappa_gapii": 0.7628087304585696,
        "kappa_see": 4.6809077372687975,
        "kappa_sei": 9.488325692768383,
        "kappa_sie": 5.117010310399463,
        "kappa_sii": 3.6140301676967983,
        "sigma_se": 0.06333407009257425,
        "sigma_si": 0.02868718714351623,
        "taue": 14.961841869553037,
        "taui": 6.181261067803266,
        "tauxe": 54.2409566687857,
        "tauxi": 28.468833939697095,
        "vsyn_ee": 3.5497219564921383,
        "vsyn_ei": 15.281610356194104,
        "vsyn_ie": -11.988045129896804,
        "vsyn_ii": -11.44632883956993
    },
    "timestamp": 1746271964
}