{
    "fitness": 227.96127224105612,
    "generation": 0,
    "parameters": {
        "alphaee": 0.20453935398193504,
        "alphaei": 0.9439916888079418,
        "alphaie": 0.2769702156255996,
        "alphaii": 0.9912257208666743,
        "deltae": 0.5483952815148434,
        "deltai": 0.5366843952673552,
        "eta0e": 2.3224699735865126,
        "eta0i": 3.7395015609093556,
        "kappa_gapee": 0.08719364032224165,
        "kappa_gapei": 0.4756638299232813,
        "kappa_gapii": 0.2393153623550235,
        "kappa_see": 7.359335768489767,
        "kappa_sei": 5.380230688322165,
        "kappa_sie": 4.175754174065792,
        "kappa_sii": 4.9919821543961,
        "sigma_se": 0.06527744826242807,
        "sigma_si": 0.047128352720056915,
        "taue": 22.34276086829081,
        "taui": 8.570746396726332,
        "tauxe": 64.62733472545452,
        "tauxi": 90.9707598705043,
        "vsyn_ee": 3.439916682422924,
        "vsyn_ei": 15.690808055377207,
        "vsyn_ie": -46.58722666983165,
        "vsyn_ii": -2.6986830520195326
    },
    "timestamp": 1746271452
}