{
    "fitness": 140.18074683216605,
    "generation": 0,
    "parameters": {
        "alphaee": 0.6725412245242868,
        "alphaei": 0.9579189784221571,
        "alphaie": 0.6115560434014585,
        "alphaii": 0.4598834037697724,
        "deltae": 0.3074726731901549,
        "deltai": 0.26839615166665504,
        "eta0e": 1.4412579916024806,
        "eta0i": 1.8107217370545812,
        "kappa_gapee": 0.09586524056502013,
        "kappa_gapei": 0.4857083139541434,
        "kappa_gapii": 0.6051471403631539,
        "kappa_see": 1.4618477332347897,
        "kappa_sei": 5.678213504950036,
        "kappa_sie": 5.487706048414321,
        "kappa_sii": 6.181073931338168,
        "sigma_se": 0.08764439582314877,
        "sigma_si": 0.02593303591971218,
        "taue": 24.61506540259576,
        "taui": 9.346121479753524,
        "tauxe": 90.25744802555928,
        "tauxi": 46.65518230746695,
        "vsyn_ee": 2.8765985977993362,
        "vsyn_ei": 3.243583619080433,
        "vsyn_ie": -53.54704689908045,
        "vsyn_ii": -62.807964906901155
    },
    "timestamp": 1746271844
}