{
    "fitness": 57.905873654733554,
    "generation": 0,
    "parameters": {
        "alphaee": 0.5727482447442717,
        "alphaei": 0.041608558433238775,
        "alphaie": 0.9373761134144163,
        "alphaii": 0.11649416014706714,
        "deltae": 0.5846284731589576,
        "deltai": 0.05907562452393615,
        "eta0e": 3.5999395777453036,
        "eta0i": 4.443431740616573,
        "kappa_gapee": 0.15828310936662124,
        "kappa_gapei": 0.3239555926591605,
        "kappa_gapii": 0.07829055927441321,
        "kappa_see": 4.007451723533739,
        "kappa_sei": 6.612667936802667,
        "kappa_sie": 7.783079493053926,
        "kappa_sii": 9.712448743086046,
        "sigma_se": 0.047776449839080234,
        "sigma_si": 0.09475420386868941,
        "taue": 5.441180088353665,
        "taui": 6.800773891870256,
        "tauxe": 20.027281102308468,
        "tauxi": 81.61274036856882,
        "vsyn_ee": 14.76597127764619,
        "vsyn_ei": 14.592767782535804,
        "vsyn_ie": -72.98406556171098,
        "vsyn_ii": -97.54968485185894
    },
    "timestamp": 1746271808
}