{
    "fitness": 54.14864225532438,
    "generation": 0,
    "parameters": {
        "alphaee": 0.12829094550919623,
        "alphaei": 0.6616836248503166,
        "alphaie": 0.39780854732499626,
        "alphaii": 0.22140685181286868,
        "deltae": 0.5253599750245327,
        "deltai": 0.33070307248665676,
        "eta0e": 3.9648470950025763,
        "eta0i": 1.818647752510447,
        "kappa_gapee": 0.011078561812112597,
        "kappa_gapei": 0.2833916302343552,
        "kappa_gapii": 0.2235931016219606,
        "kappa_see": 1.8513955925616286,
        "kappa_sei": 2.314290036251988,
        "kappa_sie": 8.769572905956261,
        "kappa_sii": 5.903725640694311,
        "sigma_se": 0.05882147923805739,
        "sigma_si": 0.03229447651546306,
        "taue": 5.788831255244728,
        "taui": 8.96188342757672,
        "tauxe": 88.17526683158295,
        "tauxi": 34.87319369944002,
        "vsyn_ee": 1.6369783566020544,
        "vsyn_ei": 8.118409366833713,
        "vsyn_ie": -99.74968330453959,
        "vsyn_ii": -48.07587418246961
    },
    "timestamp": 1746272379
}