{
    "fitness": 49.6000845787337,
    "generation": 0,
    "parameters": {
        "alphaee": 0.9273787220149924,
        "alphaei": 0.2498871979436196,
        "alphaie": 0.5633699532505759,
        "alphaii": 0.7809691515969212,
        "deltae": 0.07540100400321981,
        "deltai": 0.550635754574073,
        "eta0e": 4.179232184903513,
        "eta0i": 2.1634151171402785,
        "kappa_gapee": 0.006538211907554688,
        "kappa_gapei": 0.4975125711836247,
        "kappa_gapii": 0.5423653388033309,
        "kappa_see": 4.629321999758434,
        "kappa_sei": 9.809202465330808,
        "kappa_sie": 0.3198183832059791,
        "kappa_sii": 8.105731657110384,
        "sigma_se": 0.07010947057502936,
        "sigma_si": 0.09445176077204852,
        "taue": 9.184196429241446,
        "taui": 19.258131943842834,
        "tauxe": 50.41819119694812,
        "tauxi": 80.46950049274545,
        "vsyn_ee": 4.959486877089175,
        "vsyn_ei": 16.64410774121766,
        "vsyn_ie": -28.196028553353557,
        "vsyn_ii": -60.82928295411801
    },
    "timestamp": 1746272070
}