{
    "fitness": 50.964575992696155,
    "generation": 0,
    "parameters": {
        "alphaee": 0.8984880615517136,
        "alphaei": 0.257476988088889,
        "alphaie": 0.6066156861935593,
        "alphaii": 0.07158784199486062,
        "deltae": 0.1072852163747865,
        "deltai": 0.386006432088009,
        "eta0e": 2.453103227154271,
        "eta0i": 1.391409767247791,
        "kappa_gapee": 0.1550287291593169,
        "kappa_gapei": 0.15569690385901805,
        "kappa_gapii": 0.30940535862826496,
        "kappa_see": 2.982399458486963,
        "kappa_sei": 0.16291395149855395,
        "kappa_sie": 7.043374655269892,
        "kappa_sii": 6.308919334384136,
        "sigma_se": 0.0984602840177822,
        "sigma_si": 0.046319061811721914,
        "taue": 10.195487820981631,
        "taui": 12.806495157010838,
        "tauxe": 99.0176599359227,
        "tauxi": 82.7561462245352,
        "vsyn_ee": 1.3588141647058236,
        "vsyn_ei": 3.423476818177292,
        "vsyn_ie": -1.776761747990534,
        "vsyn_ii": -14.105697378249232
    },
    "timestamp": 1746272331
}