{
    "fitness": 49.383587435907465,
    "generation": 0,
    "parameters": {
        "alphaee": 0.13201094345533926,
        "alphaei": 0.2564500324723804,
        "alphaie": 0.7356841349500732,
        "alphaii": 0.4185778530243303,
        "deltae": 0.35574421672864404,
        "deltai": 0.4499456505855683,
        "eta0e": 0.6704831335304418,
        "eta0i": 3.6011019746417343,
        "kappa_gapee": 0.044895032730687984,
        "kappa_gapei": 0.33274030275494354,
        "kappa_gapii": 0.27801284883101735,
        "kappa_see": 5.956433490209611,
        "kappa_sei": 0.7100660614860562,
        "kappa_sie": 5.09612138399739,
        "kappa_sii": 2.925875108690372,
        "sigma_se": 0.051930471531903756,
        "sigma_si": 0.09334135026795969,
        "taue": 17.843235459488923,
        "taui": 8.637573413602151,
        "tauxe": 93.91334678549563,
        "tauxi": 63.519970494919136,
        "vsyn_ee": 9.487462049817976,
        "vsyn_ei": 7.021397235445467,
        "vsyn_ie": -52.06988539458641,
        "vsyn_ii": -8.205140896002717
    },
    "timestamp": 1746271475
}