{
    "fitness": 50.76631967446159,
    "generation": 0,
    "parameters": {
        "alphaee": 0.6009307498337271,
        "alphaei": 0.09863689370207329,
        "alphaie": 0.39764888278197646,
        "alphaii": 0.6720708230771233,
        "deltae": 0.5117205446252594,
        "deltai": 0.1448391317556722,
        "eta0e": 3.020801799808863,
        "eta0i": 3.4815378600217093,
        "kappa_gapee": 0.0518946463756198,
        "kappa_gapei": 0.42859641031058715,
        "kappa_gapii": 0.7196919549431443,
        "kappa_see": 5.414077763724347,
        "kappa_sei": 9.837794520168016,
        "kappa_sie": 1.5920640308754588,
        "kappa_sii": 8.595136315567443,
        "sigma_se": 0.038849232667660376,
        "sigma_si": 0.024200014600530326,
        "taue": 15.668629613092836,
        "taui": 22.742610953781547,
        "tauxe": 53.07849896096786,
        "tauxi": 23.270443485442854,
        "vsyn_ee": 5.392246038618133,
        "vsyn_ei": 9.27509600880528,
        "vsyn_ie": -33.02227680133768,
        "vsyn_ii": -54.16005749522463
    },
    "timestamp": 1746271595
}