{
    "fitness": 52.251209390214015,
    "generation": 0,
    "parameters": {
        "alphaee": 0.05334095535621546,
        "alphaei": 0.9032430058048742,
        "alphaie": 0.2532268252949965,
        "alphaii": 0.5729808059342928,
        "deltae": 0.5453390981718921,
        "deltai": 0.5863698459236613,
        "eta0e": 2.173521901350091,
        "eta0i": 4.746138780646274,
        "kappa_gapee": 0.17559421198965752,
        "kappa_gapei": 0.27146039494304297,
        "kappa_gapii": 0.020771477610562004,
        "kappa_see": 4.9094943278073435,
        "kappa_sei": 7.529931310463001,
        "kappa_sie": 0.8186624807765238,
        "kappa_sii": 3.9094926061826687,
        "sigma_se": 0.07314840983655758,
        "sigma_si": 0.0605725442729151,
        "taue": 24.877325264712784,
        "taui": 5.686665648327218,
        "tauxe": 35.977076674714965,
        "tauxi": 78.91709956158746,
        "vsyn_ee": 1.2350443227011605,
        "vsyn_ei": 7.297044643278001,
        "vsyn_ie": -63.476885478687976,
        "vsyn_ii": -52.83508558592206
    },
    "timestamp": 1746272343
}