{
    "fitness": 51.56325643741105,
    "generation": 0,
    "parameters": {
        "alphaee": 0.7170321942477765,
        "alphaei": 0.22259020360504964,
        "alphaie": 0.9998974805757855,
        "alphaii": 0.6718289888024014,
        "deltae": 0.31684100613404337,
        "deltai": 0.17641547028663468,
        "eta0e": 4.29358513342268,
        "eta0i": 0.6353762874175775,
        "kappa_gapee": 0.01671954236233777,
        "kappa_gapei": 0.335210456607154,
        "kappa_gapii": 0.324247578124367,
        "kappa_see": 4.718297920212617,
        "kappa_sei": 4.428735483016166,
        "kappa_sie": 9.634228154294094,
        "kappa_sii": 3.515461807813285,
        "sigma_se": 0.08764540826194603,
        "sigma_si": 0.021165177404688047,
        "taue": 8.073941741004468,
        "taui": 22.5320812945898,
        "tauxe": 87.05619727148954,
        "tauxi": 81.74856284932457,
        "vsyn_ee": 3.008845245485908,
        "vsyn_ei": 18.461705803358743,
        "vsyn_ie": -49.476830780410744,
        "vsyn_ii": -44.02166080509945
    },
    "timestamp": 1746272367
}