{
    "fitness": 49.07218365650637,
    "generation": 0,
    "parameters": {
        "alphaee": 0.1128827756031494,
        "alphaei": 0.47356343006252194,
        "alphaie": 0.9068657284903032,
        "alphaii": 0.44995591378608213,
        "deltae": 0.5640385949147262,
        "deltai": 0.34148458703075135,
        "eta0e": 0.23502850662508395,
        "eta0i": 1.3700948783491493,
        "kappa_gapee": 0.05727192082122987,
        "kappa_gapei": 0.10358077894572296,
        "kappa_gapii": 0.13959910806956694,
        "kappa_see": 1.1143751103786388,
        "kappa_sei": 5.868540216993416,
        "kappa_sie": 3.1630147567616196,
        "kappa_sii": 5.557644559590707,
        "sigma_se": 0.05051776367065329,
        "sigma_si": 0.045289440690322105,
        "taue": 16.017792316312523,
        "taui": 17.99248334011459,
        "tauxe": 24.079815914806332,
        "tauxi": 71.95711481032674,
        "vsyn_ee": 12.361243062352434,
        "vsyn_ei": 10.341112060201601,
        "vsyn_ie": -36.09990458248805,
        "vsyn_ii": -51.64366526013377
    },
    "timestamp": 1746271546
}