{
    "fitness": 48.775652034389665,
    "generation": 0,
    "parameters": {
        "alphaee": 0.4728507294300281,
        "alphaei": 0.6313553892647118,
        "alphaie": 0.4118887225198428,
        "alphaii": 0.8821388436080808,
        "deltae": 0.5739736773723804,
        "deltai": 0.21774472577488313,
        "eta0e": 3.4325384583092413,
        "eta0i": 2.571369810824437,
        "kappa_gapee": 0.1522109948166479,
        "kappa_gapei": 0.45659963918387153,
        "kappa_gapii": 0.4736036109743984,
        "kappa_see": 7.195120996241146,
        "kappa_sei": 9.227246143842823,
        "kappa_sie": 8.674411491176865,
        "kappa_sii": 4.420245449491144,
        "sigma_se": 0.052058578589727934,
        "sigma_si": 0.01788348452109352,
        "taue": 12.929277634730045,
        "taui": 14.701336247576101,
        "tauxe": 85.58978109007272,
        "tauxi": 65.53538514610963,
        "vsyn_ee": 6.039898865728278,
        "vsyn_ei": 2.2350172253363807,
        "vsyn_ie": -59.483304645070845,
        "vsyn_ii": -24.942594070623613
    },
    "timestamp": 1746271690
}