{
    "fitness": 52.94428141993882,
    "generation": 0,
    "parameters": {
        "alphaee": 0.225037517300309,
        "alphaei": 0.1229501556933149,
        "alphaie": 0.05769958753926139,
        "alphaii": 0.8015135184531342,
        "deltae": 0.18307224434234187,
        "deltai": 0.2964106511113194,
        "eta0e": 1.3125812493429843,
        "eta0i": 1.059110482401722,
        "kappa_gapee": 0.17607127312509674,
        "kappa_gapei": 0.3925524303496504,
        "kappa_gapii": 0.5772771592532964,
        "kappa_see": 3.561267746261858,
        "kappa_sei": 6.7061288762113165,
        "kappa_sie": 3.8332507241457168,
        "kappa_sii": 5.592229403581467,
        "sigma_se": 0.056639494461771134,
        "sigma_si": 0.06906582938359002,
        "taue": 23.71349759223555,
        "taui": 5.406852719008947,
        "tauxe": 62.49670784835338,
        "tauxi": 83.58601210848914,
        "vsyn_ee": 5.899755556465318,
        "vsyn_ei": 18.21986581326928,
        "vsyn_ie": -33.52031214943693,
        "vsyn_ii": -89.43961778423326
    },
    "timestamp": 1746272355
}