{
    "fitness": 77.43676505916739,
    "generation": 0,
    "parameters": {
        "alphaee": 0.5811292954585571,
        "alphaei": 0.859459971108706,
        "alphaie": 0.32995463122354163,
        "alphaii": 0.56239791197263,
        "deltae": 0.07088457840939574,
        "deltai": 0.3551399055963994,
        "eta0e": 0.5984466064248547,
        "eta0i": 3.9815308861220804,
        "kappa_gapee": 0.023257448782138666,
        "kappa_gapei": 0.040094548477573114,
        "kappa_gapii": 0.7927019741890095,
        "kappa_see": 0.7702298502890921,
        "kappa_sei": 5.387573253984246,
        "kappa_sie": 8.506419284506569,
        "kappa_sii": 5.57906324195234,
        "sigma_se": 0.09733910744486826,
        "sigma_si": 0.02486218786572185,
        "taue": 10.211842736914699,
        "taui": 23.260981737549855,
        "tauxe": 41.421390277566175,
        "tauxi": 23.85667657700882,
        "vsyn_ee": 6.357200993297416,
        "vsyn_ei": 2.80621458896694,
        "vsyn_ie": -89.54471343726131,
        "vsyn_ii": -34.86554741505701
    },
    "timestamp": 1746271773
}