{
    "fitness": 90.4685311546231,
    "generation": 0,
    "parameters": {
        "alphaee": 0.6599996207052693,
        "alphaei": 0.44963572226400356,
        "alphaie": 0.5454538699103166,
        "alphaii": 0.37787666284386684,
        "deltae": 0.2873041067732851,
        "deltai": 0.32557728494947286,
        "eta0e": 3.5558043640962227,
        "eta0i": 4.266561850033245,
        "kappa_gapee": 0.022872888763010284,
        "kappa_gapei": 0.42348552412321167,
        "kappa_gapii": 0.367758996311194,
        "kappa_see": 7.707995909631941,
        "kappa_sei": 6.5226990622858745,
        "kappa_sie": 5.9930864721100265,
        "kappa_sii": 3.886757432065805,
        "sigma_se": 0.08706564030217881,
        "sigma_si": 0.015547951117169962,
        "taue": 20.673364442814467,
        "taui": 17.68646118891996,
        "tauxe": 50.050049163184866,
        "tauxi": 43.26740816311077,
        "vsyn_ee": 8.191447905401233,
        "vsyn_ei": 10.627522613873573,
        "vsyn_ie": -27.569825110528654,
        "vsyn_ii": -38.654560546069035
    },
    "timestamp": 1746271535
}