{
    "fitness": 55.59955566344032,
    "generation": 0,
    "parameters": {
        "alphaee": 0.4199126608864974,
        "alphaei": 0.9707513420264272,
        "alphaie": 0.2595018723765522,
        "alphaii": 0.25223580220457437,
        "deltae": 0.3898263819608267,
        "deltai": 0.5439356464961784,
        "eta0e": 0.6579309280359915,
        "eta0i": 3.8329608005751687,
        "kappa_gapee": 0.19301043170543317,
        "kappa_gapei": 0.05336679819675831,
        "kappa_gapii": 0.18700494892236763,
        "kappa_see": 3.013410744290263,
        "kappa_sei": 7.724147890330037,
        "kappa_sie": 4.786213949397203,
        "kappa_sii": 4.073370590000787,
        "sigma_se": 0.027106915570982347,
        "sigma_si": 0.0516920894536753,
        "taue": 5.795824884731405,
        "taui": 10.641236671102707,
        "tauxe": 22.542081759379002,
        "tauxi": 32.97950384052215,
        "vsyn_ee": 5.280158420057605,
        "vsyn_ei": 1.9913308041304616,
        "vsyn_ie": -17.98708357710106,
        "vsyn_ii": -37.75109108956212
    },
    "timestamp": 1746271487
}