{
    "fitness": 59.41591979853243,
    "generation": 0,
    "parameters": {
        "alphaee": 0.20591894124502133,
        "alphaei": 0.48237579426510224,
        "alphaie": 0.44048127832340833,
        "alphaii": 0.8364784831074074,
        "deltae": 0.1259264053484527,
        "deltai": 0.30646958486385295,
        "eta0e": 2.0478614043032763,
        "eta0i": 1.8132943774290824,
        "kappa_gapee": 0.07541173574645223,
        "kappa_gapei": 0.023075748571490712,
        "kappa_gapii": 0.3244293307911413,
        "kappa_see": 0.3745178565544546,
        "kappa_sei": 5.603225548583979,
        "kappa_sie": 2.1377010762725344,
        "kappa_sii": 7.559321621330609,
        "sigma_se": 0.05307519310008338,
        "sigma_si": 0.06885013802977209,
        "taue": 24.200506558970876,
        "taui": 9.1249686264503,
        "tauxe": 87.79440452925095,
        "tauxi": 94.96178416143033,
        "vsyn_ee": 11.804302763943284,
        "vsyn_ei": 10.229336827986323,
        "vsyn_ie": -28.30756163838346,
        "vsyn_ii": -60.37443695784474
    },
    "timestamp": 1746271308
}