{
    "fitness": 109.47388422787319,
    "generation": 0,
    "parameters": {
        "alphaee": 0.07298030984024498,
        "alphaei": 0.7135857408149158,
        "alphaie": 0.7006072850804632,
        "alphaii": 0.47501304801216865,
        "deltae": 0.23870488303647464,
        "deltai": 0.4245298577990093,
        "eta0e": 0.6875550752889804,
        "eta0i": 2.2233773501415173,
        "kappa_gapee": 0.033068174018614456,
        "kappa_gapei": 0.11194486980302085,
        "kappa_gapii": 0.21585598361495673,
        "kappa_see": 4.1762208639634695,
        "kappa_sei": 9.870029485879675,
        "kappa_sie": 8.212335121159251,
        "kappa_sii": 1.3053825615806358,
        "sigma_se": 0.08377320519056969,
        "sigma_si": 0.08584105186146418,
        "taue": 22.854564245963953,
        "taui": 10.041093654350377,
        "tauxe": 84.52382083349934,
        "tauxi": 72.36531967189828,
        "vsyn_ee": 3.693807353686126,
        "vsyn_ei": 12.953125025155336,
        "vsyn_ie": -18.420547897027376,
        "vsyn_ii": -52.86333661355885
    },
    "timestamp": 1746271928
}