{
    "fitness": 116.6420774816813,
    "generation": 0,
    "parameters": {
        "alphaee": 0.742813181970777,
        "alphaei": 0.7730366491168557,
        "alphaie": 0.56080532690275,
        "alphaii": 0.3877929287614627,
        "deltae": 0.31210342989436457,
        "deltai": 0.16492387347519083,
        "eta0e": 2.575211118899245,
        "eta0i": 1.4769436512727951,
        "kappa_gapee": 0.17321202167953542,
        "kappa_gapei": 0.44304127684584055,
        "kappa_gapii": 0.5948731984236689,
        "kappa_see": 6.198526908776225,
        "kappa_sei": 1.097729791102149,
        "kappa_sie": 7.172316579227337,
        "kappa_sii": 1.4349740856768742,
        "sigma_se": 0.049287802359634314,
        "sigma_si": 0.08435042130605862,
        "taue": 17.496888640083984,
        "taui": 13.012062507031054,
        "tauxe": 99.12109892236143,
        "tauxi": 80.46879809685393,
        "vsyn_ee": 8.520329271978436,
        "vsyn_ei": 5.703341115450414,
        "vsyn_ie": -48.70296189524707,
        "vsyn_ii": -98.43292015029215
    },
    "timestamp": 1746271761
}