{
    "fitness": 49.68319197466513,
    "generation": 0,
    "parameters": {
        "alphaee": 0.9752207602586732,
        "alphaei": 0.7467856241530404,
        "alphaie": 0.2758391718244196,
        "alphaii": 0.6814781143821824,
        "deltae": 0.3793815552586505,
        "deltai": 0.4607960209530454,
        "eta0e": 4.498731045439507,
        "eta0i": 3.458581199640779,
        "kappa_gapee": 0.14897967289671954,
        "kappa_gapei": 0.329013758268357,
        "kappa_gapii": 0.6955079155025119,
        "kappa_see": 4.099238028277041,
        "kappa_sei": 0.4765147428963011,
        "kappa_sie": 2.788853928737889,
        "kappa_sii": 6.6167144177711315,
        "sigma_se": 0.07610430500102602,
        "sigma_si": 0.0197036245393421,
        "taue": 15.301679476442168,
        "taui": 14.285186008226903,
        "tauxe": 66.82557869925533,
        "tauxi": 49.41535938107572,
        "vsyn_ee": 5.4402901878031615,
        "vsyn_ei": 1.958453267377151,
        "vsyn_ie": -23.98255559089941,
        "vsyn_ii": -54.704463483051754
    },
    "timestamp": 1746271379
}