{
    "fitness": 212.5983421875584,
    "generation": 0,
    "parameters": {
        "alphaee": 0.6735320498188361,
        "alphaei": 0.3915076861332061,
        "alphaie": 0.36118496794409644,
        "alphaii": 0.4111825996105656,
        "deltae": 0.4871163023922982,
        "deltai": 0.2993902231155571,
        "eta0e": 0.166538070680087,
        "eta0i": 1.745610007554598,
        "kappa_gapee": 0.18665381351384042,
        "kappa_gapei": 0.37762330571730895,
        "kappa_gapii": 0.5543716746582605,
        "kappa_see": 0.6244039284862266,
        "kappa_sei": 4.389525031858675,
        "kappa_sie": 3.6949291734261434,
        "kappa_sii": 6.023302749535988,
        "sigma_se": 0.07165957824604888,
        "sigma_si": 0.09260845291288095,
        "taue": 8.14085631406251,
        "taui": 6.552284387023294,
        "tauxe": 44.21723094712269,
        "tauxi": 74.2595323532467,
        "vsyn_ee": 15.853846968989899,
        "vsyn_ei": 8.229510224822064,
        "vsyn_ie": -19.87803455679402,
        "vsyn_ii": -5.667433420688553
    },
    "timestamp": 1746271212
}