{
    "fitness": 92.42060480515636,
    "generation": 0,
    "parameters": {
        "alphaee": 0.6475014191899333,
        "alphaei": 0.3152081769475974,
        "alphaie": 0.2746398329164795,
        "alphaii": 0.09264832721366308,
        "deltae": 0.0904606646105468,
        "deltai": 0.45408536927627996,
        "eta0e": 3.1766634138709193,
        "eta0i": 4.053346359045343,
        "kappa_gapee": 0.19772478863022802,
        "kappa_gapei": 0.4181919233591142,
        "kappa_gapii": 0.3572052305215095,
        "kappa_see": 7.078621642061115,
        "kappa_sei": 7.455456492880413,
        "kappa_sie": 3.7472033301726895,
        "kappa_sii": 8.239592061468677,
        "sigma_se": 0.021043988527856262,
        "sigma_si": 0.06995132568366833,
        "taue": 5.617377009757977,
        "taui": 22.832089977181752,
        "tauxe": 49.66291399361313,
        "tauxi": 28.35370387650469,
        "vsyn_ee": 7.901028147262487,
        "vsyn_ei": 2.478935392416626,
        "vsyn_ie": -71.84698859064042,
        "vsyn_ii": -83.8219704508142
    },
    "timestamp": 1746271630
}