{
    "fitness": 50.27537334641805,
    "generation": 0,
    "parameters": {
        "alphaee": 0.5960397939938191,
        "alphaei": 0.4381344205422099,
        "alphaie": 0.24640983873352645,
        "alphaii": 0.9253171436164188,
        "deltae": 0.43205882429337966,
        "deltai": 0.255129351602167,
        "eta0e": 1.4951673433618184,
        "eta0i": 1.3463734739190778,
        "kappa_gapee": 0.08878063391048772,
        "kappa_gapei": 0.45910115082586406,
        "kappa_gapii": 0.2778649987309197,
        "kappa_see": 1.2858263707238622,
        "kappa_sei": 1.7094435967418495,
        "kappa_sie": 5.530771853531481,
        "kappa_sii": 1.221410047382702,
        "sigma_se": 0.08267896505775091,
        "sigma_si": 0.06328034244132608,
        "taue": 15.570524160769919,
        "taui": 8.619665015685413,
        "tauxe": 44.33475887500339,
        "tauxi": 30.890595137824143,
        "vsyn_ee": 3.6703877377439453,
        "vsyn_ei": 17.303113363851566,
        "vsyn_ie": -36.87384728081837,
        "vsyn_ii": -73.67260279866446
    },
    "timestamp": 1746271726
}