{
    "fitness": 175.28697586933254,
    "generation": 0,
    "parameters": {
        "alphaee": 0.16626075641124008,
        "alphaei": 0.3428327112010974,
        "alphaie": 0.37497779232086986,
        "alphaii": 0.16533040829178752,
        "deltae": 0.2737976604628045,
        "deltai": 0.33419568352465995,
        "eta0e": 0.5544539536392272,
        "eta0i": 3.463685942106429,
        "kappa_gapee": 0.16217795889987963,
        "kappa_gapei": 0.4972986609897333,
        "kappa_gapii": 0.3793714810216653,
        "kappa_see": 2.3394670106385056,
        "kappa_sei": 5.112212608825186,
        "kappa_sie": 0.645364171962818,
        "kappa_sii": 2.533815904420688,
        "sigma_se": 0.019203630602185176,
        "sigma_si": 0.08026176411916003,
        "taue": 7.077002857971726,
        "taui": 21.51274060207545,
        "tauxe": 83.57931849905246,
        "tauxi": 98.6541040511688,
        "vsyn_ee": 8.970501992966591,
        "vsyn_ei": 2.811264311159169,
        "vsyn_ie": -19.67994483119314,
        "vsyn_ii": -67.43300130140685
    },
    "timestamp": 1746271511
}