{
    "fitness": 182.6513908223857,
    "generation": 0,
    "parameters": {
        "alphaee": 0.04723150543045119,
        "alphaei": 0.24010731026372223,
        "alphaie": 0.9385130541242163,
        "alphaii": 0.5116804861815241,
        "deltae": 0.36021422885661536,
        "deltai": 0.38188930564595325,
        "eta0e": 2.3679945463726995,
        "eta0i": 3.2892255714706105,
        "kappa_gapee": 0.18857189291209386,
        "kappa_gapei": 0.3309637232643271,
        "kappa_gapii": 0.034559781793957044,
        "kappa_see": 2.5339184346608095,
        "kappa_sei": 0.9128842959357435,
        "kappa_sie": 7.140014645793443,
        "kappa_sii": 1.3356676366884814,
        "sigma_se": 0.06058221235971988,
        "sigma_si": 0.06134021820090643,
        "taue": 22.052270828488673,
        "taui": 12.685754824671324,
        "tauxe": 50.865485792516054,
        "tauxi": 80.19180610536866,
        "vsyn_ee": 17.759844592146194,
        "vsyn_ei": 3.8424183524941187,
        "vsyn_ie": -67.61435048309458,
        "vsyn_ii": -47.739483638080415
    },
    "timestamp": 1746271987
}