{
    "fitness": 62.5960934256979,
    "generation": 0,
    "parameters": {
        "alphaee": 0.4907054530686938,
        "alphaei": 0.22308451441387514,
        "alphaie": 0.7565100174771139,
        "alphaii": 0.6339122400348527,
        "deltae": 0.4015833421507609,
        "deltai": 0.3165723236501005,
        "eta0e": 2.136873078210075,
        "eta0i": 4.835194127453973,
        "kappa_gapee": 0.047722017567184964,
        "kappa_gapei": 0.06574601071896014,
        "kappa_gapii": 0.20869878799130281,
        "kappa_see": 5.202944460011028,
        "kappa_sei": 5.324634798247786,
        "kappa_sie": 0.5873277627023714,
        "kappa_sii": 3.278614042731769,
        "sigma_se": 0.02343593308390789,
        "sigma_si": 0.07637054673808118,
        "taue": 12.4809470938699,
        "taui": 24.10840561726466,
        "tauxe": 90.52817525708517,
        "tauxi": 28.546571889013858,
        "vsyn_ee": 13.008960039506617,
        "vsyn_ei": 12.845505171055388,
        "vsyn_ie": -48.78137565583076,
        "vsyn_ii": -57.28572965893155
    },
    "timestamp": 1746271284
}