{
    "fitness": 51.511869437145506,
    "generation": 0,
    "parameters": {
        "alphaee": 0.9815592691698344,
        "alphaei": 0.49001686656833476,
        "alphaie": 0.3679727906767393,
        "alphaii": 0.033489874832243194,
        "deltae": 0.17335811091149494,
        "deltai": 0.3849339442800994,
        "eta0e": 4.3386749495904,
        "eta0i": 0.5754253433045416,
        "kappa_gapee": 0.1901369207958469,
        "kappa_gapei": 0.13628758913181305,
        "kappa_gapii": 0.42966700134237157,
        "kappa_see": 1.8576097476911166,
        "kappa_sei": 6.199248153461105,
        "kappa_sie": 0.15019125211617892,
        "kappa_sii": 7.355206595457997,
        "sigma_se": 0.016000190977715628,
        "sigma_si": 0.06469028783029375,
        "taue": 12.028413566759724,
        "taui": 20.150539340572898,
        "tauxe": 85.24928148697788,
        "tauxi": 39.02173355007169,
        "vsyn_ee": 8.944904905899083,
        "vsyn_ei": 8.224177944109623,
        "vsyn_ie": -4.123259185765065,
        "vsyn_ii": -46.632262768885546
    },
    "timestamp": 1746272307
}