{
    "fitness": 89.51955706881614,
    "generation": 0,
    "parameters": {
        "alphaee": 0.2364702338184523,
        "alphaei": 0.9195686361344546,
        "alphaie": 0.24647625681789687,
        "alphaii": 0.010615666836750012,
        "deltae": 0.4207213602764722,
        "deltai": 0.23244243225829142,
        "eta0e": 0.013658360708795288,
        "eta0i": 3.9921851600484715,
        "kappa_gapee": 0.024350781364820343,
        "kappa_gapei": 0.3743778171040936,
        "kappa_gapii": 0.14055108987090068,
        "kappa_see": 8.139279412404177,
        "kappa_sei": 3.74259926368509,
        "kappa_sie": 1.1451607217565778,
        "kappa_sii": 0.9130653636331277,
        "sigma_se": 0.09207590859467114,
        "sigma_si": 0.013639385193275826,
        "taue": 14.460263309457059,
        "taui": 8.367091536735689,
        "tauxe": 82.77260369300876,
        "tauxi": 27.333253558033583,
        "vsyn_ee": 12.304693252128907,
        "vsyn_ei": 8.364665407208975,
        "vsyn_ie": -55.3149717729191,
        "vsyn_ii": -7.381483502125519
    },
    "timestamp": 1746271583
}