{
    "fitness": 61.57612305414928,
    "generation": 0,
    "parameters": {
        "alphaee": 0.2024594400245036,
        "alphaei": 0.6909269126252088,
        "alphaie": 0.43894879668772874,
        "alphaii": 0.06993887068673946,
        "deltae": 0.11030715799148325,
        "deltai": 0.27692716756530444,
        "eta0e": 1.802508181921291,
        "eta0i": 2.401745325303296,
        "kappa_gapee": 0.08203748325972061,
        "kappa_gapei": 0.260184694919183,
        "kappa_gapii": 0.7762553130208321,
        "kappa_see": 3.309458036364244,
        "kappa_sei": 4.604137571406432,
        "kappa_sie": 2.6137635761576665,
        "kappa_sii": 2.633105144633567,
        "sigma_se": 0.05007135055771177,
        "sigma_si": 0.08621656402226979,
        "taue": 10.468760752396879,
        "taui": 9.826659740728934,
        "tauxe": 72.2100966485655,
        "tauxi": 52.45907476194941,
        "vsyn_ee": 19.580884763395325,
        "vsyn_ei": 17.253840970381134,
        "vsyn_ie": -10.297043796643294,
        "vsyn_ii": -91.80496326976173
    },
    "timestamp": 1746271654
}