{
    "fitness": 109.03909165667876,
    "generation": 0,
    "parameters": {
        "alphaee": 0.4370437895270221,
        "alphaei": 0.6321339654291709,
        "alphaie": 0.7288866832538723,
        "alphaii": 0.7908393244654415,
        "deltae": 0.4972148513143389,
        "deltai": 0.11135301997345937,
        "eta0e": 4.843344731123166,
        "eta0i": 1.2734570787936395,
        "kappa_gapee": 0.0263183940122329,
        "kappa_gapei": 0.11187822156388198,
        "kappa_gapii": 0.15788223140243468,
        "kappa_see": 0.7261573727072971,
        "kappa_sei": 2.445338547961958,
        "kappa_sie": 8.251356594564365,
        "kappa_sii": 4.973396516992864,
        "sigma_se": 0.08650913947897958,
        "sigma_si": 0.03491832083642516,
        "taue": 24.284682642341593,
        "taui": 20.578083317440587,
        "tauxe": 27.563469705735077,
        "tauxi": 21.341049127611843,
        "vsyn_ee": 13.512769959484814,
        "vsyn_ei": 17.731483309120073,
        "vsyn_ie": -74.67807842724773,
        "vsyn_ii": -94.25323393052466
    },
    "timestamp": 1746272058
}