{
    "fitness": 175.28697586933254,
    "generation": 0,
    "parameters": {
        "alphaee": 0.5517707810688921,
        "alphaei": 0.2025900533411149,
        "alphaie": 0.7478040330161004,
        "alphaii": 0.7628963716654897,
        "deltae": 0.07145577826473412,
        "deltai": 0.45813557388420645,
        "eta0e": 1.6830196410649951,
        "eta0i": 3.1364574060075903,
        "kappa_gapee": 0.044710197365354566,
        "kappa_gapei": 0.3091804185746928,
        "kappa_gapii": 0.3647586137021084,
        "kappa_see": 5.818366511209032,
        "kappa_sei": 7.987864545070579,
        "kappa_sie": 7.363141015588193,
        "kappa_sii": 1.9559787567382196,
        "sigma_se": 0.01923774662829967,
        "sigma_si": 0.05965982262030699,
        "taue": 23.205519493961457,
        "taui": 23.531715057559676,
        "tauxe": 56.926929936952064,
        "tauxi": 66.87349675525758,
        "vsyn_ee": 1.4633900494452075,
        "vsyn_ei": 16.573874425425263,
        "vsyn_ie": -70.21064837307742,
        "vsyn_ii": -14.209573211029493
    },
    "timestamp": 1746271523
}