{
    "fitness": 58.99214987808262,
    "generation": 0,
    "parameters": {
        "alphaee": 0.16643063897321037,
        "alphaei": 0.5561237032184193,
        "alphaie": 0.5418428855213311,
        "alphaii": 0.5136990458189432,
        "deltae": 0.1420065169126071,
        "deltai": 0.5239577589173878,
        "eta0e": 4.494699230302807,
        "eta0i": 1.6226419122048397,
        "kappa_gapee": 0.057210227518021885,
        "kappa_gapei": 0.024443368911728738,
        "kappa_gapii": 0.6458137671150054,
        "kappa_see": 0.3566239669019131,
        "kappa_sei": 1.7483726623638516,
        "kappa_sie": 4.5277162366254275,
        "kappa_sii": 7.689497290781416,
        "sigma_se": 0.09204856133125008,
        "sigma_si": 0.04594264760218364,
        "taue": 18.60645068492957,
        "taui": 22.17863862918202,
        "tauxe": 84.83267708543463,
        "tauxi": 48.1756104136998,
        "vsyn_ee": 4.574972250745839,
        "vsyn_ei": 14.385291031135713,
        "vsyn_ie": -61.28907932632777,
        "vsyn_ii": -95.78566733698061
    },
    "timestamp": 1746271236
}