{
    "fitness": 54.512764694374205,
    "generation": 0,
    "parameters": {
        "alphaee": 0.20919186560719838,
        "alphaei": 0.3381168531736092,
        "alphaie": 0.17313248424222402,
        "alphaii": 0.7514005951512911,
        "deltae": 0.47987594769151365,
        "deltai": 0.11551430272720638,
        "eta0e": 4.636352990846289,
        "eta0i": 1.2980350492073565,
        "kappa_gapee": 0.018660580768221257,
        "kappa_gapei": 0.34462595471403357,
        "kappa_gapii": 0.45986497500261375,
        "kappa_see": 3.9553695545090743,
        "kappa_sei": 7.986620767730438,
        "kappa_sie": 7.625420960227963,
        "kappa_sii": 0.5156745460811364,
        "sigma_se": 0.08070955235606138,
        "sigma_si": 0.03782823638415647,
        "taue": 21.61114721906479,
        "taui": 23.97153070999712,
        "tauxe": 63.619896283203225,
        "tauxi": 53.80993564348471,
        "vsyn_ee": 11.239171635187361,
        "vsyn_ei": 9.359531208765445,
        "vsyn_ie": -97.53794481057241,
        "vsyn_ii": -5.159699012366758
    },
    "timestamp": 1746271916
}