{
    "fitness": 59.06228812058572,
    "generation": 0,
    "parameters": {
        "alphaee": 0.23799387627459637,
        "alphaei": 0.9599883330646177,
        "alphaie": 0.9791448247896934,
        "alphaii": 0.7198938125694051,
        "deltae": 0.22808203303085756,
        "deltai": 0.22919945595952335,
        "eta0e": 4.891954032039351,
        "eta0i": 4.505683686660394,
        "kappa_gapee": 0.15930797888678366,
        "kappa_gapei": 0.30189620791731386,
        "kappa_gapii": 0.16452042871037448,
        "kappa_see": 1.446677790323296,
        "kappa_sei": 9.119189468030475,
        "kappa_sie": 6.5306476604909465,
        "kappa_sii": 4.9097404712981945,
        "sigma_se": 0.03709282111152269,
        "sigma_si": 0.0899015011961519,
        "taue": 15.851327999994435,
        "taui": 9.465552150768868,
        "tauxe": 92.74072159512292,
        "tauxi": 83.23635046724496,
        "vsyn_ee": 5.846075320769653,
        "vsyn_ei": 10.028517905742795,
        "vsyn_ie": -27.948341926607497,
        "vsyn_ii": -42.432060238622604
    },
    "timestamp": 1746271832
}