{
    "fitness": 69.12779726743543,
    "generation": 0,
    "parameters": {
        "alphaee": 0.5632698838308184,
        "alphaei": 0.6162954739493609,
        "alphaie": 0.11888744439715344,
        "alphaii": 0.08341950771981749,
        "deltae": 0.11095492561575585,
        "deltai": 0.3308311163661675,
        "eta0e": 3.0286740676649995,
        "eta0i": 0.9822287360987109,
        "kappa_gapee": 0.02722298681653362,
        "kappa_gapei": 0.19439788852073378,
        "kappa_gapii": 0.06785841812596909,
        "kappa_see": 9.56269425171702,
        "kappa_sei": 6.707487516275921,
        "kappa_sie": 1.4531230759100016,
        "kappa_sii": 3.941840784675033,
        "sigma_se": 0.03653652405715646,
        "sigma_si": 0.08055237334681906,
        "taue": 12.98488150320851,
        "taui": 24.227757439681447,
        "tauxe": 37.69183150705517,
        "tauxi": 70.57171100754456,
        "vsyn_ee": 2.0150614193567318,
        "vsyn_ei": 16.715145533471738,
        "vsyn_ie": -23.7480549275933,
        "vsyn_ii": -17.095387007139095
    },
    "timestamp": 1746271820
}