{
    "fitness": 50.145126594110685,
    "generation": 0,
    "parameters": {
        "alphaee": 0.11681794707312494,
        "alphaei": 0.3336834834692531,
        "alphaie": 0.36138007429685104,
        "alphaii": 0.3129064853598435,
        "deltae": 0.4690757006489042,
        "deltai": 0.5266760360599544,
        "eta0e": 0.35382796586879933,
        "eta0i": 1.6274175263008206,
        "kappa_gapee": 0.06256768648944602,
        "kappa_gapei": 0.4111556585100503,
        "kappa_gapii": 0.47758724074651415,
        "kappa_see": 6.680105286116005,
        "kappa_sei": 7.3789085841898086,
        "kappa_sie": 6.936117770717006,
        "kappa_sii": 1.1069533078705274,
        "sigma_se": 0.060720316485225925,
        "sigma_si": 0.031798254633300264,
        "taue": 16.819231954667462,
        "taui": 19.263546931312426,
        "tauxe": 53.411929187698064,
        "tauxi": 34.7643122273476,
        "vsyn_ee": 10.591747722804177,
        "vsyn_ei": 4.0869191271125445,
        "vsyn_ie": -17.212711513094035,
        "vsyn_ii": -69.75478714532
    },
    "timestamp": 1746271702
}