{
    "fitness": 116.84583473463698,
    "generation": 0,
    "parameters": {
        "alphaee": 0.18975902737699105,
        "alphaei": 0.4019449365743217,
        "alphaie": 0.021401512626013766,
        "alphaii": 0.6432342823413089,
        "deltae": 0.38960671909112393,
        "deltai": 0.32680093725456305,
        "eta0e": 0.2564274418767414,
        "eta0i": 0.0892293890424712,
        "kappa_gapee": 0.032606709648957274,
        "kappa_gapei": 0.1457548326093945,
        "kappa_gapii": 0.6691546473833371,
        "kappa_see": 4.998633259754017,
        "kappa_sei": 0.1348405248482789,
        "kappa_sie": 3.980053974551142,
        "kappa_sii": 6.297808986768199,
        "sigma_se": 0.019267047903296596,
        "sigma_si": 0.051533840322546806,
        "taue": 5.263473232677271,
        "taui": 23.386477764976533,
        "tauxe": 57.578250457415095,
        "tauxi": 58.24386598783414,
        "vsyn_ee": 6.273958242337572,
        "vsyn_ei": 16.74990107869398,
        "vsyn_ie": -58.782002895969214,
        "vsyn_ii": -92.40296558706082
    },
    "timestamp": 1746271201
}