{
    "fitness": 52.411302948839754,
    "generation": 0,
    "parameters": {
        "alphaee": 0.3407505516373754,
        "alphaei": 0.5048380238281319,
        "alphaie": 0.060531698705797006,
        "alphaii": 0.3831659572193083,
        "deltae": 0.4961820940445001,
        "deltai": 0.07504294937876835,
        "eta0e": 2.375987541148041,
        "eta0i": 0.753180886564834,
        "kappa_gapee": 0.18765149268117057,
        "kappa_gapei": 0.43245979676855867,
        "kappa_gapii": 0.5688669729567216,
        "kappa_see": 5.591440768126716,
        "kappa_sei": 5.215489618365483,
        "kappa_sie": 5.812486164639359,
        "kappa_sii": 6.264400883230404,
        "sigma_se": 0.04478781078357677,
        "sigma_si": 0.08015050556857709,
        "taue": 9.999194071863265,
        "taui": 7.812765830881356,
        "tauxe": 46.64561849767591,
        "tauxi": 47.55481811931557,
        "vsyn_ee": 4.8982359986162995,
        "vsyn_ei": 17.155439272832187,
        "vsyn_ie": -23.973512849537443,
        "vsyn_ii": -22.253725963558395
    },
    "timestamp": 1746272319
}