{
    "fitness": 115.66226775342756,
    "generation": 0,
    "parameters": {
        "alphaee": 0.5061779178020043,
        "alphaei": 0.24905943317212334,
        "alphaie": 0.11413295466691646,
        "alphaii": 0.3766946545541532,
        "deltae": 0.5504283476015471,
        "deltai": 0.36872546777687987,
        "eta0e": 2.1933140234267676,
        "eta0i": 0.19443238984435607,
        "kappa_gapee": 0.06271938089386565,
        "kappa_gapei": 0.03837860800302437,
        "kappa_gapii": 0.7708858210038771,
        "kappa_see": 9.696067989392546,
        "kappa_sei": 4.018624869761238,
        "kappa_sie": 6.877769725550269,
        "kappa_sii": 4.373995988982044,
        "sigma_se": 0.0908537624691029,
        "sigma_si": 0.05438154406145523,
        "taue": 7.92443485033242,
        "taui": 16.485702878445483,
        "tauxe": 56.67656937815832,
        "tauxi": 87.91342216668218,
        "vsyn_ee": 19.869161616263433,
        "vsyn_ei": 10.476336633386715,
        "vsyn_ie": -86.51889377954608,
        "vsyn_ii": -76.7427412527009
    },
    "timestamp": 1746271272
}