{
    "fitness": 147.2168689387116,
    "generation": 0,
    "parameters": {
        "alphaee": 0.02549639555699871,
        "alphaei": 0.6884959042584686,
        "alphaie": 0.023830333198244034,
        "alphaii": 0.6833944234151474,
        "deltae": 0.41797783251460563,
        "deltai": 0.13632570856963755,
        "eta0e": 4.785111899342841,
        "eta0i": 0.5714189866680373,
        "kappa_gapee": 0.18419509266751063,
        "kappa_gapei": 0.40977930153246783,
        "kappa_gapii": 0.1386778761857588,
        "kappa_see": 9.236763796030516,
        "kappa_sei": 4.459051512877322,
        "kappa_sie": 6.2557251371516225,
        "kappa_sii": 9.932794996887097,
        "sigma_se": 0.010628524589200414,
        "sigma_si": 0.07764847941630214,
        "taue": 6.61282337415579,
        "taui": 6.625999060048456,
        "tauxe": 46.156348926367976,
        "tauxi": 25.847546293043457,
        "vsyn_ee": 4.0382266877684785,
        "vsyn_ei": 16.94472352743854,
        "vsyn_ie": -99.0148146860173,
        "vsyn_ii": -87.18790972759206
    },
    "timestamp": 1746272248
}