{
    "fitness": 77.06525283318025,
    "generation": 0,
    "parameters": {
        "alphaee": 0.0723756949276942,
        "alphaei": 0.260275073241921,
        "alphaie": 0.02788141345550236,
        "alphaii": 0.6999590920600853,
        "deltae": 0.4779604375400441,
        "deltai": 0.2526864441651668,
        "eta0e": 2.002413863095174,
        "eta0i": 0.18253495800008857,
        "kappa_gapee": 0.05991506586932477,
        "kappa_gapei": 0.39716610656217294,
        "kappa_gapii": 0.5674476022409998,
        "kappa_see": 1.3501580967479578,
        "kappa_sei": 5.781928033518225,
        "kappa_sie": 6.617053101198014,
        "kappa_sii": 2.4659211399444274,
        "sigma_se": 0.033357910337984034,
        "sigma_si": 0.06595433673731439,
        "taue": 16.266324916826683,
        "taui": 6.586856580232806,
        "tauxe": 34.24313252385252,
        "tauxi": 87.39257300339108,
        "vsyn_ee": 11.081194881798508,
        "vsyn_ei": 4.708506905455188,
        "vsyn_ie": -21.078417586891902,
        "vsyn_ii": -16.738614473136025
    },
    "timestamp": 1746272082
}