{
    "fitness": 66.65997804536772,
    "generation": 0,
    "parameters": {
        "alphaee": 0.11067842854577395,
        "alphaei": 0.8652464126156021,
        "alphaie": 0.46554117094790576,
        "alphaii": 0.8128099147981833,
        "deltae": 0.07732382999052338,
        "deltai": 0.4357528554703804,
        "eta0e": 3.7570330142681523,
        "eta0i": 0.4418957702820512,
        "kappa_gapee": 0.1281557599890366,
        "kappa_gapei": 0.09374006283003293,
        "kappa_gapii": 0.5829629920653455,
        "kappa_see": 1.723871184920423,
        "kappa_sei": 3.406515489322409,
        "kappa_sie": 6.509344242970227,
        "kappa_sii": 8.817798489062591,
        "sigma_se": 0.06766279716927862,
        "sigma_si": 0.09368069990684183,
        "taue": 18.205443272194128,
        "taui": 9.831651038943424,
        "tauxe": 42.6268545740505,
        "tauxi": 56.06957871199713,
        "vsyn_ee": 2.3034371637543485,
        "vsyn_ei": 17.59126491678364,
        "vsyn_ie": -10.087770177536328,
        "vsyn_ii": -60.299372004553646
    },
    "timestamp": 1746271320
}