{
    "fitness": 54.324501760747594,
    "generation": 0,
    "parameters": {
        "alphaee": 0.36297996778003466,
        "alphaei": 0.7234422745069061,
        "alphaie": 0.9255421556228417,
        "alphaii": 0.44357330437108067,
        "deltae": 0.5754033650642468,
        "deltai": 0.29519170149599017,
        "eta0e": 0.479014725466746,
        "eta0i": 1.4712110543403643,
        "kappa_gapee": 0.0960479416267295,
        "kappa_gapei": 0.0935896248236016,
        "kappa_gapii": 0.01887126769991987,
        "kappa_see": 8.813616279431612,
        "kappa_sei": 3.2786538813232315,
        "kappa_sie": 9.967832440729154,
        "kappa_sii": 7.78082598427421,
        "sigma_se": 0.023453793831671243,
        "sigma_si": 0.02382794893459117,
        "taue": 7.055901856780812,
        "taui": 13.391005645685803,
        "tauxe": 69.50906230805856,
        "tauxi": 47.77577616694682,
        "vsyn_ee": 2.883185178423915,
        "vsyn_ei": 2.967106534325606,
        "vsyn_ie": -1.3837584340736697,
        "vsyn_ii": -44.208462061250785
    },
    "timestamp": 1746272189
}