{
    "fitness": 52.177611484189654,
    "generation": 0,
    "parameters": {
        "alphaee": 0.4076141229236967,
        "alphaei": 0.8937498895793082,
        "alphaie": 0.08935623468397155,
        "alphaii": 0.3684382937428175,
        "deltae": 0.3375548300866331,
        "deltai": 0.39333617236130736,
        "eta0e": 2.539849102475107,
        "eta0i": 1.047743572921824,
        "kappa_gapee": 0.0868574529452785,
        "kappa_gapei": 0.37215987118042515,
        "kappa_gapii": 0.07078637283501382,
        "kappa_see": 4.992510243493424,
        "kappa_sei": 8.46893007544101,
        "kappa_sie": 8.339125473401397,
        "kappa_sii": 1.2248535242126568,
        "sigma_se": 0.06945929954276216,
        "sigma_si": 0.02273956431208598,
        "taue": 24.076881095308877,
        "taui": 7.348504291112391,
        "tauxe": 24.71531848656209,
        "tauxi": 95.09294371273134,
        "vsyn_ee": 5.977690432777873,
        "vsyn_ei": 9.390457486819573,
        "vsyn_ie": -70.53339705782845,
        "vsyn_ii": -45.75203687052892
    },
    "timestamp": 1746271499
}