{
    "fitness": 82.77368961844067,
    "generation": 0,
    "parameters": {
        "alphaee": 0.7318622342692547,
        "alphaei": 0.799718671184688,
        "alphaie": 0.32427809758801013,
        "alphaii": 0.7366442374782342,
        "deltae": 0.43465227858613154,
        "deltai": 0.27384320911224813,
        "eta0e": 2.5058980472719243,
        "eta0i": 4.920444898729314,
        "kappa_gapee": 0.07017807442738469,
        "kappa_gapei": 0.08291318249761873,
        "kappa_gapii": 0.3668477809568614,
        "kappa_see": 6.42779813974544,
        "kappa_sei": 9.314768808612335,
        "kappa_sie": 3.350148804804405,
        "kappa_sii": 9.254095811985962,
        "sigma_se": 0.022898359065809865,
        "sigma_si": 0.015336074656797729,
        "taue": 15.7798247523224,
        "taui": 11.928185970842652,
        "tauxe": 30.61838053363524,
        "tauxi": 37.06317660854585,
        "vsyn_ee": 17.500634020185064,
        "vsyn_ei": 2.3164502877175073,
        "vsyn_ie": -63.0340650916024,
        "vsyn_ii": -37.64392897116015
    },
    "timestamp": 1746271355
}