{
    "fitness": 114.1424266940879,
    "generation": 0,
    "parameters": {
        "alphaee": 0.6312647555941011,
        "alphaei": 0.7002941346170938,
        "alphaie": 0.9079025280828771,
        "alphaii": 0.12214292001991625,
        "deltae": 0.21187094824949448,
        "deltai": 0.4608791508660003,
        "eta0e": 0.5533698440561006,
        "eta0i": 0.5530304226085023,
        "kappa_gapee": 0.15210792012654015,
        "kappa_gapei": 0.3043951108118848,
        "kappa_gapii": 0.15615880902269014,
        "kappa_see": 0.3769361935557758,
        "kappa_sei": 4.3259564543521885,
        "kappa_sie": 1.257956194705794,
        "kappa_sii": 7.779747631870192,
        "sigma_se": 0.023447322802554814,
        "sigma_si": 0.05007113247711334,
        "taue": 17.534860000939872,
        "taui": 18.09398905797953,
        "tauxe": 76.79415414849119,
        "tauxi": 99.36200486390527,
        "vsyn_ee": 7.912500837565117,
        "vsyn_ei": 5.303827867463588,
        "vsyn_ie": -80.3616265232036,
        "vsyn_ii": -19.431876224773674
    },
    "timestamp": 1746272237
}