{
    "fitness": 71.55331736613974,
    "generation": 0,
    "parameters": {
        "alphaee": 0.9731117752724268,
        "alphaei": 0.6329981447163688,
        "alphaie": 0.20662523413649125,
        "alphaii": 0.857167195539479,
        "deltae": 0.07165694394733729,
        "deltai": 0.07558611700660162,
        "eta0e": 0.6530040454122668,
        "eta0i": 2.791501880566363,
        "kappa_gapee": 0.15029392676798817,
        "kappa_gapei": 0.1448780889470961,
        "kappa_gapii": 0.1158674269997418,
        "kappa_see": 4.9609034159872305,
        "kappa_sei": 6.385762081580299,
        "kappa_sie": 0.833003346779902,
        "kappa_sii": 8.110140619561049,
        "sigma_se": 0.027911181721623032,
        "sigma_si": 0.04820559757711657,
        "taue": 5.701468842519037,
        "taui": 7.580646642969914,
        "tauxe": 96.00179292683207,
        "tauxi": 77.1449840698071,
        "vsyn_ee": 8.49453646408676,
        "vsyn_ei": 8.675168737146677,
        "vsyn_ie": -98.87067275942923,
        "vsyn_ii": -21.804596456396908
    },
    "timestamp": 1746271999
}