{
    "fitness": 115.81978346348961,
    "generation": 0,
    "parameters": {
        "alphaee": 0.05727952515107492,
        "alphaei": 0.15741691166613112,
        "alphaie": 0.5176433591568915,
        "alphaii": 0.7655180058965866,
        "deltae": 0.4086499565067668,
        "deltai": 0.5995540630456402,
        "eta0e": 1.3668528147926935,
        "eta0i": 1.1235598727926124,
        "kappa_gapee": 0.17960444381718518,
        "kappa_gapei": 0.23335751722088185,
        "kappa_gapii": 0.2979026404362687,
        "kappa_see": 8.94352963013463,
        "kappa_sei": 9.823416140245698,
        "kappa_sie": 9.790900458463842,
        "kappa_sii": 9.067255694327269,
        "sigma_se": 0.09491324918588111,
        "sigma_si": 0.044960744991491525,
        "taue": 23.761403957560063,
        "taui": 24.92092910645651,
        "tauxe": 69.7794512047071,
        "tauxi": 82.81581244142794,
        "vsyn_ee": 16.36736313042801,
        "vsyn_ei": 9.610281659762128,
        "vsyn_ie": -56.4088466234249,
        "vsyn_ii": -1.3909909889404162
    },
    "timestamp": 1746272212
}