{
    "fitness": 51.57460750651776,
    "generation": 0,
    "parameters": {
        "alphaee": 0.5413549331991303,
        "alphaei": 0.15854902771930943,
        "alphaie": 0.945655151719386,
        "alphaii": 0.9462308462488869,
        "deltae": 0.36635891386717345,
        "deltai": 0.33907747828658386,
        "eta0e": 4.273185861471567,
        "eta0i": 0.19904137093022017,
        "kappa_gapee": 0.18952080420385145,
        "kappa_gapei": 0.19438980113027743,
        "kappa_gapii": 0.11269884274984739,
        "kappa_see": 7.6575425304704705,
        "kappa_sei": 0.5770415282120884,
        "kappa_sie": 7.51130664638877,
        "kappa_sii": 9.7869568998604,
        "sigma_se": 0.06875814148665071,
        "sigma_si": 0.09685863813359778,
        "taue": 21.580309437025058,
        "taui": 14.430228010688193,
        "tauxe": 96.27229523449414,
        "tauxi": 32.790091418826634,
        "vsyn_ee": 12.062492901718688,
        "vsyn_ei": 6.567557178613776,
        "vsyn_ie": -66.31689715780749,
        "vsyn_ii": -28.400531136871095
    },
    "timestamp": 1746271666
}