{
    "fitness": 55.86238222611408,
    "generation": 0,
    "parameters": {
        "alphaee": 0.6542773335324539,
        "alphaei": 0.25211002144188005,
        "alphaie": 0.3026182345033353,
        "alphaii": 0.5538883463571516,
        "deltae": 0.20503912797076723,
        "deltai": 0.06498074741930573,
        "eta0e": 3.925125219017593,
        "eta0i": 1.2809214497951593,
        "kappa_gapee": 0.1170285204241573,
        "kappa_gapei": 0.40154846642496506,
        "kappa_gapii": 0.3332520945617991,
        "kappa_see": 6.054551868981481,
        "kappa_sei": 7.288353939165348,
        "kappa_sie": 9.033466746819741,
        "kappa_sii": 3.0629688211409483,
        "sigma_se": 0.024396375427960425,
        "sigma_si": 0.035829481980050926,
        "taue": 23.893098425397174,
        "taui": 24.6810748706948,
        "tauxe": 39.940984550422456,
        "tauxi": 85.49566645025917,
        "vsyn_ee": 3.3262845774171925,
        "vsyn_ei": 9.5057103921542,
        "vsyn_ie": -74.97994820047404,
        "vsyn_ii": -52.11371030545187
    },
    "timestamp": 1746272284
}