{
    "fitness": 71.99599956278858,
    "generation": 0,
    "parameters": {
        "alphaee": 0.7993124309087306,
        "alphaei": 0.16447859213555052,
        "alphaie": 0.5804605704314745,
        "alphaii": 0.3644455208535326,
        "deltae": 0.30183916575552566,
        "deltai": 0.36561930485669314,
        "eta0e": 1.4355806251215253,
        "eta0i": 3.828971799150167,
        "kappa_gapee": 0.11358896512060482,
        "kappa_gapei": 0.1407225344826479,
        "kappa_gapii": 0.33796512215345476,
        "kappa_see": 4.1010059055888615,
        "kappa_sei": 4.643252884456307,
        "kappa_sie": 7.414991925422755,
        "kappa_sii": 5.639406937086803,
        "sigma_se": 0.025645651825318277,
        "sigma_si": 0.0871164352770282,
        "taue": 17.255976867209323,
        "taui": 10.564805075920223,
        "tauxe": 58.71147972834602,
        "tauxi": 44.074557100999805,
        "vsyn_ee": 11.095091926735927,
        "vsyn_ei": 19.980783657576488,
        "vsyn_ie": -30.109643621661434,
        "vsyn_ii": -91.03504664509603
    },
    "timestamp": 1746272296
}