{
    "fitness": 51.549670890539005,
    "generation": 0,
    "parameters": {
        "alphaee": 0.16078711981690033,
        "alphaei": 0.3919024275167465,
        "alphaie": 0.4677002252450211,
        "alphaii": 0.5107420763122322,
        "deltae": 0.2469126342946391,
        "deltai": 0.23021636742879253,
        "eta0e": 0.25794933601037867,
        "eta0i": 1.4536153250560881,
        "kappa_gapee": 0.07354082618442136,
        "kappa_gapei": 0.14682271681876957,
        "kappa_gapii": 0.7758453438463747,
        "kappa_see": 5.821876481090473,
        "kappa_sei": 4.472239280349963,
        "kappa_sie": 8.761553798707585,
        "kappa_sii": 6.365663428905918,
        "sigma_se": 0.05271727190457472,
        "sigma_si": 0.09427410586032911,
        "taue": 24.29199605074797,
        "taui": 12.011127467916605,
        "tauxe": 37.824291438583785,
        "tauxi": 68.2314655879213,
        "vsyn_ee": 16.313455474979293,
        "vsyn_ei": 4.613152936546523,
        "vsyn_ie": -18.061516723230667,
        "vsyn_ii": -96.07717348280697
    },
    "timestamp": 1746271856
}