{
    "fitness": 50.345067352918704,
    "generation": 0,
    "parameters": {
        "alphaee": 0.2829298885517985,
        "alphaei": 0.7235658172947652,
        "alphaie": 0.6180548179936449,
        "alphaii": 0.7837285097207034,
        "deltae": 0.32267474456064904,
        "deltai": 0.3510833889330076,
        "eta0e": 2.6679167020449386,
        "eta0i": 0.4354811384417781,
        "kappa_gapee": 0.03377412480048588,
        "kappa_gapei": 0.2917258431623002,
        "kappa_gapii": 0.0367915850353414,
        "kappa_see": 0.6282935385966142,
        "kappa_sei": 7.698961640016506,
        "kappa_sie": 6.069801954446985,
        "kappa_sii": 2.7323196095376137,
        "sigma_se": 0.07925491317117464,
        "sigma_si": 0.07382953301614871,
        "taue": 8.501310309006573,
        "taui": 11.611742906819057,
        "tauxe": 24.84614937264608,
        "tauxi": 58.221553417440155,
        "vsyn_ee": 11.755935117676747,
        "vsyn_ei": 7.196050358402648,
        "vsyn_ie": -62.81710306851728,
        "vsyn_ii": -55.39103523387552
    },
    "timestamp": 1746272165
}