{
    "fitness": 55.44052440582389,
    "generation": 0,
    "parameters": {
        "alphaee": 0.4913808426122614,
        "alphaei": 0.5563830738054856,
        "alphaie": 0.49816885370598357,
        "alphaii": 0.8555114974604007,
        "deltae": 0.458784657017823,
        "deltai": 0.10264768660649187,
        "eta0e": 0.3481019494593749,
        "eta0i": 4.164604922684196,
        "kappa_gapee": 0.09561117108636513,
        "kappa_gapei": 0.30898395962310954,
        "kappa_gapii": 0.43444460281943587,
        "kappa_see": 2.93465821777104,
        "kappa_sei": 2.0029048828939207,
        "kappa_sie": 9.163265630824545,
        "kappa_sii": 6.705021380521688,
        "sigma_se": 0.07447604595558456,
        "sigma_si": 0.08039761867216755,
        "taue": 10.368470331217736,
        "taui": 12.291098047113117,
        "tauxe": 29.369871983522927,
        "tauxi": 88.92894910059273,
        "vsyn_ee": 4.170847680915024,
        "vsyn_ei": 16.223058303335982,
        "vsyn_ie": -83.16981393022613,
        "vsyn_ii": -92.20471194952849
    },
    "timestamp": 1746272130
}