{
    "fitness": 166.90234877358972,
    "generation": 0,
    "parameters": {
        "alphaee": 0.7344537934132767,
        "alphaei": 0.2226529455714703,
        "alphaie": 0.9778885977907344,
        "alphaii": 0.8607431616065383,
        "deltae": 0.5615004045305768,
        "deltai": 0.35042453614576785,
        "eta0e": 3.279536434522521,
        "eta0i": 3.7837411011498627,
        "kappa_gapee": 0.055254353103816815,
        "kappa_gapei": 0.003429418713475273,
        "kappa_gapii": 0.40278685319167895,
        "kappa_see": 7.063042199083679,
        "kappa_sei": 6.746717726119483,
        "kappa_sie": 1.3587928922460484,
        "kappa_sii": 0.2816863923066445,
        "sigma_se": 0.046038834227088744,
        "sigma_si": 0.09119780556497804,
        "taue": 16.612667375204097,
        "taui": 7.661680281312835,
        "tauxe": 44.37453715865311,
        "tauxi": 96.37543296497392,
        "vsyn_ee": 4.933764009091405,
        "vsyn_ei": 4.399508606084813,
        "vsyn_ie": -64.76764432509185,
        "vsyn_ii": -96.64074228446594
    },
    "timestamp": 1746272118
}