{
    "fitness": 51.5680834692927,
    "generation": 0,
    "parameters": {
        "alphaee": 0.6976168787581032,
        "alphaei": 0.6657159167863483,
        "alphaie": 0.18104724844120731,
        "alphaii": 0.49276750219640714,
        "deltae": 0.49192862839104984,
        "deltai": 0.34065490414914745,
        "eta0e": 1.2289981658309,
        "eta0i": 0.41310943034314407,
        "kappa_gapee": 0.10071792561868581,
        "kappa_gapei": 0.06046516491526836,
        "kappa_gapii": 0.3449255971807379,
        "kappa_see": 9.940273909951992,
        "kappa_sei": 5.413634443000875,
        "kappa_sie": 3.3004480412319395,
        "kappa_sii": 6.862384368807528,
        "sigma_se": 0.04820428462693209,
        "sigma_si": 0.058900283206614196,
        "taue": 14.31974021265024,
        "taui": 20.0820292461676,
        "tauxe": 69.75799348900384,
        "tauxi": 71.48021165608412,
        "vsyn_ee": 12.497784137158119,
        "vsyn_ei": 15.632005332926326,
        "vsyn_ie": -75.96578251658646,
        "vsyn_ii": -73.37670761504818
    },
    "timestamp": 1746272011
}