{
    "fitness": 124.82357027985465,
    "generation": 0,
    "parameters": {
        "alphaee": 0.278253348367364,
        "alphaei": 0.34803895490753406,
        "alphaie": 0.3596229962701588,
        "alphaii": 0.14193648263812303,
        "deltae": 0.3230073125521714,
        "deltai": 0.5159937080113224,
        "eta0e": 2.20332393772892,
        "eta0i": 4.397904997099244,
        "kappa_gapee": 0.09107008843453238,
        "kappa_gapei": 0.4566644983295888,
        "kappa_gapii": 0.5947192820424131,
        "kappa_see": 1.0780008683361773,
        "kappa_sei": 3.541382489763027,
        "kappa_sie": 6.879192198049785,
        "kappa_sii": 0.17035025487226796,
        "sigma_se": 0.08641773746246027,
        "sigma_si": 0.039058510997416154,
        "taue": 13.2138197134161,
        "taui": 17.741526345493938,
        "tauxe": 41.74962276263436,
        "tauxi": 41.478854085898746,
        "vsyn_ee": 11.49175681633225,
        "vsyn_ei": 15.41251910620004,
        "vsyn_ie": -56.48158300611657,
        "vsyn_ii": -33.64184798177004
    },
    "timestamp": 1746277314
}