{
    "fitness": 49.92119047525259,
    "generation": 0,
    "parameters": {
        "alphaee": 0.7508384680773156,
        "alphaei": 0.1367726002137118,
        "alphaie": 0.973333692662175,
        "alphaii": 0.7758679975261533,
        "deltae": 0.4769299109700376,
        "deltai": 0.3765886297873245,
        "eta0e": 2.3175895040173145,
        "eta0i": 2.128330338390712,
        "kappa_gapee": 0.03672336137496834,
        "kappa_gapei": 0.1639782336458768,
        "kappa_gapii": 0.15927625149093216,
        "kappa_see": 3.0665242416659497,
        "kappa_sei": 2.446379367537855,
        "kappa_sie": 1.0052555122907245,
        "kappa_sii": 6.51203001358241,
        "sigma_se": 0.07664784268409568,
        "sigma_si": 0.04093837070279346,
        "taue": 6.9458152729763025,
        "taui": 10.436678674377621,
        "tauxe": 43.32303790155892,
        "tauxi": 45.35670419058424,
        "vsyn_ee": 17.78475204794337,
        "vsyn_ei": 17.61609355952973,
        "vsyn_ie": -86.14611284322841,
        "vsyn_ii": -45.37923677879028
    },
    "timestamp": 1746278283
}