{
    "fitness": 132.18352709750934,
    "generation": 0,
    "parameters": {
        "alphaee": 0.7054642526766941,
        "alphaei": 0.2794879942619495,
        "alphaie": 0.8172640450263293,
        "alphaii": 0.5539653523538729,
        "deltae": 0.39733303869016434,
        "deltai": 0.0874691866581861,
        "eta0e": 3.8460479160624867,
        "eta0i": 3.7075145410141044,
        "kappa_gapee": 0.15925525321219497,
        "kappa_gapei": 0.26719714283800033,
        "kappa_gapii": 0.6487801621327034,
        "kappa_see": 9.519377053025707,
        "kappa_sei": 0.054003274269914615,
        "kappa_sie": 9.609113880884037,
        "kappa_sii": 9.72517393981211,
        "sigma_se": 0.015884042535519293,
        "sigma_si": 0.07845578900451851,
        "taue": 7.060418828453027,
        "taui": 18.080993320888147,
        "tauxe": 51.75060000056581,
        "tauxi": 57.827885359632404,
        "vsyn_ee": 9.099723889745217,
        "vsyn_ei": 2.60809863926446,
        "vsyn_ie": -5.5806488875407325,
        "vsyn_ii": -75.1562303890766
    },
    "timestamp": 1746278224
}