{
    "fitness": 47.23772672119315,
    "generation": 0,
    "parameters": {
        "alphaee": 0.793584208786106,
        "alphaei": 0.08310201183233125,
        "alphaie": 0.14753984480757415,
        "alphaii": 0.170099193518327,
        "deltae": 0.1258173679116062,
        "deltai": 0.6,
        "eta0e": 1.375091669915201,
        "eta0i": 0.24346614338545955,
        "kappa_gapee": 0.0,
        "kappa_gapei": 0.4956466460342629,
        "kappa_gapii": 0.12463267859714432,
        "kappa_see": 9.423176075934641,
        "kappa_sei": 6.449039871150585,
        "kappa_sie": 6.6667035440596045,
        "kappa_sii": 2.6653990177740594,
        "sigma_se": 0.09429548522694804,
        "sigma_si": 0.09874504435076333,
        "taue": 15.519309496397849,
        "taui": 17.741526345493938,
        "tauxe": 31.16376365773922,
        "tauxi": 54.792888118968705,
        "vsyn_ee": 7.765189871495194,
        "vsyn_ei": 14.48724648400051,
        "vsyn_ie": -89.40618665099603,
        "vsyn_ii": -33.64184798177004
    },
    "timestamp": 1746277798
}