{
    "fitness": 47.541309806289966,
    "generation": 0,
    "parameters": {
        "alphaee": 0.47619961232906793,
        "alphaei": 0.2187605931247362,
        "alphaie": 0.21949251879495105,
        "alphaii": 0.8697964596091979,
        "deltae": 0.2323185697376952,
        "deltai": 0.34696135235966,
        "eta0e": 1.0801115541272537,
        "eta0i": 4.36444318940597,
        "kappa_gapee": 0.0028997958409643,
        "kappa_gapei": 0.4484219235720893,
        "kappa_gapii": 0.7278778177671863,
        "kappa_see": 7.293962034934625,
        "kappa_sei": 6.309665691374206,
        "kappa_sie": 4.963525343531554,
        "kappa_sii": 3.7387943883140466,
        "sigma_se": 0.08252988898600844,
        "sigma_si": 0.04543438211240392,
        "taue": 17.948702380267783,
        "taui": 17.75694243634446,
        "tauxe": 37.60469278739308,
        "tauxi": 91.70433752113047,
        "vsyn_ee": 19.07536223389814,
        "vsyn_ei": 12.231147306924539,
        "vsyn_ie": -12.593724348302203,
        "vsyn_ii": -33.23520857555283
    },
    "timestamp": 1746278212
}