{
    "fitness": 47.68476547792616,
    "generation": 0,
    "parameters": {
        "alphaee": 0.6439184033564852,
        "alphaei": 0.8777888365103672,
        "alphaie": 0.6527284974513916,
        "alphaii": 0.5579299362033756,
        "deltae": 0.21303893548189518,
        "deltai": 0.44247491099178476,
        "eta0e": 4.620704677548929,
        "eta0i": 2.5167825149520895,
        "kappa_gapee": 0.1677269312262738,
        "kappa_gapei": 0.10262095131181245,
        "kappa_gapii": 0.3994306429117937,
        "kappa_see": 3.401752965623577,
        "kappa_sei": 3.5256967366697847,
        "kappa_sie": 9.516942896245878,
        "kappa_sii": 7.925820459475756,
        "sigma_se": 0.04796249491182205,
        "sigma_si": 0.01929578384535774,
        "taue": 5.225335958595132,
        "taui": 24.477145698774827,
        "tauxe": 20.4670164845387,
        "tauxi": 47.75954432889861,
        "vsyn_ee": 3.7991659538006197,
        "vsyn_ei": 4.752214362718323,
        "vsyn_ie": -28.896401425531764,
        "vsyn_ii": -67.53342188724811
    },
    "timestamp": 1746278236
}