{
    "fitness": 48.632748498535754,
    "generation": 0,
    "parameters": {
        "alphaee": 0.2959905712135455,
        "alphaei": 0.34803895490753406,
        "alphaie": 0.01,
        "alphaii": 0.9989116648762919,
        "deltae": 0.29620995593975064,
        "deltai": 0.40454743262215265,
        "eta0e": 2.20332393772892,
        "eta0i": 4.193105743590023,
        "kappa_gapee": 0.05017843323861457,
        "kappa_gapei": 0.4566644983295888,
        "kappa_gapii": 0.4978383073229951,
        "kappa_see": 1.0780008683361773,
        "kappa_sei": 8.511816206327671,
        "kappa_sie": 7.662702276830202,
        "kappa_sii": 0.17035025487226796,
        "sigma_se": 0.1,
        "sigma_si": 0.08057908396359889,
        "taue": 13.2138197134161,
        "taui": 17.741526345493938,
        "tauxe": 41.74962276263436,
        "tauxi": 79.28423343493968,
        "vsyn_ee": 18.984335585565866,
        "vsyn_ei": 15.51873505894248,
        "vsyn_ie": -89.40618665099603,
        "vsyn_ii": -81.59572925075578
    },
    "timestamp": 1746277408
}