{
    "fitness": 128.85640833510607,
    "generation": 0,
    "parameters": {
        "alphaee": 0.1931232230985059,
        "alphaei": 0.15421653263678992,
        "alphaie": 0.3089643462256613,
        "alphaii": 0.7541593057928461,
        "deltae": 0.16267386190536642,
        "deltai": 0.5771087640034757,
        "eta0e": 0.7189422038806431,
        "eta0i": 3.72104611244589,
        "kappa_gapee": 0.18938442942763398,
        "kappa_gapei": 0.28456128747776915,
        "kappa_gapii": 0.5337509199110345,
        "kappa_see": 1.2355036344979213,
        "kappa_sei": 4.080833533017222,
        "kappa_sie": 5.541976023625645,
        "kappa_sii": 6.031256100913429,
        "sigma_se": 0.02681451772133983,
        "sigma_si": 0.07188402254182535,
        "taue": 20.545816977142998,
        "taui": 9.557615127488129,
        "tauxe": 66.41172419852205,
        "tauxi": 79.27638924031902,
        "vsyn_ee": 3.841878764081803,
        "vsyn_ei": 8.401357107698672,
        "vsyn_ie": -38.49951035857948,
        "vsyn_ii": -64.22093083594308
    },
    "timestamp": 1746278165
}