{
    "fitness": 74.09057707636704,
    "generation": 0,
    "parameters": {
        "alphaee": 0.30548812537563796,
        "alphaei": 0.6388834282011902,
        "alphaie": 0.1203294367192983,
        "alphaii": 0.40017530870282225,
        "deltae": 0.5689210555237282,
        "deltai": 0.2346752648482977,
        "eta0e": 2.690900386149026,
        "eta0i": 4.2934899225276615,
        "kappa_gapee": 0.15603550358713353,
        "kappa_gapei": 0.012642368601561284,
        "kappa_gapii": 0.4986351463954053,
        "kappa_see": 2.6503010100525057,
        "kappa_sei": 7.338668191043291,
        "kappa_sie": 9.603325830492837,
        "kappa_sii": 0.8172480817288265,
        "sigma_se": 0.08007300077957122,
        "sigma_si": 0.07133187320499851,
        "taue": 24.273311317351478,
        "taui": 18.042743859229766,
        "tauxe": 54.96416042284618,
        "tauxi": 81.26545423954067,
        "vsyn_ee": 12.59472813798924,
        "vsyn_ei": 8.087287697875718,
        "vsyn_ie": -2.8474009721876,
        "vsyn_ii": -85.48738659552797
    },
    "timestamp": 1746278177
}