{
    "fitness": 60.25420978939246,
    "generation": 0,
    "parameters": {
        "alphaee": 0.2594985667425538,
        "alphaei": 0.1742668954832995,
        "alphaie": 0.8822773405499073,
        "alphaii": 0.10521570029261144,
        "deltae": 0.4113258717411727,
        "deltai": 0.2828975213640071,
        "eta0e": 4.513304984209368,
        "eta0i": 0.5719478490565852,
        "kappa_gapee": 0.11546192281122927,
        "kappa_gapei": 0.1720962320361723,
        "kappa_gapii": 0.02148102587314053,
        "kappa_see": 4.55857995520887,
        "kappa_sei": 8.179415627846888,
        "kappa_sie": 3.173131634203606,
        "kappa_sii": 1.9293547593614682,
        "sigma_se": 0.050035084198859915,
        "sigma_si": 0.0337234861549823,
        "taue": 12.09238062865796,
        "taui": 10.304369665858815,
        "tauxe": 97.31665073242846,
        "tauxi": 98.39793599057573,
        "vsyn_ee": 6.572952174531278,
        "vsyn_ei": 17.472901358725885,
        "vsyn_ie": -68.66692301892432,
        "vsyn_ii": -22.287015951721614
    },
    "timestamp": 1746278200
}