{
    "fitness": 45.71420860531291,
    "generation": 0,
    "parameters": {
        "alphaee": 0.793584208786106,
        "alphaei": 0.2997828635989367,
        "alphaie": 0.4195687491082951,
        "alphaii": 0.0941825276046375,
        "deltae": 0.29830232261234113,
        "deltai": 0.3522953193701779,
        "eta0e": 0.7045320266633193,
        "eta0i": 4.867742767332486,
        "kappa_gapee": 0.11236499112222641,
        "kappa_gapei": 0.5,
        "kappa_gapii": 0.2961656381392271,
        "kappa_see": 9.934862611113125,
        "kappa_sei": 6.536551640132754,
        "kappa_sie": 7.662702276830202,
        "kappa_sii": 0.17035025487226796,
        "sigma_se": 0.08641773746246027,
        "sigma_si": 0.09874504435076333,
        "taue": 15.519309496397849,
        "taui": 9.370204712429954,
        "tauxe": 69.26823291061386,
        "tauxi": 55.058301940320234,
        "vsyn_ee": 18.984335585565866,
        "vsyn_ei": 14.48724648400051,
        "vsyn_ie": -76.51839078610047,
        "vsyn_ii": -33.64184798177004
    },
    "timestamp": 1746277655
}