{
    "fitness": 53.9549124990275,
    "generation": 0,
    "parameters": {
        "alphaee": 0.8484601565013821,
        "alphaei": 0.08310201183233125,
        "alphaie": 0.14753984480757415,
        "alphaii": 0.170099193518327,
        "deltae": 0.1258173679116062,
        "deltai": 0.46110828317713837,
        "eta0e": 1.375091669915201,
        "eta0i": 4.867742767332486,
        "kappa_gapee": 0.0,
        "kappa_gapei": 0.38806124644023093,
        "kappa_gapii": 0.7497752914336823,
        "kappa_see": 9.423176075934641,
        "kappa_sei": 3.6403031785841,
        "kappa_sie": 7.659376359954293,
        "kappa_sii": 9.004536317902419,
        "sigma_se": 0.06572510601463945,
        "sigma_si": 0.08735413138321653,
        "taue": 15.519309496397849,
        "taui": 9.62563429493678,
        "tauxe": 26.578726939222186,
        "tauxi": 28.954164168623997,
        "vsyn_ee": 7.807970284980439,
        "vsyn_ei": 14.48724648400051,
        "vsyn_ie": -76.51839078610047,
        "vsyn_ii": -21.58225759664211
    },
    "timestamp": 1746277763
}