{
    "fitness": 45.147514953361885,
    "generation": 0,
    "parameters": {
        "alphaee": 0.8484601565013821,
        "alphaei": 0.329116982999552,
        "alphaie": 0.14753984480757415,
        "alphaii": 0.15624032929698886,
        "deltae": 0.40417143348262835,
        "deltai": 0.46110828317713837,
        "eta0e": 1.375091669915201,
        "eta0i": 4.231988666943917,
        "kappa_gapee": 0.11236499112222641,
        "kappa_gapei": 0.4956466460342629,
        "kappa_gapii": 0.0,
        "kappa_see": 9.423176075934641,
        "kappa_sei": 3.761899286400282,
        "kappa_sie": 7.659376359954293,
        "kappa_sii": 2.8412363389956607,
        "sigma_se": 0.08641773746246027,
        "sigma_si": 0.1,
        "taue": 15.519309496397849,
        "taui": 19.192192830555626,
        "tauxe": 26.578726939222186,
        "tauxi": 55.058301940320234,
        "vsyn_ee": 7.807970284980439,
        "vsyn_ei": 14.48724648400051,
        "vsyn_ie": -89.40618665099603,
        "vsyn_ii": -33.64184798177004
    },
    "timestamp": 1746277988
}