{
    "fitness": 48.38932007997683,
    "generation": 0,
    "parameters": {
        "alphaee": 0.2959905712135455,
        "alphaei": 0.34803895490753406,
        "alphaie": 0.14753984480757415,
        "alphaii": 0.14193648263812303,
        "deltae": 0.1258173679116062,
        "deltai": 0.5159937080113224,
        "eta0e": 2.20332393772892,
        "eta0i": 4.193105743590023,
        "kappa_gapee": 0.05017843323861457,
        "kappa_gapei": 0.4566644983295888,
        "kappa_gapii": 0.5947192820424131,
        "kappa_see": 5.40415035084021,
        "kappa_sei": 3.541382489763027,
        "kappa_sie": 6.6667035440596045,
        "kappa_sii": 0.17035025487226796,
        "sigma_se": 0.1,
        "sigma_si": 0.039058510997416154,
        "taue": 13.2138197134161,
        "taui": 17.741526345493938,
        "tauxe": 31.16376365773922,
        "tauxi": 79.28423343493968,
        "vsyn_ee": 11.49175681633225,
        "vsyn_ei": 15.51873505894248,
        "vsyn_ie": -89.40618665099603,
        "vsyn_ii": -33.64184798177004
    },
    "timestamp": 1746277585
}