{
    "fitness": 47.91384463560276,
    "generation": 0,
    "parameters": {
        "alphaee": 0.278253348367364,
        "alphaei": 0.34803895490753406,
        "alphaie": 0.3596229962701588,
        "alphaii": 0.9989116648762919,
        "deltae": 0.29620995593975064,
        "deltai": 0.5635681151694439,
        "eta0e": 0.5783515349379609,
        "eta0i": 4.193105743590023,
        "kappa_gapee": 0.05017843323861457,
        "kappa_gapei": 0.5,
        "kappa_gapii": 0.4978383073229951,
        "kappa_see": 5.40415035084021,
        "kappa_sei": 8.511816206327671,
        "kappa_sie": 6.6667035440596045,
        "kappa_sii": 0.17035025487226796,
        "sigma_se": 0.061491398623451175,
        "sigma_si": 0.039058510997416154,
        "taue": 13.2138197134161,
        "taui": 17.741526345493938,
        "tauxe": 41.74962276263436,
        "tauxi": 79.28423343493968,
        "vsyn_ee": 18.984335585565866,
        "vsyn_ei": 15.51873505894248,
        "vsyn_ie": -89.44178379711082,
        "vsyn_ii": -33.64184798177004
    },
    "timestamp": 1746277514
}