{
    "fitness": 48.04821799989105,
    "generation": 0,
    "parameters": {
        "alphaee": 0.2959905712135455,
        "alphaei": 0.24714378509332555,
        "alphaie": 0.14753984480757415,
        "alphaii": 0.14193648263812303,
        "deltae": 0.4535129050008214,
        "deltai": 0.5159937080113224,
        "eta0e": 2.20332393772892,
        "eta0i": 4.193105743590023,
        "kappa_gapee": 0.09107008843453238,
        "kappa_gapei": 0.22130137038798348,
        "kappa_gapii": 0.5947192820424131,
        "kappa_see": 1.0780008683361773,
        "kappa_sei": 3.541382489763027,
        "kappa_sie": 7.662702276830202,
        "kappa_sii": 0.17035025487226796,
        "sigma_se": 0.1,
        "sigma_si": 0.09874504435076333,
        "taue": 15.411194423321598,
        "taui": 17.741526345493938,
        "tauxe": 31.16376365773922,
        "tauxi": 41.478854085898746,
        "vsyn_ee": 11.49175681633225,
        "vsyn_ei": 10.620780018350139,
        "vsyn_ie": -56.339644191636246,
        "vsyn_ii": -81.59572925075578
    },
    "timestamp": 1746277502
}