{
    "fitness": 68.62406044685285,
    "generation": 0,
    "parameters": {
        "alphaee": 0.278253348367364,
        "alphaei": 0.24714378509332555,
        "alphaie": 0.3596229962701588,
        "alphaii": 0.14193648263812303,
        "deltae": 0.1258173679116062,
        "deltai": 0.5635681151694439,
        "eta0e": 0.5783515349379609,
        "eta0i": 4.193105743590023,
        "kappa_gapee": 0.06743142811635928,
        "kappa_gapei": 0.34299987982361996,
        "kappa_gapii": 0.4978383073229951,
        "kappa_see": 5.40415035084021,
        "kappa_sei": 3.761899286400282,
        "kappa_sie": 6.816704378008386,
        "kappa_sii": 2.8412363389956607,
        "sigma_se": 0.08641773746246027,
        "sigma_si": 0.08735413138321653,
        "taue": 15.519309496397849,
        "taui": 17.741526345493938,
        "tauxe": 26.578726939222186,
        "tauxi": 41.478854085898746,
        "vsyn_ee": 7.807970284980439,
        "vsyn_ei": 14.48724648400051,
        "vsyn_ie": -56.339644191636246,
        "vsyn_ii": -33.35262858624808
    },
    "timestamp": 1746277538
}