{
    "fitness": 53.71056465473833,
    "generation": 0,
    "parameters": {
        "alphaee": 0.4714358845480481,
        "alphaei": 0.10973630163266242,
        "alphaie": 0.14753984480757415,
        "alphaii": 0.9989116648762919,
        "deltae": 0.29620995593975064,
        "deltai": 0.5159937080113224,
        "eta0e": 0.39063725092946117,
        "eta0i": 4.193105743590023,
        "kappa_gapee": 0.0,
        "kappa_gapei": 0.4566644983295888,
        "kappa_gapii": 0.4978383073229951,
        "kappa_see": 7.282205928726163,
        "kappa_sei": 6.536551640132754,
        "kappa_sie": 7.662702276830202,
        "kappa_sii": 0.17035025487226796,
        "sigma_se": 0.1,
        "sigma_si": 0.09874504435076333,
        "taue": 15.519309496397849,
        "taui": 17.741526345493938,
        "tauxe": 69.26823291061386,
        "tauxi": 79.28423343493968,
        "vsyn_ee": 18.984335585565866,
        "vsyn_ei": 15.51873505894248,
        "vsyn_ie": -56.223350686095685,
        "vsyn_ii": -81.59572925075578
    },
    "timestamp": 1746277632
}