{
    "fitness": 47.92981449251143,
    "generation": 0,
    "parameters": {
        "alphaee": 0.8660636444993046,
        "alphaei": 0.3066109115002224,
        "alphaie": 0.6376518995776609,
        "alphaii": 0.8207323139524465,
        "deltae": 0.4022012236976034,
        "deltai": 0.26678774743223366,
        "eta0e": 0.4353339149443082,
        "eta0i": 0.32870010303750585,
        "kappa_gapee": 0.047564599572621546,
        "kappa_gapei": 0.01854075393790831,
        "kappa_gapii": 0.14332625038031419,
        "kappa_see": 6.928586549033285,
        "kappa_sei": 4.831921579127911,
        "kappa_sie": 0.018406926968138466,
        "kappa_sii": 3.6889822897493603,
        "sigma_se": 0.09961421471079147,
        "sigma_si": 0.04536533739753368,
        "taue": 17.360409999560083,
        "taui": 21.307052879836345,
        "tauxe": 37.92022350183231,
        "tauxi": 29.388096240131148,
        "vsyn_ee": 14.427239393474439,
        "vsyn_ei": 7.788858102383113,
        "vsyn_ie": -74.38253264238762,
        "vsyn_ii": -34.46795319541356
    },
    "timestamp": 1746278259
}