{
    "fitness": 129.4275251203312,
    "generation": 0,
    "parameters": {
        "alphaee": 0.37290073021029363,
        "alphaei": 0.412143339519648,
        "alphaie": 0.39690003528957823,
        "alphaii": 0.1065601487458755,
        "deltae": 0.58474710048263,
        "deltai": 0.5724531830417977,
        "eta0e": 3.2514245832765005,
        "eta0i": 2.553211267200611,
        "kappa_gapee": 0.1508831891266388,
        "kappa_gapei": 0.23260853654973535,
        "kappa_gapii": 0.7358676160025253,
        "kappa_see": 9.682715471472674,
        "kappa_sei": 8.94255282963091,
        "kappa_sie": 1.6278509429813843,
        "kappa_sii": 0.32394551076410916,
        "sigma_se": 0.023377737330843605,
        "sigma_si": 0.01732353766958614,
        "taue": 17.35958807320418,
        "taui": 12.559601745544303,
        "tauxe": 26.610403059288085,
        "tauxi": 75.71654802488548,
        "vsyn_ee": 17.930271200100403,
        "vsyn_ei": 19.358366638914923,
        "vsyn_ie": -66.9863894261919,
        "vsyn_ii": -88.36647079086178
    },
    "timestamp": 1746278153
}