{
    "fitness": 49.845855016839096,
    "generation": 0,
    "parameters": {
        "alphaee": 0.793584208786106,
        "alphaei": 0.29663937281175995,
        "alphaie": 0.14753984480757415,
        "alphaii": 1.0,
        "deltae": 0.29830232261234113,
        "deltai": 0.46110828317713837,
        "eta0e": 1.375091669915201,
        "eta0i": 4.867742767332486,
        "kappa_gapee": 0.0,
        "kappa_gapei": 0.4956466460342629,
        "kappa_gapii": 0.4978383073229951,
        "kappa_see": 9.423176075934641,
        "kappa_sei": 6.536551640132754,
        "kappa_sie": 7.711518386101057,
        "kappa_sii": 0.17035025487226796,
        "sigma_se": 0.1,
        "sigma_si": 0.08735413138321653,
        "taue": 15.519309496397849,
        "taui": 9.62563429493678,
        "tauxe": 26.578726939222186,
        "tauxi": 41.478854085898746,
        "vsyn_ee": 18.984335585565866,
        "vsyn_ei": 14.48724648400051,
        "vsyn_ie": -56.339644191636246,
        "vsyn_ii": -33.64184798177004
    },
    "timestamp": 1746277893
}