{
    "fitness": 46.56473563425722,
    "generation": 0,
    "parameters": {
        "alphaee": 0.2959905712135455,
        "alphaei": 0.24714378509332555,
        "alphaie": 0.14753984480757415,
        "alphaii": 0.9989116648762919,
        "deltae": 0.29620995593975064,
        "deltai": 0.5635681151694439,
        "eta0e": 0.5783515349379609,
        "eta0i": 4.193105743590023,
        "kappa_gapee": 0.05017843323861457,
        "kappa_gapei": 0.4956466460342629,
        "kappa_gapii": 0.4978383073229951,
        "kappa_see": 5.40415035084021,
        "kappa_sei": 8.47386993764025,
        "kappa_sie": 7.306531429215517,
        "kappa_sii": 0.17035025487226796,
        "sigma_se": 0.061491398623451175,
        "sigma_si": 0.09874504435076333,
        "taue": 15.203133755049002,
        "taui": 17.741526345493938,
        "tauxe": 31.16376365773922,
        "tauxi": 79.28423343493968,
        "vsyn_ee": 18.806451148576645,
        "vsyn_ei": 10.620780018350139,
        "vsyn_ie": -89.40618665099603,
        "vsyn_ii": -81.6975681162117
    },
    "timestamp": 1746277326
}