{
    "fitness": 48.176627524581214,
    "generation": 0,
    "parameters": {
        "alphaee": 0.793584208786106,
        "alphaei": 0.34803895490753406,
        "alphaie": 0.01,
        "alphaii": 0.9989116648762919,
        "deltae": 0.29620995593975064,
        "deltai": 0.5159937080113224,
        "eta0e": 2.20332393772892,
        "eta0i": 4.193105743590023,
        "kappa_gapee": 0.05017843323861457,
        "kappa_gapei": 0.38806124644023093,
        "kappa_gapii": 0.2645925198841597,
        "kappa_see": 7.282205928726163,
        "kappa_sei": 8.511816206327671,
        "kappa_sie": 7.662702276830202,
        "kappa_sii": 9.004536317902419,
        "sigma_se": 0.06572510601463945,
        "sigma_si": 0.09874504435076333,
        "taue": 15.519309496397849,
        "taui": 9.62563429493678,
        "tauxe": 41.74962276263436,
        "tauxi": 28.671989932865635,
        "vsyn_ee": 7.765189871495194,
        "vsyn_ei": 15.66700858504774,
        "vsyn_ie": -89.40618665099603,
        "vsyn_ii": -21.58225759664211
    },
    "timestamp": 1746278035
}