{
    "fitness": 53.96057835717351,
    "generation": 0,
    "parameters": {
        "alphaee": 0.2959905712135455,
        "alphaei": 0.2997828635989367,
        "alphaie": 0.14753984480757415,
        "alphaii": 1.0,
        "deltae": 0.29620995593975064,
        "deltai": 0.5254886297529331,
        "eta0e": 2.20332393772892,
        "eta0i": 4.193105743590023,
        "kappa_gapee": 0.2,
        "kappa_gapei": 0.4956466460342629,
        "kappa_gapii": 0.4978383073229951,
        "kappa_see": 9.423176075934641,
        "kappa_sei": 3.761899286400282,
        "kappa_sie": 7.662702276830202,
        "kappa_sii": 0.17035025487226796,
        "sigma_se": 0.08641773746246027,
        "sigma_si": 0.01,
        "taue": 15.519309496397849,
        "taui": 17.741526345493938,
        "tauxe": 26.578726939222186,
        "tauxi": 79.28423343493968,
        "vsyn_ee": 18.984335585565866,
        "vsyn_ei": 15.51873505894248,
        "vsyn_ie": -89.40618665099603,
        "vsyn_ii": -81.59572925075578
    },
    "timestamp": 1746277597
}