{
    "fitness": 51.57239921846911,
    "generation": 0,
    "parameters": {
        "alphaee": 0.8704428463464127,
        "alphaei": 0.01,
        "alphaie": 0.14753984480757415,
        "alphaii": 0.8462292929958949,
        "deltae": 0.40417143348262835,
        "deltai": 0.46110828317713837,
        "eta0e": 1.375091669915201,
        "eta0i": 4.231988666943917,
        "kappa_gapee": 0.11236499112222641,
        "kappa_gapei": 0.4956466460342629,
        "kappa_gapii": 0.61625404935884,
        "kappa_see": 9.423176075934641,
        "kappa_sei": 6.449039871150585,
        "kappa_sie": 6.6667035440596045,
        "kappa_sii": 9.004536317902419,
        "sigma_se": 0.08641773746246027,
        "sigma_si": 0.1,
        "taue": 15.519309496397849,
        "taui": 17.741526345493938,
        "tauxe": 31.16376365773922,
        "tauxi": 55.25122352709719,
        "vsyn_ee": 7.765189871495194,
        "vsyn_ei": 14.48724648400051,
        "vsyn_ie": -56.339644191636246,
        "vsyn_ii": -33.64184798177004
    },
    "timestamp": 1746277739
}