{
    "fitness": 78.46938249294772,
    "generation": 0,
    "parameters": {
        "alphaee": 0.8704428463464127,
        "alphaei": 0.2997828635989367,
        "alphaie": 0.23840817380117313,
        "alphaii": 0.596315568415179,
        "deltae": 0.1258173679116062,
        "deltai": 0.46110828317713837,
        "eta0e": 1.375091669915201,
        "eta0i": 0.24346614338545955,
        "kappa_gapee": 0.07260625334985353,
        "kappa_gapei": 0.4956466460342629,
        "kappa_gapii": 0.12463267859714432,
        "kappa_see": 9.423176075934641,
        "kappa_sei": 3.8065135442310365,
        "kappa_sie": 7.662702276830202,
        "kappa_sii": 2.8412363389956607,
        "sigma_se": 0.09429548522694804,
        "sigma_si": 0.09874504435076333,
        "taue": 15.688960273057958,
        "taui": 19.192192830555626,
        "tauxe": 31.187032079354434,
        "tauxi": 54.792888118968705,
        "vsyn_ee": 7.807970284980439,
        "vsyn_ei": 14.48724648400051,
        "vsyn_ie": -89.40618665099603,
        "vsyn_ii": -33.64184798177004
    },
    "timestamp": 1746277751
}