{
    "fitness": 52.33807365536029,
    "generation": 0,
    "parameters": {
        "alphaee": 0.8484601565013821,
        "alphaei": 0.2997828635989367,
        "alphaie": 0.14753984480757415,
        "alphaii": 0.15624032929698886,
        "deltae": 0.40417143348262835,
        "deltai": 0.46110828317713837,
        "eta0e": 1.375091669915201,
        "eta0i": 4.867742767332486,
        "kappa_gapee": 0.11236499112222641,
        "kappa_gapei": 0.4956466460342629,
        "kappa_gapii": 0.5947192820424131,
        "kappa_see": 9.423176075934641,
        "kappa_sei": 3.541382489763027,
        "kappa_sie": 7.659376359954293,
        "kappa_sii": 0.17035025487226796,
        "sigma_se": 0.061491398623451175,
        "sigma_si": 0.09874504435076333,
        "taue": 15.519309496397849,
        "taui": 19.192192830555626,
        "tauxe": 31.16376365773922,
        "tauxi": 55.058301940320234,
        "vsyn_ee": 11.846697412782213,
        "vsyn_ei": 10.620780018350139,
        "vsyn_ie": -76.51839078610047,
        "vsyn_ii": -33.36084702060764
    },
    "timestamp": 1746277526
}