{
    "fitness": 52.62400267088795,
    "generation": 0,
    "parameters": {
        "alphaee": 0.8024813315936936,
        "alphaei": 0.32376624484796523,
        "alphaie": 0.24690255330821073,
        "alphaii": 0.683569440069176,
        "deltae": 0.411967240672181,
        "deltai": 0.20763387821911744,
        "eta0e": 3.9469450294537243,
        "eta0i": 4.315343497020004,
        "kappa_gapee": 0.12832886299716784,
        "kappa_gapei": 0.464139311190428,
        "kappa_gapii": 0.44875322111185156,
        "kappa_see": 0.39955014500120417,
        "kappa_sei": 9.14967613938696,
        "kappa_sie": 7.960778685861948,
        "kappa_sii": 3.408352663496497,
        "sigma_se": 0.015113351791272031,
        "sigma_si": 0.038477177303111544,
        "taue": 20.991750271908437,
        "taui": 17.728475078859283,
        "tauxe": 78.7459095414993,
        "tauxi": 69.9275647764992,
        "vsyn_ee": 13.679219298200195,
        "vsyn_ei": 10.316258508983811,
        "vsyn_ie": -9.112391236464717,
        "vsyn_ii": -50.599059953821566
    },
    "timestamp": 1746278117
}