{
    "fitness": 59.2771317064734,
    "generation": 0,
    "parameters": {
        "alphaee": 0.6456008235924975,
        "alphaei": 0.022266695347967783,
        "alphaie": 0.8476492103758472,
        "alphaii": 0.23587814946853453,
        "deltae": 0.4258293194241975,
        "deltai": 0.45945399067807274,
        "eta0e": 3.858265261111835,
        "eta0i": 0.13544763935834503,
        "kappa_gapee": 0.14135353084273256,
        "kappa_gapei": 0.04417075841624523,
        "kappa_gapii": 0.5508266781988913,
        "kappa_see": 2.4016518652427465,
        "kappa_sei": 5.530265820716786,
        "kappa_sie": 0.4888903332247644,
        "kappa_sii": 9.5895619757657,
        "sigma_se": 0.02689450730716373,
        "sigma_si": 0.08575422655060205,
        "taue": 15.534008687331443,
        "taui": 7.215755948696913,
        "tauxe": 59.59436178924549,
        "tauxi": 46.89128684399951,
        "vsyn_ee": 1.9393523677127718,
        "vsyn_ei": 12.026859800611442,
        "vsyn_ie": -85.06703265951444,
        "vsyn_ii": -56.789707227074544
    },
    "timestamp": 1746278141
}