{
    "fitness": 86.39641393200216,
    "generation": 0,
    "parameters": {
        "alphaee": 0.6851957012794093,
        "alphaei": 0.7124134124109393,
        "alphaie": 0.6490095229020445,
        "alphaii": 0.5548432700410961,
        "deltae": 0.3436521859610415,
        "deltai": 0.5912279578555686,
        "eta0e": 3.681582049636667,
        "eta0i": 4.526843763107731,
        "kappa_gapee": 0.19212249830966288,
        "kappa_gapei": 0.06727564243652116,
        "kappa_gapii": 0.7964802882044812,
        "kappa_see": 0.6966417331875531,
        "kappa_sei": 9.812575768325825,
        "kappa_sie": 1.8566551511931413,
        "kappa_sii": 4.688257554288052,
        "sigma_se": 0.023241383935223577,
        "sigma_si": 0.0731611519652269,
        "taue": 15.736050521745106,
        "taui": 15.920171185772778,
        "tauxe": 88.22076368595026,
        "tauxi": 84.3846538209461,
        "vsyn_ee": 14.730872842440212,
        "vsyn_ei": 12.869838690785222,
        "vsyn_ie": -34.57601269420783,
        "vsyn_ii": -47.46754846166777
    },
    "timestamp": 1746278295
}