{
    "fitness": 45.15695849117745,
    "generation": 0,
    "parameters": {
        "alphaee": 0.8484601565013821,
        "alphaei": 0.34803895490753406,
        "alphaie": 0.14753984480757415,
        "alphaii": 0.9989116648762919,
        "deltae": 0.29620995593975064,
        "deltai": 0.46110828317713837,
        "eta0e": 2.20332393772892,
        "eta0i": 4.193105743590023,
        "kappa_gapee": 0.05017843323861457,
        "kappa_gapei": 0.4956466460342629,
        "kappa_gapii": 0.4978383073229951,
        "kappa_see": 9.423176075934641,
        "kappa_sei": 8.47386993764025,
        "kappa_sie": 7.659376359954293,
        "kappa_sii": 2.8412363389956607,
        "sigma_se": 0.08641773746246027,
        "sigma_si": 0.039058510997416154,
        "taue": 15.519309496397849,
        "taui": 19.192192830555626,
        "tauxe": 41.74962276263436,
        "tauxi": 55.058301940320234,
        "vsyn_ee": 18.984335585565866,
        "vsyn_ei": 15.51873505894248,
        "vsyn_ie": -76.51839078610047,
        "vsyn_ii": -81.6975681162117
    },
    "timestamp": 1746277940
}