{
    "fitness": 90.64246639419231,
    "generation": 0,
    "parameters": {
        "alphaee": 0.14992748540984271,
        "alphaei": 0.4913821322294363,
        "alphaie": 0.7149071143673198,
        "alphaii": 0.5868965855981558,
        "deltae": 0.5666763713314217,
        "deltai": 0.43257317366041037,
        "eta0e": 3.845062565881516,
        "eta0i": 0.25633538677219825,
        "kappa_gapee": 0.12424136151005444,
        "kappa_gapei": 0.10035837764901528,
        "kappa_gapii": 0.19554917293656168,
        "kappa_see": 5.642811962654039,
        "kappa_sei": 4.865777582619046,
        "kappa_sie": 2.5136601290501717,
        "kappa_sii": 0.17273800587429816,
        "sigma_se": 0.04648204917450898,
        "sigma_si": 0.08177317035857569,
        "taue": 23.14621450141889,
        "taui": 6.3506854462500435,
        "tauxe": 22.001277883553506,
        "tauxi": 68.1638283007556,
        "vsyn_ee": 5.145953016477649,
        "vsyn_ei": 11.951994045956903,
        "vsyn_ie": -49.056121857308305,
        "vsyn_ii": -44.319235214668225
    },
    "timestamp": 1746278070
}