{
    "fitness": 48.857848883942175,
    "generation": 0,
    "parameters": {
        "alphaee": 0.793584208786106,
        "alphaei": 0.08310201183233125,
        "alphaie": 0.739587480112186,
        "alphaii": 0.170099193518327,
        "deltae": 0.1258173679116062,
        "deltai": 0.6,
        "eta0e": 1.5896349510835082,
        "eta0i": 0.24346614338545955,
        "kappa_gapee": 0.0,
        "kappa_gapei": 0.38806124644023093,
        "kappa_gapii": 0.12463267859714432,
        "kappa_see": 7.282205928726163,
        "kappa_sei": 6.449039871150585,
        "kappa_sie": 6.6667035440596045,
        "kappa_sii": 9.004536317902419,
        "sigma_se": 0.1,
        "sigma_si": 0.1,
        "taue": 15.519309496397849,
        "taui": 10.128564602947367,
        "tauxe": 31.16376365773922,
        "tauxi": 41.84009115186784,
        "vsyn_ee": 12.053783764156556,
        "vsyn_ei": 14.48724648400051,
        "vsyn_ie": -89.40618665099603,
        "vsyn_ii": -21.58225759664211
    },
    "timestamp": 1746277267
}