{
    "fitness": 94.79857427615539,
    "generation": 0,
    "parameters": {
        "alphaee": 0.8704428463464127,
        "alphaei": 0.24714378509332555,
        "alphaie": 0.14753984480757415,
        "alphaii": 0.6197168943533617,
        "deltae": 0.40417143348262835,
        "deltai": 0.5635681151694439,
        "eta0e": 0.5783515349379609,
        "eta0i": 4.231988666943917,
        "kappa_gapee": 0.11236499112222641,
        "kappa_gapei": 0.4956466460342629,
        "kappa_gapii": 0.5947192820424131,
        "kappa_see": 5.40415035084021,
        "kappa_sei": 6.449039871150585,
        "kappa_sie": 6.6667035440596045,
        "kappa_sii": 2.8412363389956607,
        "sigma_se": 0.061491398623451175,
        "sigma_si": 0.09874504435076333,
        "taue": 15.688960273057958,
        "taui": 17.741526345493938,
        "tauxe": 31.16376365773922,
        "tauxi": 54.792888118968705,
        "vsyn_ee": 7.765189871495194,
        "vsyn_ei": 10.620780018350139,
        "vsyn_ie": -89.40618665099603,
        "vsyn_ii": -33.64184798177004
    },
    "timestamp": 1746277667
}