{
    "fitness": 48.319937950465956,
    "generation": 0,
    "parameters": {
        "alphaee": 0.2959905712135455,
        "alphaei": 0.06556554808142136,
        "alphaie": 0.23840817380117313,
        "alphaii": 0.9989116648762919,
        "deltae": 0.1258173679116062,
        "deltai": 0.46110828317713837,
        "eta0e": 2.20332393772892,
        "eta0i": 0.24346614338545955,
        "kappa_gapee": 0.05017843323861457,
        "kappa_gapei": 0.4956466460342629,
        "kappa_gapii": 0.61625404935884,
        "kappa_see": 9.705728061799721,
        "kappa_sei": 8.47386993764025,
        "kappa_sie": 7.662702276830202,
        "kappa_sii": 0.17035025487226796,
        "sigma_se": 0.08641773746246027,
        "sigma_si": 0.039058510997416154,
        "taue": 15.519309496397849,
        "taui": 17.741526345493938,
        "tauxe": 31.187032079354434,
        "tauxi": 79.28423343493968,
        "vsyn_ee": 7.807970284980439,
        "vsyn_ei": 14.48724648400051,
        "vsyn_ie": -56.339644191636246,
        "vsyn_ii": -33.64184798177004
    },
    "timestamp": 1746277727
}