{
    "fitness": 48.55436095824835,
    "generation": 0,
    "parameters": {
        "alphaee": 0.38529919046824423,
        "alphaei": 0.5241053169285566,
        "alphaie": 0.10829041860066589,
        "alphaii": 0.8799315677367445,
        "deltae": 0.5655423260721828,
        "deltai": 0.5681854439980929,
        "eta0e": 1.9805770093714714,
        "eta0i": 2.4458719749184326,
        "kappa_gapee": 0.026336199172062043,
        "kappa_gapei": 0.14052401422086533,
        "kappa_gapii": 0.449456509074613,
        "kappa_see": 6.9342472141662315,
        "kappa_sei": 5.266177928695609,
        "kappa_sie": 0.16464187363843807,
        "kappa_sii": 7.309439959476615,
        "sigma_se": 0.058704085874002734,
        "sigma_si": 0.09035872787720589,
        "taue": 17.17278478207073,
        "taui": 15.902845218504545,
        "tauxe": 72.23731466608702,
        "tauxi": 58.53211675759843,
        "vsyn_ee": 18.31455991166577,
        "vsyn_ei": 15.38284277048653,
        "vsyn_ie": -36.986312126098944,
        "vsyn_ii": -19.53886527554637
    },
    "timestamp": 1746278129
}