{
    "fitness": 45.92403419108115,
    "generation": 0,
    "parameters": {
        "alphaee": 0.793584208786106,
        "alphaei": 0.01,
        "alphaie": 0.23840817380117313,
        "alphaii": 1.0,
        "deltae": 0.29830232261234113,
        "deltai": 0.46110828317713837,
        "eta0e": 1.375091669915201,
        "eta0i": 0.24346614338545955,
        "kappa_gapee": 0.0,
        "kappa_gapei": 0.4956466460342629,
        "kappa_gapii": 0.61625404935884,
        "kappa_see": 7.282205928726163,
        "kappa_sei": 6.536551640132754,
        "kappa_sie": 7.662702276830202,
        "kappa_sii": 0.17035025487226796,
        "sigma_se": 0.08641773746246027,
        "sigma_si": 0.09874504435076333,
        "taue": 15.519309496397849,
        "taui": 9.62556616576145,
        "tauxe": 69.26823291061386,
        "tauxi": 41.478854085898746,
        "vsyn_ee": 18.984335585565866,
        "vsyn_ei": 14.48724648400051,
        "vsyn_ie": -56.339644191636246,
        "vsyn_ii": -33.92437248418866
    },
    "timestamp": 1746277810
}