{
    "fitness": 54.00742802558477,
    "generation": 0,
    "parameters": {
        "alphaee": 0.446035360169609,
        "alphaei": 0.3330636994017916,
        "alphaie": 0.533543576847712,
        "alphaii": 0.07275394854495575,
        "deltae": 0.437181354228039,
        "deltai": 0.5387645232440215,
        "eta0e": 4.605150964121881,
        "eta0i": 0.6710470979942856,
        "kappa_gapee": 0.011584964968999682,
        "kappa_gapei": 0.35536145755697407,
        "kappa_gapii": 0.7448070834763574,
        "kappa_see": 1.3795347725304958,
        "kappa_sei": 1.615397692348802,
        "kappa_sie": 0.34628081044768216,
        "kappa_sii": 3.3113681092559726,
        "sigma_se": 0.05844120680012503,
        "sigma_si": 0.014152364102315282,
        "taue": 10.716355133151463,
        "taui": 6.27755382486071,
        "tauxe": 69.48560178681254,
        "tauxi": 30.720751767529837,
        "vsyn_ee": 1.2989279820168247,
        "vsyn_ei": 18.39900857800204,
        "vsyn_ie": -98.8393572973807,
        "vsyn_ii": -61.63314469036404
    },
    "timestamp": 1746278189
}