{
    "fitness": 101.5559181646617,
    "generation": 0,
    "parameters": {
        "alphaee": 0.793584208786106,
        "alphaei": 0.34803895490753406,
        "alphaie": 0.4195687491082951,
        "alphaii": 1.0,
        "deltae": 0.29830232261234113,
        "deltai": 0.46110828317713837,
        "eta0e": 2.20332393772892,
        "eta0i": 0.24346614338545955,
        "kappa_gapee": 0.05017843323861457,
        "kappa_gapei": 0.4566644983295888,
        "kappa_gapii": 0.5777653713989033,
        "kappa_see": 1.0780008683361773,
        "kappa_sei": 8.867732088572444,
        "kappa_sie": 7.662702276830202,
        "kappa_sii": 0.17035025487226796,
        "sigma_se": 0.1,
        "sigma_si": 0.039058510997416154,
        "taue": 13.2138197134161,
        "taui": 9.204470537776311,
        "tauxe": 41.74962276263436,
        "tauxi": 41.478854085898746,
        "vsyn_ee": 18.984335585565866,
        "vsyn_ei": 14.580531707811497,
        "vsyn_ie": -89.40618665099603,
        "vsyn_ii": -33.92437248418866
    },
    "timestamp": 1746277620
}