{
    "fitness": 58.441515961945285,
    "generation": 0,
    "parameters": {
        "alphaee": 0.6038775308607467,
        "alphaei": 0.11104238453637728,
        "alphaie": 0.21942409828017656,
        "alphaii": 0.8575110396726415,
        "deltae": 0.3248759536238884,
        "deltai": 0.21026599253644185,
        "eta0e": 2.608316812383312,
        "eta0i": 3.8618704081663653,
        "kappa_gapee": 0.07597653707824654,
        "kappa_gapei": 0.4524888659134552,
        "kappa_gapii": 0.1274505216605801,
        "kappa_see": 6.835253468823335,
        "kappa_sei": 7.164356464258515,
        "kappa_sie": 1.0367065142298764,
        "kappa_sii": 2.2537385354759234,
        "sigma_se": 0.072498183870239,
        "sigma_si": 0.07073181833070352,
        "taue": 13.604801627334558,
        "taui": 20.40917863765813,
        "tauxe": 84.04374877554963,
        "tauxi": 80.67055172881737,
        "vsyn_ee": 19.34673618045551,
        "vsyn_ei": 4.799749338397192,
        "vsyn_ie": -77.38868190345613,
        "vsyn_ii": -89.77252186281108
    },
    "timestamp": 1746278248
}