{
    "fitness": 53.47642879203344,
    "generation": 0,
    "parameters": {
        "alphaee": 0.6298136455140912,
        "alphaei": 0.3726047915689233,
        "alphaie": 0.07176903613824973,
        "alphaii": 0.4862238305994653,
        "deltae": 0.41944334000400646,
        "deltai": 0.3082849827483267,
        "eta0e": 0.34828056393648726,
        "eta0i": 1.3793206828739355,
        "kappa_gapee": 0.1579295285369686,
        "kappa_gapei": 0.24888516390214022,
        "kappa_gapii": 0.2342871081560186,
        "kappa_see": 0.9892564841343796,
        "kappa_sei": 8.12635923153374,
        "kappa_sie": 2.858925784759986,
        "kappa_sii": 2.3190166625741835,
        "sigma_se": 0.025897806594603875,
        "sigma_si": 0.020828729515094888,
        "taue": 18.892550992688623,
        "taui": 13.912291815921753,
        "tauxe": 54.97779521190357,
        "tauxi": 61.19209004515688,
        "vsyn_ee": 5.204866098709087,
        "vsyn_ei": 16.541183014586125,
        "vsyn_ie": -93.50902442109273,
        "vsyn_ii": -29.858099840306068
    },
    "timestamp": 1746278106
}