{
    "fitness": 46.94788114594884,
    "generation": 0,
    "parameters": {
        "alphaee": 0.7362421095232774,
        "alphaei": 0.2997828635989367,
        "alphaie": 0.739587480112186,
        "alphaii": 0.596315568415179,
        "deltae": 0.37750405895248,
        "deltai": 0.46110828317713837,
        "eta0e": 1.375091669915201,
        "eta0i": 4.231988666943917,
        "kappa_gapee": 0.11236499112222641,
        "kappa_gapei": 0.38806124644023093,
        "kappa_gapii": 0.12463267859714432,
        "kappa_see": 7.282205928726163,
        "kappa_sei": 6.449039871150585,
        "kappa_sie": 7.662702276830202,
        "kappa_sii": 9.004536317902419,
        "sigma_se": 0.06572510601463945,
        "sigma_si": 0.1,
        "taue": 15.688960273057958,
        "taui": 9.62563429493678,
        "tauxe": 69.26823291061386,
        "tauxi": 28.671989932865635,
        "vsyn_ee": 7.765189871495194,
        "vsyn_ei": 14.48724648400051,
        "vsyn_ie": -89.40618665099603,
        "vsyn_ii": -21.58225759664211
    },
    "timestamp": 1746277787
}