{
    "fitness": 58.745010180512054,
    "generation": 0,
    "parameters": {
        "alphaee": 0.575540846908917,
        "alphaei": 0.8743485713754889,
        "alphaie": 0.5010034426143442,
        "alphaii": 0.4947909501361384,
        "deltae": 0.5665000744245434,
        "deltai": 0.4453116620486903,
        "eta0e": 2.9662126230762875,
        "eta0i": 2.623632488521317,
        "kappa_gapee": 0.03417510663854926,
        "kappa_gapei": 0.3872397088133625,
        "kappa_gapii": 0.47599551289883835,
        "kappa_see": 2.0814720897835115,
        "kappa_sei": 4.382289995202786,
        "kappa_sie": 4.277742779001779,
        "kappa_sii": 9.022680908898181,
        "sigma_se": 0.09897919924136864,
        "sigma_si": 0.04129986459788818,
        "taue": 15.166118363055237,
        "taui": 8.351434687239022,
        "tauxe": 30.51856349094929,
        "tauxi": 95.53417822534854,
        "vsyn_ee": 15.411068465748961,
        "vsyn_ei": 3.712650471698964,
        "vsyn_ie": -84.56398147321951,
        "vsyn_ii": -54.382062040583605
    },
    "timestamp": 1746278271
}