{
    "fitness": 83.0109744018878,
    "generation": 0,
    "parameters": {
        "alphaee": 0.6673764229786323,
        "alphaei": 0.7511745820260314,
        "alphaie": 0.0927358469891651,
        "alphaii": 0.6573389593162997,
        "deltae": 0.5879462900695968,
        "deltai": 0.07953931041811585,
        "eta0e": 1.6079288587656753,
        "eta0i": 2.2068871336069322,
        "kappa_gapee": 0.028471410794932695,
        "kappa_gapei": 0.026063994388754855,
        "kappa_gapii": 0.7829101832450278,
        "kappa_see": 9.630009066523236,
        "kappa_sei": 0.5223699903429634,
        "kappa_sie": 4.725774014314592,
        "kappa_sii": 5.023939091412175,
        "sigma_se": 0.048745118129684094,
        "sigma_si": 0.09891376625833558,
        "taue": 5.565063298335565,
        "taui": 21.016439939642716,
        "tauxe": 36.25589360919736,
        "tauxi": 40.90762733404647,
        "vsyn_ee": 8.489080949536454,
        "vsyn_ei": 1.7792260826710038,
        "vsyn_ie": -29.805200650537373,
        "vsyn_ii": -56.35443521880147
    },
    "timestamp": 1746278094
}