{
    "fitness": 49.26172685710667,
    "generation": 0,
    "parameters": {
        "alphaee": 0.278253348367364,
        "alphaei": 0.24714378509332555,
        "alphaie": 0.739587480112186,
        "alphaii": 0.170099193518327,
        "deltae": 0.1258173679116062,
        "deltai": 0.5635681151694439,
        "eta0e": 0.5783515349379609,
        "eta0i": 4.193105743590023,
        "kappa_gapee": 0.0,
        "kappa_gapei": 0.3314287903090749,
        "kappa_gapii": 0.5947192820424131,
        "kappa_see": 7.282205928726163,
        "kappa_sei": 6.449039871150585,
        "kappa_sie": 5.279879069012511,
        "kappa_sii": 0.17035025487226796,
        "sigma_se": 0.06572510601463945,
        "sigma_si": 0.09874504435076333,
        "taue": 15.319233814194392,
        "taui": 9.62563429493678,
        "tauxe": 31.16376365773922,
        "tauxi": 41.478854085898746,
        "vsyn_ee": 11.49175681633225,
        "vsyn_ei": 14.48724648400051,
        "vsyn_ie": -56.339644191636246,
        "vsyn_ii": -33.80320760598028
    },
    "timestamp": 1746277905
}