{
    "fitness": 70.7044558523547,
    "generation": 0,
    "parameters": {
        "alphaee": 0.13075900498405213,
        "alphaei": 0.0491110907744376,
        "alphaie": 0.9332056231877633,
        "alphaii": 0.5676496781107023,
        "deltae": 0.0726972089646458,
        "deltai": 0.18722824173384617,
        "eta0e": 3.804336191807703,
        "eta0i": 0.4436455027991283,
        "kappa_gapee": 0.019639257123583893,
        "kappa_gapei": 0.016270290229049803,
        "kappa_gapii": 0.35636020874936464,
        "kappa_see": 2.3397553903018995,
        "kappa_sei": 5.054086092809864,
        "kappa_sie": 9.315025748092962,
        "kappa_sii": 4.080264236248697,
        "sigma_se": 0.02788166085448715,
        "sigma_si": 0.0340014667410545,
        "taue": 14.445916212072403,
        "taui": 16.60724163936353,
        "tauxe": 45.31881607154497,
        "tauxi": 73.22624055053765,
        "vsyn_ee": 14.268781544624265,
        "vsyn_ei": 10.234906586072837,
        "vsyn_ie": -43.55234036486658,
        "vsyn_ii": -24.4830612351264
    },
    "timestamp": 1746273292
}