{
    "fitness": 63.222764542866514,
    "generation": 0,
    "parameters": {
        "alphaee": 0.44831199204796385,
        "alphaei": 0.6265471517726466,
        "alphaie": 0.5698563616589424,
        "alphaii": 0.157094733290979,
        "deltae": 0.22771134666627013,
        "deltai": 0.35850367919820453,
        "eta0e": 1.949648464664338,
        "eta0i": 2.422453979383975,
        "kappa_gapee": 0.04816038984962617,
        "kappa_gapei": 0.5,
        "kappa_gapii": 0.1152638058344341,
        "kappa_see": 9.961061714134093,
        "kappa_sei": 5.023619062063817,
        "kappa_sie": 0.6687446931665117,
        "kappa_sii": 5.348587430712387,
        "sigma_se": 0.1,
        "sigma_si": 0.0852425744926826,
        "taue": 8.514639557774967,
        "taui": 11.124219900460055,
        "tauxe": 98.19897176925426,
        "tauxi": 53.19948720707339,
        "vsyn_ee": 15.460440364262373,
        "vsyn_ei": 15.517851873695502,
        "vsyn_ie": -48.192533557364115,
        "vsyn_ii": -2.107735797321311
    },
    "timestamp": 1746272842
}