{
    "fitness": 175.28697586933254,
    "generation": 0,
    "parameters": {
        "alphaee": 0.1404007898503282,
        "alphaei": 0.05259644072900218,
        "alphaie": 0.8098830640339872,
        "alphaii": 0.15140977328200134,
        "deltae": 0.29620995593975064,
        "deltai": 0.4187165357609228,
        "eta0e": 1.5964314104534505,
        "eta0i": 5.0,
        "kappa_gapee": 0.11236499112222641,
        "kappa_gapei": 0.4566644983295888,
        "kappa_gapii": 0.0,
        "kappa_see": 0.5427177962501374,
        "kappa_sei": 8.566638415585498,
        "kappa_sie": 3.882643119368531,
        "kappa_sii": 3.755373120111965,
        "sigma_se": 0.01,
        "sigma_si": 0.09362943619854872,
        "taue": 13.162863690790113,
        "taui": 17.741526345493938,
        "tauxe": 47.7052114992941,
        "tauxi": 55.058301940320234,
        "vsyn_ee": 10.531183859156261,
        "vsyn_ei": 13.817529681175463,
        "vsyn_ie": -76.51839078610047,
        "vsyn_ii": -23.563440123512734
    },
    "timestamp": 1746273209
}