{
    "fitness": 55.14901362350564,
    "generation": 0,
    "parameters": {
        "alphaee": 0.36521423557065014,
        "alphaei": 0.6166531055556052,
        "alphaie": 0.9674828464661183,
        "alphaii": 0.025578013332116754,
        "deltae": 0.12389347777940063,
        "deltai": 0.09697665471377293,
        "eta0e": 0.6207776732823963,
        "eta0i": 1.6448969707284755,
        "kappa_gapee": 0.1755398106757519,
        "kappa_gapei": 0.20624257189300257,
        "kappa_gapii": 0.15310532371425373,
        "kappa_see": 3.4342592965724714,
        "kappa_sei": 0.6425551645055143,
        "kappa_sie": 4.605789844610455,
        "kappa_sii": 0.8124282362102568,
        "sigma_se": 0.015103703486163427,
        "sigma_si": 0.07661383848451316,
        "taue": 6.95490830511288,
        "taui": 16.80863611697189,
        "tauxe": 52.35761186553503,
        "tauxi": 57.678573091325205,
        "vsyn_ee": 3.7237098365505434,
        "vsyn_ei": 11.38545089719922,
        "vsyn_ie": -95.7326036285313,
        "vsyn_ii": -35.02598770218019
    },
    "timestamp": 1746273363
}