{
    "fitness": 114.66413984659806,
    "generation": 0,
    "parameters": {
        "alphaee": 0.32056979533319363,
        "alphaei": 0.31190645270089723,
        "alphaie": 0.5305001324541864,
        "alphaii": 0.01,
        "deltae": 0.5055680926341707,
        "deltai": 0.10699383046207474,
        "eta0e": 0.9677463760819658,
        "eta0i": 3.7000181991599863,
        "kappa_gapee": 0.07554541233253381,
        "kappa_gapei": 0.04234545705142556,
        "kappa_gapii": 0.6364097068741397,
        "kappa_see": 1.1972463313012787,
        "kappa_sei": 3.9142969681824322,
        "kappa_sie": 6.301546928468746,
        "kappa_sii": 4.137634014810845,
        "sigma_se": 0.08584264535978572,
        "sigma_si": 0.06125156999744503,
        "taue": 20.50340302179104,
        "taui": 14.86182402103717,
        "tauxe": 53.77887044162718,
        "tauxi": 32.02419148495647,
        "vsyn_ee": 2.0317327977214297,
        "vsyn_ei": 1.7307168697219535,
        "vsyn_ie": -2.721874829176002,
        "vsyn_ii": -3.1584244456372517
    },
    "timestamp": 1746273303
}