{
    "fitness": 49.65616916396836,
    "generation": 0,
    "parameters": {
        "alphaee": 0.32056979533319363,
        "alphaei": 0.0491110907744376,
        "alphaie": 0.38530824372598477,
        "alphaii": 0.7480596489490395,
        "deltae": 0.5824613863876125,
        "deltai": 0.10699383046207474,
        "eta0e": 0.0057961232276926644,
        "eta0i": 1.5607979458347956,
        "kappa_gapee": 0.11463429249754205,
        "kappa_gapei": 0.2574291146395641,
        "kappa_gapii": 0.7089556813867772,
        "kappa_see": 1.939513234263241,
        "kappa_sei": 1.9150419422546692,
        "kappa_sie": 6.301546928468746,
        "kappa_sii": 9.174991381071663,
        "sigma_se": 0.04971240347862586,
        "sigma_si": 0.06125156999744503,
        "taue": 20.932397205815228,
        "taui": 14.86182402103717,
        "tauxe": 71.29700323791089,
        "tauxi": 54.847140976420036,
        "vsyn_ee": 8.36071252530761,
        "vsyn_ei": 2.2269225617529047,
        "vsyn_ie": -2.828111422910002,
        "vsyn_ii": -5.128771725193232
    },
    "timestamp": 1746272901
}