{
    "fitness": 62.34218743011911,
    "generation": 0,
    "parameters": {
        "alphaee": 0.2959905712135455,
        "alphaei": 0.24714378509332555,
        "alphaie": 0.23840817380117313,
        "alphaii": 0.9989116648762919,
        "deltae": 0.44458256130264673,
        "deltai": 0.46110828317713837,
        "eta0e": 2.297908678119138,
        "eta0i": 4.193105743590023,
        "kappa_gapee": 0.17290025197586373,
        "kappa_gapei": 0.38806124644023093,
        "kappa_gapii": 0.10220102893685919,
        "kappa_see": 7.282205928726163,
        "kappa_sei": 8.566638415585498,
        "kappa_sie": 3.8718354186238564,
        "kappa_sii": 0.17035025487226796,
        "sigma_se": 0.1,
        "sigma_si": 0.09362943619854872,
        "taue": 23.445438884814582,
        "taui": 12.594655796093413,
        "tauxe": 31.16376365773922,
        "tauxi": 79.36942957571536,
        "vsyn_ee": 18.984335585565866,
        "vsyn_ei": 12.01340343669313,
        "vsyn_ie": -31.363328580737647,
        "vsyn_ii": -81.6975681162117
    },
    "timestamp": 1746272936
}