{
    "fitness": 48.70762316663516,
    "generation": 0,
    "parameters": {
        "alphaee": 0.27522345275072513,
        "alphaei": 0.5514306139651574,
        "alphaie": 0.38530824372598477,
        "alphaii": 0.7480596489490395,
        "deltae": 0.5824613863876125,
        "deltai": 0.5159937080113224,
        "eta0e": 2.297908678119138,
        "eta0i": 1.5607979458347956,
        "kappa_gapee": 0.15292259367294675,
        "kappa_gapei": 0.4566644983295888,
        "kappa_gapii": 0.7519754783863452,
        "kappa_see": 1.0780008683361773,
        "kappa_sei": 8.566638415585498,
        "kappa_sie": 5.893912609054405,
        "kappa_sii": 0.17035025487226796,
        "sigma_se": 0.04971240347862586,
        "sigma_si": 0.018424234627061515,
        "taue": 13.261941683760952,
        "taui": 14.92286754538047,
        "tauxe": 41.74962276263436,
        "tauxi": 79.28423343493968,
        "vsyn_ee": 8.36071252530761,
        "vsyn_ei": 15.51873505894248,
        "vsyn_ie": -10.783820625601123,
        "vsyn_ii": -81.6975681162117
    },
    "timestamp": 1746272663
}