{
    "fitness": 93.79353158849791,
    "generation": 0,
    "parameters": {
        "alphaee": 0.6519376909452116,
        "alphaei": 0.01,
        "alphaie": 0.5305001324541864,
        "alphaii": 0.08519091095259987,
        "deltae": 0.5778932610833919,
        "deltai": 0.10699383046207474,
        "eta0e": 3.804336191807703,
        "eta0i": 3.7055284936696777,
        "kappa_gapee": 0.13659645394499267,
        "kappa_gapei": 0.0,
        "kappa_gapii": 0.1152638058344341,
        "kappa_see": 2.133005892212703,
        "kappa_sei": 3.9142969681824322,
        "kappa_sie": 6.067034595635175,
        "kappa_sii": 3.5286875402119695,
        "sigma_se": 0.04451751811330106,
        "sigma_si": 0.022152329868159203,
        "taue": 20.50340302179104,
        "taui": 10.705252682687547,
        "tauxe": 39.03605412557654,
        "tauxi": 62.27748438980244,
        "vsyn_ee": 1.5644329288870051,
        "vsyn_ei": 12.38341061884062,
        "vsyn_ie": -48.192533557364115,
        "vsyn_ii": -3.1584244456372517
    },
    "timestamp": 1746272877
}