{
    "fitness": 56.337600567010355,
    "generation": 0,
    "parameters": {
        "alphaee": 0.44831199204796385,
        "alphaei": 0.76802990664126,
        "alphaie": 0.23840817380117313,
        "alphaii": 0.170099193518327,
        "deltae": 0.5136889649129339,
        "deltai": 0.3986482147611452,
        "eta0e": 4.428158305258032,
        "eta0i": 0.24346614338545955,
        "kappa_gapee": 0.04816038984962617,
        "kappa_gapei": 0.38806124644023093,
        "kappa_gapii": 0.6316748038365922,
        "kappa_see": 3.8673891762485146,
        "kappa_sei": 6.942388682380175,
        "kappa_sie": 6.829205899414691,
        "kappa_sii": 5.627286579284802,
        "sigma_se": 0.06572510601463945,
        "sigma_si": 0.0852425744926826,
        "taue": 8.514639557774967,
        "taui": 11.124219900460055,
        "tauxe": 31.16376365773922,
        "tauxi": 53.7224094380313,
        "vsyn_ee": 11.588472877933073,
        "vsyn_ei": 12.01340343669313,
        "vsyn_ie": -31.1771732798138,
        "vsyn_ii": -8.072805946680532
    },
    "timestamp": 1746273221
}