{
    "fitness": 51.78878054302204,
    "generation": 0,
    "parameters": {
        "alphaee": 0.2959905712135455,
        "alphaei": 0.31190645270089723,
        "alphaie": 0.4195687491082951,
        "alphaii": 0.9989116648762919,
        "deltae": 0.29620995593975064,
        "deltai": 0.18722824173384617,
        "eta0e": 0.9677463760819658,
        "eta0i": 0.4436455027991283,
        "kappa_gapee": 0.07554541233253381,
        "kappa_gapei": 0.4566644983295888,
        "kappa_gapii": 0.7008335885323678,
        "kappa_see": 1.1972463313012787,
        "kappa_sei": 5.054086092809864,
        "kappa_sie": 3.882643119368531,
        "kappa_sii": 4.137634014810845,
        "sigma_se": 0.02788166085448715,
        "sigma_si": 0.0340014667410545,
        "taue": 14.353302149470522,
        "taui": 16.60724163936353,
        "tauxe": 53.99393835229582,
        "tauxi": 79.28423343493968,
        "vsyn_ee": 18.984335585565866,
        "vsyn_ei": 15.51873505894248,
        "vsyn_ie": -43.55234036486658,
        "vsyn_ii": -81.6975681162117
    },
    "timestamp": 1746272746
}