{
    "fitness": 48.342019840929346,
    "generation": 0,
    "parameters": {
        "alphaee": 0.22207089370428848,
        "alphaei": 0.7107775138549787,
        "alphaie": 0.22792531393620433,
        "alphaii": 0.752332431107711,
        "deltae": 0.16186671424270138,
        "deltai": 0.17978429963346237,
        "eta0e": 2.1869936522710534,
        "eta0i": 4.8522366945066695,
        "kappa_gapee": 0.01680076868458616,
        "kappa_gapei": 0.15526987584971527,
        "kappa_gapii": 0.11160318815872317,
        "kappa_see": 8.491943267681268,
        "kappa_sei": 5.871439223991094,
        "kappa_sie": 9.597571801496873,
        "kappa_sii": 0.8868166684734816,
        "sigma_se": 0.0799258111232225,
        "sigma_si": 0.026023253000741653,
        "taue": 22.967279745578054,
        "taui": 21.347922706788165,
        "tauxe": 75.3805855366285,
        "tauxi": 25.300433032873784,
        "vsyn_ee": 15.00784287454603,
        "vsyn_ei": 17.080802586691554,
        "vsyn_ie": -49.450166885472996,
        "vsyn_ii": -17.035436067719388
    },
    "timestamp": 1746273564
}