{
    "fitness": 48.55602478870265,
    "generation": 0,
    "parameters": {
        "alphaee": 0.8314576588553951,
        "alphaei": 0.6986374587232723,
        "alphaie": 0.8944836159679178,
        "alphaii": 0.636127314903531,
        "deltae": 0.23105938335468862,
        "deltai": 0.17416458908214483,
        "eta0e": 1.8009122914026452,
        "eta0i": 0.10929942782324303,
        "kappa_gapee": 0.06070510897295182,
        "kappa_gapei": 0.09579025868887028,
        "kappa_gapii": 0.5448199078009555,
        "kappa_see": 4.946294939197209,
        "kappa_sei": 9.141055201003553,
        "kappa_sie": 0.21541631342194956,
        "kappa_sii": 3.4430990740523715,
        "sigma_se": 0.07832317965249637,
        "sigma_si": 0.04720561922313994,
        "taue": 14.756992271189818,
        "taui": 5.117812241792066,
        "tauxe": 99.80395893252089,
        "tauxi": 47.78352691221595,
        "vsyn_ee": 18.84273192634279,
        "vsyn_ei": 5.955682425505444,
        "vsyn_ie": -28.096768516418166,
        "vsyn_ii": -92.86318849120704
    },
    "timestamp": 1746273410
}