{
    "fitness": 62.367105830437126,
    "generation": 0,
    "parameters": {
        "alphaee": 0.793584208786106,
        "alphaei": 0.24714378509332555,
        "alphaie": 0.4195687491082951,
        "alphaii": 0.9989116648762919,
        "deltae": 0.29620995593975064,
        "deltai": 0.5635681151694439,
        "eta0e": 0.7045320266633193,
        "eta0i": 4.527228981769414,
        "kappa_gapee": 0.10529424686172506,
        "kappa_gapei": 0.10117239618414976,
        "kappa_gapii": 0.5523242674914834,
        "kappa_see": 1.0780008683361773,
        "kappa_sei": 8.566638415585498,
        "kappa_sie": 3.882643119368531,
        "kappa_sii": 9.004536317902419,
        "sigma_se": 0.09109506557145501,
        "sigma_si": 0.09874504435076333,
        "taue": 15.319233814194392,
        "taui": 9.62563429493678,
        "tauxe": 69.26823291061386,
        "tauxi": 41.478854085898746,
        "vsyn_ee": 12.053783764156556,
        "vsyn_ei": 10.620780018350139,
        "vsyn_ie": -56.339644191636246,
        "vsyn_ii": -81.6975681162117
    },
    "timestamp": 1746272913
}