{
    "fitness": 47.83858538660798,
    "generation": 0,
    "parameters": {
        "alphaee": 0.27522345275072513,
        "alphaei": 0.5514306139651574,
        "alphaie": 0.38530824372598477,
        "alphaii": 0.170099193518327,
        "deltae": 0.5136889649129339,
        "deltai": 0.46110828317713837,
        "eta0e": 0.14238999401216662,
        "eta0i": 0.24346614338545955,
        "kappa_gapee": 0.17290025197586373,
        "kappa_gapei": 0.32582465383771575,
        "kappa_gapii": 0.7519754783863452,
        "kappa_see": 7.282205928726163,
        "kappa_sei": 6.942388682380175,
        "kappa_sie": 6.111098501389883,
        "kappa_sii": 0.7141780171164447,
        "sigma_se": 0.06572510601463945,
        "sigma_si": 0.039058510997416154,
        "taue": 20.932397205815228,
        "taui": 12.594655796093413,
        "tauxe": 31.230125631250242,
        "tauxi": 59.05080362864214,
        "vsyn_ee": 11.588472877933073,
        "vsyn_ei": 2.2269225617529047,
        "vsyn_ie": -6.218199922904191,
        "vsyn_ii": -5.128771725193232
    },
    "timestamp": 1746272592
}