{
    "fitness": 60.30304928097824,
    "generation": 0,
    "parameters": {
        "alphaee": 0.8704428463464127,
        "alphaei": 0.5514306139651574,
        "alphaie": 0.38530824372598477,
        "alphaii": 0.7480596489490395,
        "deltae": 0.5824613863876125,
        "deltai": 0.24956119742856514,
        "eta0e": 1.375091669915201,
        "eta0i": 4.021850319720298,
        "kappa_gapee": 0.05017843323861457,
        "kappa_gapei": 0.0,
        "kappa_gapii": 0.7519754783863452,
        "kappa_see": 8.548143818331214,
        "kappa_sei": 1.9150419422546692,
        "kappa_sie": 5.893912609054405,
        "kappa_sii": 2.8412363389956607,
        "sigma_se": 0.04971240347862586,
        "sigma_si": 0.08630133677740304,
        "taue": 21.364645834273002,
        "taui": 19.58461232578714,
        "tauxe": 26.578726939222186,
        "tauxi": 28.671989932865635,
        "vsyn_ee": 7.765189871495194,
        "vsyn_ei": 14.48724648400051,
        "vsyn_ie": -89.40618665099603,
        "vsyn_ii": -5.128771725193232
    },
    "timestamp": 1746273008
}