{
    "fitness": 57.98892245866025,
    "generation": 0,
    "parameters": {
        "alphaee": 0.3728928167485585,
        "alphaei": 0.021188326290770283,
        "alphaie": 0.7437919233619863,
        "alphaii": 0.5466624755546563,
        "deltae": 0.25782066858783104,
        "deltai": 0.5568820899044652,
        "eta0e": 3.0571666877682695,
        "eta0i": 1.1568780375672385,
        "kappa_gapee": 0.07648753528645653,
        "kappa_gapei": 0.0026118139971659155,
        "kappa_gapii": 0.6478404603718279,
        "kappa_see": 5.157101211843887,
        "kappa_sei": 8.968620449882454,
        "kappa_sie": 8.366675350745602,
        "kappa_sii": 4.428373499863583,
        "sigma_se": 0.07087714628709983,
        "sigma_si": 0.06519799371778005,
        "taue": 23.778051521002453,
        "taui": 15.938060090598306,
        "tauxe": 64.40304185531592,
        "tauxi": 27.496033842943817,
        "vsyn_ee": 17.140786871372395,
        "vsyn_ei": 8.974809004299217,
        "vsyn_ie": -51.496199743846766,
        "vsyn_ii": -69.03295988307632
    },
    "timestamp": 1746273434
}