{
    "fitness": 49.46220816616547,
    "generation": 0,
    "parameters": {
        "alphaee": 0.278253348367364,
        "alphaei": 0.76802990664126,
        "alphaie": 0.23840817380117313,
        "alphaii": 0.7480596489490395,
        "deltae": 0.5824613863876125,
        "deltai": 0.48850062696499374,
        "eta0e": 4.428158305258032,
        "eta0i": 1.5607979458347956,
        "kappa_gapee": 0.11463429249754205,
        "kappa_gapei": 0.38806124644023093,
        "kappa_gapii": 0.18551114769075058,
        "kappa_see": 8.548143818331214,
        "kappa_sei": 1.8477478349163414,
        "kappa_sie": 3.4832655642410404,
        "kappa_sii": 9.174991381071663,
        "sigma_se": 0.04971240347862586,
        "sigma_si": 0.018424234627061515,
        "taue": 23.445438884814582,
        "taui": 14.92286754538047,
        "tauxe": 71.29700323791089,
        "tauxi": 54.847140976420036,
        "vsyn_ee": 8.36071252530761,
        "vsyn_ei": 12.01340343669313,
        "vsyn_ie": -31.1771732798138,
        "vsyn_ii": -8.072805946680532
    },
    "timestamp": 1746272580
}