{
    "fitness": 126.68344887057285,
    "generation": 0,
    "parameters": {
        "alphaee": 0.9276567001523963,
        "alphaei": 0.24714378509332555,
        "alphaie": 0.4195687491082951,
        "alphaii": 0.9989116648762919,
        "deltae": 0.29620995593975064,
        "deltai": 0.4187165357609228,
        "eta0e": 2.297908678119138,
        "eta0i": 4.193105743590023,
        "kappa_gapee": 0.15292259367294675,
        "kappa_gapei": 0.4566644983295888,
        "kappa_gapii": 0.10220102893685919,
        "kappa_see": 9.417924015913876,
        "kappa_sei": 8.566638415585498,
        "kappa_sie": 0.023097954931840282,
        "kappa_sii": 0.17035025487226796,
        "sigma_se": 0.024478550802112017,
        "sigma_si": 0.01,
        "taue": 13.234137269246544,
        "taui": 5.8819582274117055,
        "tauxe": 41.74962276263436,
        "tauxi": 79.28423343493968,
        "vsyn_ee": 10.57738152737706,
        "vsyn_ei": 15.51873505894248,
        "vsyn_ie": -10.783820625601123,
        "vsyn_ii": -23.563440123512734
    },
    "timestamp": 1746273137
}