{
    "fitness": 92.47859580449094,
    "generation": 0,
    "parameters": {
        "alphaee": 0.8704428463464127,
        "alphaei": 0.08310201183233125,
        "alphaie": 0.14753984480757415,
        "alphaii": 0.8462292929958949,
        "deltae": 0.5136889649129339,
        "deltai": 0.46110828317713837,
        "eta0e": 4.428158305258032,
        "eta0i": 0.33890958470557203,
        "kappa_gapee": 0.2,
        "kappa_gapei": 0.38806124644023093,
        "kappa_gapii": 0.61625404935884,
        "kappa_see": 4.1781186157567864,
        "kappa_sei": 6.449039871150585,
        "kappa_sie": 7.662702276830202,
        "kappa_sii": 2.8412363389956607,
        "sigma_se": 0.08641773746246027,
        "sigma_si": 0.08630133677740304,
        "taue": 23.445438884814582,
        "taui": 18.970176686780288,
        "tauxe": 26.578726939222186,
        "tauxi": 28.671989932865635,
        "vsyn_ee": 11.588472877933073,
        "vsyn_ei": 12.597446849676755,
        "vsyn_ie": -31.1771732798138,
        "vsyn_ii": -33.64184798177004
    },
    "timestamp": 1746272521
}