{
    "fitness": 61.788260313353504,
    "generation": 0,
    "parameters": {
        "alphaee": 0.32056979533319363,
        "alphaei": 0.76802990664126,
        "alphaie": 0.23840817380117313,
        "alphaii": 0.170099193518327,
        "deltae": 0.0726972089646458,
        "deltai": 0.46110828317713837,
        "eta0e": 3.804336191807703,
        "eta0i": 3.7000181991599863,
        "kappa_gapee": 0.17290025197586373,
        "kappa_gapei": 0.04234545705142556,
        "kappa_gapii": 0.35636020874936464,
        "kappa_see": 7.282205928726163,
        "kappa_sei": 6.942388682380175,
        "kappa_sie": 6.191328577033663,
        "kappa_sii": 0.7141780171164447,
        "sigma_se": 0.08584264535978572,
        "sigma_si": 0.039058510997416154,
        "taue": 23.6697856222264,
        "taui": 14.86182402103717,
        "tauxe": 31.16376365773922,
        "tauxi": 73.22624055053765,
        "vsyn_ee": 2.4986815251894092,
        "vsyn_ei": 12.01340343669313,
        "vsyn_ie": -2.721874829176002,
        "vsyn_ii": -3.1584244456372517
    },
    "timestamp": 1746273102
}