{
    "fitness": 51.8995695590575,
    "generation": 0,
    "parameters": {
        "alphaee": 0.2959905712135455,
        "alphaei": 0.05259644072900218,
        "alphaie": 0.1871752717112111,
        "alphaii": 0.15140977328200134,
        "deltae": 0.40417143348262835,
        "deltai": 0.5159937080113224,
        "eta0e": 1.5964314104534505,
        "eta0i": 4.867742767332486,
        "kappa_gapee": 0.11236499112222641,
        "kappa_gapei": 0.0716532773908472,
        "kappa_gapii": 0.32806306521765116,
        "kappa_see": 1.0780008683361773,
        "kappa_sei": 3.761899286400282,
        "kappa_sie": 3.6397860456456685,
        "kappa_sii": 3.755373120111965,
        "sigma_se": 0.09109506557145501,
        "sigma_si": 0.09362943619854872,
        "taue": 21.922924808931725,
        "taui": 17.741526345493938,
        "tauxe": 47.7052114992941,
        "tauxi": 55.058301940320234,
        "vsyn_ee": 18.984335585565866,
        "vsyn_ei": 13.817529681175463,
        "vsyn_ie": -76.51839078610047,
        "vsyn_ii": -81.6975681162117
    },
    "timestamp": 1746273125
}