{
    "fitness": 220.29462348199672,
    "generation": 0,
    "parameters": {
        "alphaee": 0.44831199204796385,
        "alphaei": 0.45023420695261845,
        "alphaie": 0.4195687491082951,
        "alphaii": 0.9989116648762919,
        "deltae": 0.22771134666627013,
        "deltai": 0.1586598620744723,
        "eta0e": 1.3666372611771007,
        "eta0i": 4.193105743590023,
        "kappa_gapee": 0.04816038984962617,
        "kappa_gapei": 0.009748758597314597,
        "kappa_gapii": 0.4459504544772105,
        "kappa_see": 1.0780008683361773,
        "kappa_sei": 5.023619062063817,
        "kappa_sie": 3.882643119368531,
        "kappa_sii": 5.348587430712387,
        "sigma_se": 0.09109506557145501,
        "sigma_si": 0.09362943619854872,
        "taue": 13.261941683760952,
        "taui": 11.124219900460055,
        "tauxe": 41.74962276263436,
        "tauxi": 79.28423343493968,
        "vsyn_ee": 15.460440364262373,
        "vsyn_ei": 15.51873505894248,
        "vsyn_ie": -29.140819119053234,
        "vsyn_ii": -40.951358609502705
    },
    "timestamp": 1746272806
}