{
    "fitness": 70.09930644982168,
    "generation": 0,
    "parameters": {
        "alphaee": 0.3086735769495075,
        "alphaei": 0.27555094469169933,
        "alphaie": 0.6830503417516867,
        "alphaii": 0.07148594376117391,
        "deltae": 0.5880694549524678,
        "deltai": 0.20732209326625156,
        "eta0e": 4.702989840162733,
        "eta0i": 2.8009966956540144,
        "kappa_gapee": 0.17853384533370825,
        "kappa_gapei": 0.1578206558003313,
        "kappa_gapii": 0.327538914297547,
        "kappa_see": 2.8639521882720227,
        "kappa_sei": 4.459226667993247,
        "kappa_sie": 9.192685970188672,
        "kappa_sii": 3.213855897776289,
        "sigma_se": 0.024176340768031365,
        "sigma_si": 0.03669697692130879,
        "taue": 14.832472480823776,
        "taui": 6.273482237370834,
        "tauxe": 29.36877688545929,
        "tauxi": 76.8463438099526,
        "vsyn_ee": 2.9274951095830573,
        "vsyn_ei": 6.612645426458772,
        "vsyn_ie": -1.800453606690155,
        "vsyn_ii": -53.63898084162927
    },
    "timestamp": 1746273339
}