{
    "fitness": 108.94724782136399,
    "generation": 0,
    "parameters": {
        "alphaee": 0.8704428463464127,
        "alphaei": 0.08310201183233125,
        "alphaie": 0.4195687491082951,
        "alphaii": 0.8462292929958949,
        "deltae": 0.5111850919673452,
        "deltai": 0.5159937080113224,
        "eta0e": 2.297908678119138,
        "eta0i": 4.193105743590023,
        "kappa_gapee": 0.15292259367294675,
        "kappa_gapei": 0.36985387150154914,
        "kappa_gapii": 0.61625404935884,
        "kappa_see": 1.0780008683361773,
        "kappa_sei": 8.566638415585498,
        "kappa_sie": 3.882643119368531,
        "kappa_sii": 0.10215527226034571,
        "sigma_se": 0.08641773746246027,
        "sigma_si": 0.09362943619854872,
        "taue": 15.519309496397849,
        "taui": 17.741526345493938,
        "tauxe": 26.578726939222186,
        "tauxi": 28.671989932865635,
        "vsyn_ee": 7.765189871495194,
        "vsyn_ei": 15.51873505894248,
        "vsyn_ie": -89.40618665099603,
        "vsyn_ii": -33.64184798177004
    },
    "timestamp": 1746273244
}