{
    "fitness": 56.19343910830749,
    "generation": 0,
    "parameters": {
        "alphaee": 0.793584208786106,
        "alphaei": 0.6265471517726466,
        "alphaie": 0.5755492526096276,
        "alphaii": 0.7116293752100986,
        "deltae": 0.5778932610833919,
        "deltai": 0.5635681151694439,
        "eta0e": 0.7045320266633193,
        "eta0i": 4.598057389171414,
        "kappa_gapee": 0.13659645394499267,
        "kappa_gapei": 0.5,
        "kappa_gapii": 0.1152638058344341,
        "kappa_see": 9.961061714134093,
        "kappa_sei": 9.466159542770006,
        "kappa_sie": 0.6687446931665117,
        "kappa_sii": 9.004536317902419,
        "sigma_se": 0.04451751811330106,
        "sigma_si": 0.09874504435076333,
        "taue": 15.319233814194392,
        "taui": 10.705252682687547,
        "tauxe": 69.26823291061386,
        "tauxi": 41.41884028495659,
        "vsyn_ee": 1.6928710334696697,
        "vsyn_ei": 12.38341061884062,
        "vsyn_ie": -48.192533557364115,
        "vsyn_ii": -2.107735797321311
    },
    "timestamp": 1746272675
}