{
    "fitness": 86.93982990039984,
    "generation": 0,
    "parameters": {
        "alphaee": 0.15118078362469778,
        "alphaei": 0.13127136973878117,
        "alphaie": 0.45941789544041023,
        "alphaii": 0.5209196912905751,
        "deltae": 0.19750698338393458,
        "deltai": 0.34107171673161246,
        "eta0e": 1.1513246900940717,
        "eta0i": 0.4713846116757312,
        "kappa_gapee": 0.021795477079793513,
        "kappa_gapei": 0.1812663551570152,
        "kappa_gapii": 0.3155303445822681,
        "kappa_see": 8.42250086811142,
        "kappa_sei": 8.73357788484809,
        "kappa_sie": 0.021146251236572496,
        "kappa_sii": 3.1444684083122505,
        "sigma_se": 0.06253183814960955,
        "sigma_si": 0.010988924474301111,
        "taue": 14.395252649197518,
        "taui": 14.036888597866145,
        "tauxe": 65.35494859941585,
        "tauxi": 64.26485851164087,
        "vsyn_ee": 16.04412672776064,
        "vsyn_ei": 14.81474073878582,
        "vsyn_ie": -95.53644374723433,
        "vsyn_ii": -97.22397548692314
    },
    "timestamp": 1746273516
}