{
    "fitness": 59.40867189363363,
    "generation": 0,
    "parameters": {
        "alphaee": 0.8704428463464127,
        "alphaei": 0.76802990664126,
        "alphaie": 0.14753984480757415,
        "alphaii": 0.170099193518327,
        "deltae": 0.6,
        "deltai": 0.24956119742856514,
        "eta0e": 4.428158305258032,
        "eta0i": 0.24346614338545955,
        "kappa_gapee": 0.17290025197586373,
        "kappa_gapei": 0.36985387150154914,
        "kappa_gapii": 0.12463267859714432,
        "kappa_see": 7.282205928726163,
        "kappa_sei": 6.942388682380175,
        "kappa_sie": 3.4832655642410404,
        "kappa_sii": 0.4845060766933317,
        "sigma_se": 0.06572510601463945,
        "sigma_si": 0.08630133677740304,
        "taue": 23.445438884814582,
        "taui": 12.594655796093413,
        "tauxe": 26.578726939222186,
        "tauxi": 59.25196711042625,
        "vsyn_ee": 11.588472877933073,
        "vsyn_ei": 14.48724648400051,
        "vsyn_ie": -89.40618665099603,
        "vsyn_ii": -8.072805946680532
    },
    "timestamp": 1746272604
}