{
    "fitness": 139.33440032788963,
    "generation": 0,
    "parameters": {
        "alphaee": 0.264976651857269,
        "alphaei": 0.9877205568395974,
        "alphaie": 0.5412320616887433,
        "alphaii": 0.5602687721204295,
        "deltae": 0.33165793134616206,
        "deltai": 0.26743634577908115,
        "eta0e": 3.7304867613414783,
        "eta0i": 1.9325132865698027,
        "kappa_gapee": 0.05428558680753773,
        "kappa_gapei": 0.2329523749254574,
        "kappa_gapii": 0.48977759165740187,
        "kappa_see": 9.245413519923972,
        "kappa_sei": 1.0652435857431746,
        "kappa_sie": 5.049745516822835,
        "kappa_sii": 9.399487469477204,
        "sigma_se": 0.01237180885699592,
        "sigma_si": 0.08920124053199895,
        "taue": 19.07872736256198,
        "taui": 6.845807353222705,
        "tauxe": 58.75948694456625,
        "tauxi": 94.53659182782191,
        "vsyn_ee": 15.259876795624201,
        "vsyn_ei": 19.6590972538152,
        "vsyn_ie": -62.782301210029566,
        "vsyn_ii": -56.87814593261184
    },
    "timestamp": 1746273493
}