{
    "fitness": 57.13197548569218,
    "generation": 0,
    "parameters": {
        "alphaee": 0.27522345275072513,
        "alphaei": 0.05259644072900218,
        "alphaie": 0.07510128482305774,
        "alphaii": 0.15140977328200134,
        "deltae": 0.40417143348262835,
        "deltai": 0.48850062696499374,
        "eta0e": 0.0057961232276926644,
        "eta0i": 4.867742767332486,
        "kappa_gapee": 0.11463429249754205,
        "kappa_gapei": 0.2574291146395641,
        "kappa_gapii": 0.7519754783863452,
        "kappa_see": 8.548143818331214,
        "kappa_sei": 1.9150419422546692,
        "kappa_sie": 5.893912609054405,
        "kappa_sii": 3.755373120111965,
        "sigma_se": 0.024478550802112017,
        "sigma_si": 0.01,
        "taue": 21.922924808931725,
        "taui": 14.92286754538047,
        "tauxe": 47.7052114992941,
        "tauxi": 54.847140976420036,
        "vsyn_ee": 10.531183859156261,
        "vsyn_ei": 13.817529681175463,
        "vsyn_ie": -76.51839078610047,
        "vsyn_ii": -5.128771725193232
    },
    "timestamp": 1746272984
}