{
    "fitness": 48.260572840344814,
    "generation": 0,
    "parameters": {
        "alphaee": 0.2959905712135455,
        "alphaei": 0.24714378509332555,
        "alphaie": 0.4195687491082951,
        "alphaii": 0.9989116648762919,
        "deltae": 0.29620995593975064,
        "deltai": 0.48850062696499374,
        "eta0e": 0.06698278975397043,
        "eta0i": 4.193105743590023,
        "kappa_gapee": 0.11463429249754205,
        "kappa_gapei": 0.2574291146395641,
        "kappa_gapii": 0.10220102893685919,
        "kappa_see": 8.548143818331214,
        "kappa_sei": 1.9150419422546692,
        "kappa_sie": 3.882643119368531,
        "kappa_sii": 9.174991381071663,
        "sigma_se": 0.09109506557145501,
        "sigma_si": 0.09362943619854872,
        "taue": 20.932397205815228,
        "taui": 17.741526345493938,
        "tauxe": 71.29700323791089,
        "tauxi": 54.62793123886633,
        "vsyn_ee": 18.984335585565866,
        "vsyn_ei": 2.2269225617529047,
        "vsyn_ie": -6.218199922904191,
        "vsyn_ii": -5.128771725193232
    },
    "timestamp": 1746272652
}