{
    "fitness": 65.21767214880552,
    "generation": 0,
    "parameters": {
        "alphaee": 0.08350503201986066,
        "alphaei": 0.4570075153538726,
        "alphaie": 0.8426930868426293,
        "alphaii": 0.701414321087243,
        "deltae": 0.07557226238353519,
        "deltai": 0.12685279077792677,
        "eta0e": 0.9173925745860373,
        "eta0i": 4.271409046855844,
        "kappa_gapee": 0.11273700422289097,
        "kappa_gapei": 0.20606997882631845,
        "kappa_gapii": 0.6555244500920839,
        "kappa_see": 3.7992830598652465,
        "kappa_sei": 7.520055303902455,
        "kappa_sie": 5.271208285696401,
        "kappa_sii": 7.968198541673493,
        "sigma_se": 0.038432826410111656,
        "sigma_si": 0.06687984865568743,
        "taue": 10.80204615434339,
        "taui": 15.160749363202386,
        "tauxe": 75.08772269988538,
        "tauxi": 33.745211464821764,
        "vsyn_ee": 18.33663372249618,
        "vsyn_ei": 14.505675278967438,
        "vsyn_ie": -21.905062398326137,
        "vsyn_ii": -17.21979949244904
    },
    "timestamp": 1746273528
}