{
    "fitness": 50.14908516816565,
    "generation": 0,
    "parameters": {
        "alphaee": 0.793584208786106,
        "alphaei": 0.76802990664126,
        "alphaie": 0.23840817380117313,
        "alphaii": 0.7116293752100986,
        "deltae": 0.5136889649129339,
        "deltai": 0.5635681151694439,
        "eta0e": 4.428158305258032,
        "eta0i": 0.1034200925753852,
        "kappa_gapee": 0.11467967219392804,
        "kappa_gapei": 0.10117239618414976,
        "kappa_gapii": 0.12463267859714432,
        "kappa_see": 7.282205928726163,
        "kappa_sei": 3.541382489763027,
        "kappa_sie": 3.4832655642410404,
        "kappa_sii": 9.004536317902419,
        "sigma_se": 0.03638169161089851,
        "sigma_si": 0.09874504435076333,
        "taue": 23.445438884814582,
        "taui": 12.594655796093413,
        "tauxe": 69.26823291061386,
        "tauxi": 41.478854085898746,
        "vsyn_ee": 11.588472877933073,
        "vsyn_ei": 10.620780018350139,
        "vsyn_ie": -31.1771732798138,
        "vsyn_ii": -21.58225759664211
    },
    "timestamp": 1746273055
}