{
    "fitness": 82.95345493756568,
    "generation": 0,
    "parameters": {
        "alphaee": 0.6519376909452116,
        "alphaei": 0.24714378509332555,
        "alphaie": 0.5755492526096276,
        "alphaii": 0.9989116648762919,
        "deltae": 0.1295278636414485,
        "deltai": 0.35850367919820453,
        "eta0e": 1.949648464664338,
        "eta0i": 4.193105743590023,
        "kappa_gapee": 0.13659645394499267,
        "kappa_gapei": 0.4566644983295888,
        "kappa_gapii": 0.1152638058344341,
        "kappa_see": 9.961061714134093,
        "kappa_sei": 9.466159542770006,
        "kappa_sie": 0.6687446931665117,
        "kappa_sii": 0.17035025487226796,
        "sigma_se": 0.09109506557145501,
        "sigma_si": 0.09362943619854872,
        "taue": 13.494405100365983,
        "taui": 10.705252682687547,
        "tauxe": 41.74962276263436,
        "tauxi": 62.27748438980244,
        "vsyn_ee": 1.6928710334696697,
        "vsyn_ei": 12.38341061884062,
        "vsyn_ie": -48.192533557364115,
        "vsyn_ii": -81.6975681162117
    },
    "timestamp": 1746273161
}