{
    "fitness": 48.421053528911465,
    "generation": 0,
    "parameters": {
        "alphaee": 0.278253348367364,
        "alphaei": 0.45023420695261845,
        "alphaie": 0.13968700731029662,
        "alphaii": 0.6663737357751254,
        "deltae": 0.22771134666627013,
        "deltai": 0.1586598620744723,
        "eta0e": 1.3666372611771007,
        "eta0i": 2.422453979383975,
        "kappa_gapee": 0.2,
        "kappa_gapei": 0.009748758597314597,
        "kappa_gapii": 0.12463267859714432,
        "kappa_see": 7.282205928726163,
        "kappa_sei": 5.023619062063817,
        "kappa_sie": 3.4832655642410404,
        "kappa_sii": 0.7141780171164447,
        "sigma_se": 0.06724993521136456,
        "sigma_si": 0.039058510997416154,
        "taue": 23.225990696506223,
        "taui": 12.594655796093413,
        "tauxe": 98.19897176925426,
        "tauxi": 59.25196711042625,
        "vsyn_ee": 15.460440364262373,
        "vsyn_ei": 15.517851873695502,
        "vsyn_ie": -29.140819119053234,
        "vsyn_ii": -40.951358609502705
    },
    "timestamp": 1746273232
}