{
    "fitness": 62.82126324893247,
    "generation": 0,
    "parameters": {
        "alphaee": 0.6519376909452116,
        "alphaei": 0.8178713827191144,
        "alphaie": 0.739587480112186,
        "alphaii": 0.157094733290979,
        "deltae": 0.39652105152755013,
        "deltai": 0.4473748588441151,
        "eta0e": 1.949648464664338,
        "eta0i": 1.4883883435997989,
        "kappa_gapee": 0.11467967219392804,
        "kappa_gapei": 0.18726296769832895,
        "kappa_gapii": 0.5523242674914834,
        "kappa_see": 5.40415035084021,
        "kappa_sei": 3.541382489763027,
        "kappa_sie": 5.279879069012511,
        "kappa_sii": 3.5286875402119695,
        "sigma_se": 0.03638169161089851,
        "sigma_si": 0.022152329868159203,
        "taue": 23.59768345077077,
        "taui": 9.680303839787452,
        "tauxe": 39.03605412557654,
        "tauxi": 62.27748438980244,
        "vsyn_ee": 12.053783764156556,
        "vsyn_ei": 10.49054139645993,
        "vsyn_ie": -56.339644191636246,
        "vsyn_ii": -21.58225759664211
    },
    "timestamp": 1746272687
}