{
    "fitness": 55.05082248327985,
    "generation": 0,
    "parameters": {
        "alphaee": 0.278253348367364,
        "alphaei": 0.31190645270089723,
        "alphaie": 0.23840817380117313,
        "alphaii": 0.170099193518327,
        "deltae": 0.5136889649129339,
        "deltai": 0.46110828317713837,
        "eta0e": 4.428158305258032,
        "eta0i": 0.24346614338545955,
        "kappa_gapee": 0.07554541233253381,
        "kappa_gapei": 0.016270290229049803,
        "kappa_gapii": 0.12463267859714432,
        "kappa_see": 1.1972463313012787,
        "kappa_sei": 4.737685989377634,
        "kappa_sie": 3.4832655642410404,
        "kappa_sii": 0.7141780171164447,
        "sigma_se": 0.06572510601463945,
        "sigma_si": 0.0340014667410545,
        "taue": 14.353302149470522,
        "taui": 12.594655796093413,
        "tauxe": 31.16376365773922,
        "tauxi": 59.25196711042625,
        "vsyn_ee": 14.268781544624265,
        "vsyn_ei": 10.234906586072837,
        "vsyn_ie": -31.1771732798138,
        "vsyn_ii": -24.4830612351264
    },
    "timestamp": 1746273327
}