{
    "fitness": 70.2745099629203,
    "generation": 0,
    "parameters": {
        "alphaee": 0.27522345275072513,
        "alphaei": 0.5514306139651574,
        "alphaie": 0.5305001324541864,
        "alphaii": 0.08519091095259987,
        "deltae": 0.05,
        "deltai": 0.48850062696499374,
        "eta0e": 3.804336191807703,
        "eta0i": 3.7000181991599863,
        "kappa_gapee": 0.019639257123583893,
        "kappa_gapei": 0.04234545705142556,
        "kappa_gapii": 0.35636020874936464,
        "kappa_see": 8.548143818331214,
        "kappa_sei": 3.9142969681824322,
        "kappa_sie": 5.893912609054405,
        "kappa_sii": 4.080264236248697,
        "sigma_se": 0.08584264535978572,
        "sigma_si": 0.018424234627061515,
        "taue": 20.585150066102177,
        "taui": 14.92286754538047,
        "tauxe": 45.31881607154497,
        "tauxi": 73.22624055053765,
        "vsyn_ee": 2.4986815251894092,
        "vsyn_ei": 1.7307168697219535,
        "vsyn_ie": -6.218199922904191,
        "vsyn_ii": -3.1584244456372517
    },
    "timestamp": 1746272889
}