{
    "fitness": 50.251242604875586,
    "generation": 0,
    "parameters": {
        "alphaee": 0.8867465455742994,
        "alphaei": 0.32538265778130787,
        "alphaie": 0.012424080375216959,
        "alphaii": 0.10160932086640626,
        "deltae": 0.439332561655285,
        "deltai": 0.09968103604103881,
        "eta0e": 1.0258105977938994,
        "eta0i": 0.49833631317998217,
        "kappa_gapee": 0.11445708537066793,
        "kappa_gapei": 0.15066336635928132,
        "kappa_gapii": 0.4004618667987243,
        "kappa_see": 4.143417440864618,
        "kappa_sei": 0.35904215162318615,
        "kappa_sie": 3.387881916570582,
        "kappa_sii": 7.356305918152502,
        "sigma_se": 0.01539310481620199,
        "sigma_si": 0.0942226864220486,
        "taue": 11.358702082561049,
        "taui": 20.09147071014458,
        "tauxe": 54.981072647291576,
        "tauxi": 29.231383003480516,
        "vsyn_ee": 8.71482117530689,
        "vsyn_ei": 9.085625535505134,
        "vsyn_ie": -80.35772992809942,
        "vsyn_ii": -76.07109589663774
    },
    "timestamp": 1746273458
}