{
    "fitness": 48.130602536798136,
    "generation": 0,
    "parameters": {
        "alphaee": 0.793584208786106,
        "alphaei": 0.24714378509332555,
        "alphaie": 0.870042487169613,
        "alphaii": 0.9989116648762919,
        "deltae": 0.40871634409983243,
        "deltai": 0.5635681151694439,
        "eta0e": 0.7045320266633193,
        "eta0i": 4.193105743590023,
        "kappa_gapee": 0.11467967219392804,
        "kappa_gapei": 0.4566644983295888,
        "kappa_gapii": 0.10220102893685919,
        "kappa_see": 1.0780008683361773,
        "kappa_sei": 8.566638415585498,
        "kappa_sie": 3.882643119368531,
        "kappa_sii": 9.004536317902419,
        "sigma_se": 0.03638169161089851,
        "sigma_si": 0.1,
        "taue": 15.319233814194392,
        "taui": 17.741526345493938,
        "tauxe": 69.26823291061386,
        "tauxi": 41.478854085898746,
        "vsyn_ee": 18.984335585565866,
        "vsyn_ei": 15.820747821388405,
        "vsyn_ie": -11.052925436576821,
        "vsyn_ii": -81.6975681162117
    },
    "timestamp": 1746272698
}