{
    "fitness": 49.39819765430596,
    "generation": 0,
    "parameters": {
        "alphaee": 0.278253348367364,
        "alphaei": 0.76802990664126,
        "alphaie": 0.23840817380117313,
        "alphaii": 0.170099193518327,
        "deltae": 0.5111850919673452,
        "deltai": 0.24956119742856514,
        "eta0e": 1.375091669915201,
        "eta0i": 4.021850319720298,
        "kappa_gapee": 0.17290025197586373,
        "kappa_gapei": 0.36985387150154914,
        "kappa_gapii": 0.12463267859714432,
        "kappa_see": 7.3455998580939506,
        "kappa_sei": 6.942388682380175,
        "kappa_sie": 3.4832655642410404,
        "kappa_sii": 0.7141780171164447,
        "sigma_se": 0.06572510601463945,
        "sigma_si": 0.039058510997416154,
        "taue": 15.519309496397849,
        "taui": 12.594655796093413,
        "tauxe": 31.16376365773922,
        "tauxi": 59.25196711042625,
        "vsyn_ee": 8.078491669681336,
        "vsyn_ei": 14.48724648400051,
        "vsyn_ie": -89.56804122774317,
        "vsyn_ii": -8.072805946680532
    },
    "timestamp": 1746272509
}