{
    "fitness": 175.28697586933254,
    "generation": 0,
    "parameters": {
        "alphaee": 0.6519376909452116,
        "alphaei": 0.45023420695261845,
        "alphaie": 0.13968700731029662,
        "alphaii": 0.6663737357751254,
        "deltae": 0.5778932610833919,
        "deltai": 0.1586598620744723,
        "eta0e": 1.3666372611771007,
        "eta0i": 4.598057389171414,
        "kappa_gapee": 0.13659645394499267,
        "kappa_gapei": 0.009748758597314597,
        "kappa_gapii": 0.6316748038365922,
        "kappa_see": 3.7844945728941557,
        "kappa_sei": 9.221304343790036,
        "kappa_sie": 6.829205899414691,
        "kappa_sii": 3.5286875402119695,
        "sigma_se": 0.06724993521136456,
        "sigma_si": 0.022152329868159203,
        "taue": 23.59768345077077,
        "taui": 10.705252682687547,
        "tauxe": 39.03605412557654,
        "tauxi": 62.27748438980244,
        "vsyn_ee": 1.6928710334696697,
        "vsyn_ei": 12.38341061884062,
        "vsyn_ie": -29.61314281004451,
        "vsyn_ii": -40.951358609502705
    },
    "timestamp": 1746272854
}