{
    "fitness": 74.04844516377082,
    "generation": 0,
    "parameters": {
        "alphaee": 0.5275555795921447,
        "alphaei": 0.5785555166175195,
        "alphaie": 0.25705574620956717,
        "alphaii": 0.30637506331394065,
        "deltae": 0.2540281920845116,
        "deltai": 0.08654418071803757,
        "eta0e": 3.9632086412705263,
        "eta0i": 0.7964441982376614,
        "kappa_gapee": 0.07261584676044229,
        "kappa_gapei": 0.3034923180467021,
        "kappa_gapii": 0.021406800343510723,
        "kappa_see": 3.7247437018983716,
        "kappa_sei": 8.180550588752858,
        "kappa_sie": 0.6168898882937656,
        "kappa_sii": 1.019683415464777,
        "sigma_se": 0.03939747079820062,
        "sigma_si": 0.03656574624477926,
        "taue": 12.415842814087378,
        "taui": 23.21608844923794,
        "tauxe": 86.05911716370943,
        "tauxi": 83.54279096626817,
        "vsyn_ee": 14.821932972977507,
        "vsyn_ei": 5.431507571881353,
        "vsyn_ie": -99.05272607738847,
        "vsyn_ii": -21.626517938079274
    },
    "timestamp": 1746273387
}