{
    "fitness": 48.05791367416966,
    "generation": 0,
    "parameters": {
        "alphaee": 0.34221616373066455,
        "alphaei": 0.43734839208849274,
        "alphaie": 0.13968700731029662,
        "alphaii": 0.6663737357751254,
        "deltae": 0.22771134666627013,
        "deltai": 0.1586598620744723,
        "eta0e": 3.804336191807703,
        "eta0i": 2.422453979383975,
        "kappa_gapee": 0.04816038984962617,
        "kappa_gapei": 0.009748758597314597,
        "kappa_gapii": 0.35636020874936464,
        "kappa_see": 2.133005892212703,
        "kappa_sei": 3.9142969681824322,
        "kappa_sie": 6.829205899414691,
        "kappa_sii": 4.510323669731371,
        "sigma_se": 0.08584264535978572,
        "sigma_si": 0.06125156999744503,
        "taue": 8.514639557774967,
        "taui": 14.86182402103717,
        "tauxe": 98.19897176925426,
        "tauxi": 73.22624055053765,
        "vsyn_ee": 15.460440364262373,
        "vsyn_ei": 1.7307168697219535,
        "vsyn_ie": -2.721874829176002,
        "vsyn_ii": -3.1584244456372517
    },
    "timestamp": 1746272533
}