{
    "fitness": 50.80990141409072,
    "generation": 0,
    "parameters": {
        "alphaee": 0.8704428463464127,
        "alphaei": 0.028361740797562852,
        "alphaie": 0.38530824372598477,
        "alphaii": 0.7480596489490395,
        "deltae": 0.5824613863876125,
        "deltai": 0.24956119742856514,
        "eta0e": 0.0057961232276926644,
        "eta0i": 1.5607979458347956,
        "kappa_gapee": 0.11463429249754205,
        "kappa_gapei": 0.2574291146395641,
        "kappa_gapii": 0.7519754783863452,
        "kappa_see": 8.548143818331214,
        "kappa_sei": 6.449039871150585,
        "kappa_sie": 7.662702276830202,
        "kappa_sii": 2.8412363389956607,
        "sigma_se": 0.08641773746246027,
        "sigma_si": 0.018424234627061515,
        "taue": 15.519309496397849,
        "taui": 14.92286754538047,
        "tauxe": 26.578726939222186,
        "tauxi": 54.847140976420036,
        "vsyn_ee": 7.765189871495194,
        "vsyn_ei": 2.2269225617529047,
        "vsyn_ie": -6.218199922904191,
        "vsyn_ii": -5.128771725193232
    },
    "timestamp": 1746272628
}