{
    "fitness": 98.66012361698472,
    "generation": 0,
    "parameters": {
        "alphaee": 0.39232365230203964,
        "alphaei": 0.15750710237726193,
        "alphaie": 0.8705187774842951,
        "alphaii": 0.314984840461182,
        "deltae": 0.5174947935843087,
        "deltai": 0.10075519862282487,
        "eta0e": 4.394209166088057,
        "eta0i": 4.093058066403771,
        "kappa_gapee": 0.048897692386613824,
        "kappa_gapei": 0.3828566811191737,
        "kappa_gapii": 0.20474399118690345,
        "kappa_see": 8.620929347791877,
        "kappa_sei": 8.34706025139869,
        "kappa_sie": 4.894878892569543,
        "kappa_sii": 8.917299256196868,
        "sigma_se": 0.06110054885743346,
        "sigma_si": 0.02712294581252537,
        "taue": 22.219512310535688,
        "taui": 24.86575411829357,
        "tauxe": 75.74110044115739,
        "tauxi": 64.63506430473501,
        "vsyn_ee": 9.928736041653547,
        "vsyn_ei": 5.752952231967028,
        "vsyn_ie": -9.66181904697956,
        "vsyn_ii": -60.11225961038697
    },
    "timestamp": 1746273422
}