{
    "fitness": 175.28697586933254,
    "generation": 0,
    "parameters": {
        "alphaee": 0.9143723407420882,
        "alphaei": 0.5064679613863764,
        "alphaie": 0.7853143543731502,
        "alphaii": 0.2844230619827921,
        "deltae": 0.13792344728827216,
        "deltai": 0.4185310814650777,
        "eta0e": 3.5107341294162806,
        "eta0i": 2.0603309058349644,
        "kappa_gapee": 0.15184576576606734,
        "kappa_gapei": 0.31817591289829533,
        "kappa_gapii": 0.11439937836097974,
        "kappa_see": 1.7972676199189823,
        "kappa_sei": 2.229646417763466,
        "kappa_sie": 6.9024745410297275,
        "kappa_sii": 4.468239825223359,
        "sigma_se": 0.0689394670709587,
        "sigma_si": 0.0754486018477648,
        "taue": 17.35291579649405,
        "taui": 18.48380770187594,
        "tauxe": 59.12707309424308,
        "tauxi": 56.605329604389595,
        "vsyn_ee": 1.2194788819385296,
        "vsyn_ei": 1.5738319604659177,
        "vsyn_ie": -77.87864857471557,
        "vsyn_ii": -95.22040941673224
    },
    "timestamp": 1746273552
}