{
    "fitness": 48.16243909654045,
    "generation": 0,
    "parameters": {
        "alphaee": 0.13075900498405213,
        "alphaei": 0.31190645270089723,
        "alphaie": 0.9332056231877633,
        "alphaii": 0.5676496781107023,
        "deltae": 0.5055680926341707,
        "deltai": 0.18722824173384617,
        "eta0e": 0.9677463760819658,
        "eta0i": 0.4436455027991283,
        "kappa_gapee": 0.07554541233253381,
        "kappa_gapei": 0.016270290229049803,
        "kappa_gapii": 0.6364097068741397,
        "kappa_see": 1.1972463313012787,
        "kappa_sei": 5.054086092809864,
        "kappa_sie": 9.315025748092962,
        "kappa_sii": 4.137634014810845,
        "sigma_se": 0.02788166085448715,
        "sigma_si": 0.0340014667410545,
        "taue": 14.353302149470522,
        "taui": 16.60724163936353,
        "tauxe": 53.99393835229582,
        "tauxi": 32.02419148495647,
        "vsyn_ee": 14.268781544624265,
        "vsyn_ei": 10.234906586072837,
        "vsyn_ie": -43.55234036486658,
        "vsyn_ii": -24.4830612351264
    },
    "timestamp": 1746272450
}