{
    "fitness": 52.024238218178006,
    "generation": 0,
    "parameters": {
        "alphaee": 0.278253348367364,
        "alphaei": 0.8178713827191144,
        "alphaie": 0.739587480112186,
        "alphaii": 0.170099193518327,
        "deltae": 0.39652105152755013,
        "deltai": 0.46110828317713837,
        "eta0e": 0.7045320266633193,
        "eta0i": 1.4883883435997989,
        "kappa_gapee": 0.11117368026897903,
        "kappa_gapei": 0.38806124644023093,
        "kappa_gapii": 0.5523242674914834,
        "kappa_see": 5.40415035084021,
        "kappa_sei": 6.942388682380175,
        "kappa_sie": 5.279879069012511,
        "kappa_sii": 0.7141780171164447,
        "sigma_se": 0.06572510601463945,
        "sigma_si": 0.039058510997416154,
        "taue": 15.319233814194392,
        "taui": 9.62563429493678,
        "tauxe": 31.16376365773922,
        "tauxi": 59.37817829959799,
        "vsyn_ee": 12.053783764156556,
        "vsyn_ei": 12.01340343669313,
        "vsyn_ie": -56.339644191636246,
        "vsyn_ii": -8.072805946680532
    },
    "timestamp": 1746273066
}