{
    "fitness": 53.298913818339685,
    "generation": 0,
    "parameters": {
        "alphaee": 0.13075900498405213,
        "alphaei": 0.45023420695261845,
        "alphaie": 0.13968700731029662,
        "alphaii": 0.5676496781107023,
        "deltae": 0.5055680926341707,
        "deltai": 0.18722824173384617,
        "eta0e": 0.8703675231334891,
        "eta0i": 0.4436455027991283,
        "kappa_gapee": 0.04816038984962617,
        "kappa_gapei": 0.016270290229049803,
        "kappa_gapii": 0.6316748038365922,
        "kappa_see": 3.908847203198746,
        "kappa_sei": 5.023619062063817,
        "kappa_sie": 9.315025748092962,
        "kappa_sii": 4.137634014810845,
        "sigma_se": 0.06724993521136456,
        "sigma_si": 0.0340014667410545,
        "taue": 8.514639557774967,
        "taui": 11.124219900460055,
        "tauxe": 98.19897176925426,
        "tauxi": 53.1618463278022,
        "vsyn_ee": 15.460440364262373,
        "vsyn_ei": 10.234906586072837,
        "vsyn_ie": -43.55234036486658,
        "vsyn_ii": -24.4830612351264
    },
    "timestamp": 1746272722
}