{
    "fitness": 57.81151240116894,
    "generation": 0,
    "parameters": {
        "alphaee": 0.18398586787860138,
        "alphaei": 0.3267920486627893,
        "alphaie": 0.9385068276965549,
        "alphaii": 0.3978967227377454,
        "deltae": 0.44046243843811955,
        "deltai": 0.17973081265185592,
        "eta0e": 3.9202109224342454,
        "eta0i": 0.8798261176197719,
        "kappa_gapee": 0.07089278321556147,
        "kappa_gapei": 0.4546079298960106,
        "kappa_gapii": 0.28869559148498536,
        "kappa_see": 6.257983806985346,
        "kappa_sei": 1.9549625657149639,
        "kappa_sie": 7.361579540573126,
        "kappa_sii": 7.317158605910079,
        "sigma_se": 0.07504713093659449,
        "sigma_si": 0.07854508491381244,
        "taue": 16.842787653685455,
        "taui": 10.331787431309994,
        "tauxe": 71.43816863158682,
        "tauxi": 65.4459863710479,
        "vsyn_ee": 15.444404704165526,
        "vsyn_ei": 6.430999377641186,
        "vsyn_ie": -4.765462112370486,
        "vsyn_ii": -76.4582086484316
    },
    "timestamp": 1746273398
}