{
    "fitness": 63.0024573256591,
    "generation": 0,
    "parameters": {
        "alphaee": 0.27522345275072513,
        "alphaei": 0.5514306139651574,
        "alphaie": 0.14753984480757415,
        "alphaii": 0.8462292929958949,
        "deltae": 0.4972569341896429,
        "deltai": 0.48850062696499374,
        "eta0e": 1.375091669915201,
        "eta0i": 4.021850319720298,
        "kappa_gapee": 0.05017843323861457,
        "kappa_gapei": 0.36985387150154914,
        "kappa_gapii": 0.61625404935884,
        "kappa_see": 3.9088011169610146,
        "kappa_sei": 1.9150419422546692,
        "kappa_sie": 5.893912609054405,
        "kappa_sii": 9.174991381071663,
        "sigma_se": 0.01,
        "sigma_si": 0.08630133677740304,
        "taue": 20.932397205815228,
        "taui": 19.192192830555626,
        "tauxe": 71.29700323791089,
        "tauxi": 28.671989932865635,
        "vsyn_ee": 8.36071252530761,
        "vsyn_ei": 14.48724648400051,
        "vsyn_ie": -89.40618665099603,
        "vsyn_ii": -33.64184798177004
    },
    "timestamp": 1746272640
}