{
    "fitness": 99.23742347980013,
    "generation": 0,
    "parameters": {
        "alphaee": 0.44831199204796385,
        "alphaei": 0.31190645270089723,
        "alphaie": 0.9332056231877633,
        "alphaii": 0.6663737357751254,
        "deltae": 0.22771134666627013,
        "deltai": 0.1586598620744723,
        "eta0e": 1.3666372611771007,
        "eta0i": 2.422453979383975,
        "kappa_gapee": 0.07554541233253381,
        "kappa_gapei": 0.009748758597314597,
        "kappa_gapii": 0.8,
        "kappa_see": 1.1972463313012787,
        "kappa_sei": 5.054086092809864,
        "kappa_sie": 6.829205899414691,
        "kappa_sii": 5.348587430712387,
        "sigma_se": 0.02788166085448715,
        "sigma_si": 0.0852425744926826,
        "taue": 14.353302149470522,
        "taui": 16.60724163936353,
        "tauxe": 53.99393835229582,
        "tauxi": 32.02419148495647,
        "vsyn_ee": 14.268781544624265,
        "vsyn_ei": 15.517851873695502,
        "vsyn_ie": -29.140819119053234,
        "vsyn_ii": -40.951358609502705
    },
    "timestamp": 1746272734
}