{
    "fitness": 50.235090646453116,
    "generation": 0,
    "parameters": {
        "alphaee": 0.9276567001523963,
        "alphaei": 0.0491110907744376,
        "alphaie": 0.5305001324541864,
        "alphaii": 0.08519091095259987,
        "deltae": 0.40417143348262835,
        "deltai": 0.4187165357609228,
        "eta0e": 1.5964314104534505,
        "eta0i": 4.884081480804141,
        "kappa_gapee": 0.11236499112222641,
        "kappa_gapei": 0.0716532773908472,
        "kappa_gapii": 0.09630284398284714,
        "kappa_see": 2.133005892212703,
        "kappa_sei": 3.9142969681824322,
        "kappa_sie": 6.301546928468746,
        "kappa_sii": 3.755373120111965,
        "sigma_se": 0.1,
        "sigma_si": 0.01,
        "taue": 21.922924808931725,
        "taui": 5.8819582274117055,
        "tauxe": 45.31881607154497,
        "tauxi": 73.22624055053765,
        "vsyn_ee": 2.4986815251894092,
        "vsyn_ei": 13.817529681175463,
        "vsyn_ie": -76.51839078610047,
        "vsyn_ii": -3.1584244456372517
    },
    "timestamp": 1746273078
}