{
    "fitness": 51.59141174543059,
    "generation": 0,
    "parameters": {
        "alphaee": 0.13075900498405213,
        "alphaei": 0.31190645270089723,
        "alphaie": 0.9332056231877633,
        "alphaii": 0.9989116648762919,
        "deltae": 0.5055680926341707,
        "deltai": 0.5159937080113224,
        "eta0e": 2.297908678119138,
        "eta0i": 0.4436455027991283,
        "kappa_gapee": 0.07554541233253381,
        "kappa_gapei": 0.016270290229049803,
        "kappa_gapii": 0.10220102893685919,
        "kappa_see": 1.0780008683361773,
        "kappa_sei": 8.566638415585498,
        "kappa_sie": 3.7895659412327563,
        "kappa_sii": 0.04286022268116163,
        "sigma_se": 0.02788166085448715,
        "sigma_si": 0.09362943619854872,
        "taue": 13.261941683760952,
        "taui": 17.741526345493938,
        "tauxe": 53.99393835229582,
        "tauxi": 32.02419148495647,
        "vsyn_ee": 18.984335585565866,
        "vsyn_ei": 10.234906586072837,
        "vsyn_ie": -43.55234036486658,
        "vsyn_ii": -24.4830612351264
    },
    "timestamp": 1746272782
}