{
    "fitness": 125.70489800216245,
    "generation": 0,
    "parameters": {
        "alphaee": 0.9276567001523963,
        "alphaei": 0.5514306139651574,
        "alphaie": 0.1871752717112111,
        "alphaii": 0.15140977328200134,
        "deltae": 0.40417143348262835,
        "deltai": 0.48850062696499374,
        "eta0e": 0.0057961232276926644,
        "eta0i": 4.867742767332486,
        "kappa_gapee": 0.11463429249754205,
        "kappa_gapei": 0.2574291146395641,
        "kappa_gapii": 0.2488148209688936,
        "kappa_see": 8.548143818331214,
        "kappa_sei": 3.4520205526388557,
        "kappa_sie": 6.016016347999913,
        "kappa_sii": 3.755373120111965,
        "sigma_se": 0.01,
        "sigma_si": 0.018424234627061515,
        "taue": 21.922924808931725,
        "taui": 5.8819582274117055,
        "tauxe": 71.29700323791089,
        "tauxi": 55.058301940320234,
        "vsyn_ee": 8.36071252530761,
        "vsyn_ei": 13.817529681175463,
        "vsyn_ie": -6.218199922904191,
        "vsyn_ii": -23.563440123512734
    },
    "timestamp": 1746272960
}