{
    "fitness": 153.79315959049308,
    "generation": 0,
    "parameters": {
        "alphaee": 1.0,
        "alphaei": 0.05259644072900218,
        "alphaie": 0.739587480112186,
        "alphaii": 0.7116293752100986,
        "deltae": 0.40417143348262835,
        "deltai": 0.5635681151694439,
        "eta0e": 0.7045320266633193,
        "eta0i": 4.867742767332486,
        "kappa_gapee": 0.11467967219392804,
        "kappa_gapei": 0.10117239618414976,
        "kappa_gapii": 0.5523242674914834,
        "kappa_see": 9.417924015913876,
        "kappa_sei": 3.761899286400282,
        "kappa_sie": 0.023097954931840282,
        "kappa_sii": 9.268707557272243,
        "sigma_se": 0.03638169161089851,
        "sigma_si": 0.09874504435076333,
        "taue": 15.319233814194392,
        "taui": 5.8819582274117055,
        "tauxe": 69.26823291061386,
        "tauxi": 55.058301940320234,
        "vsyn_ee": 12.053783764156556,
        "vsyn_ei": 10.620780018350139,
        "vsyn_ie": -56.339644191636246,
        "vsyn_ii": -21.58225759664211
    },
    "timestamp": 1746272830
}