{
    "fitness": 234.99687288381537,
    "generation": 0,
    "parameters": {
        "alphaee": 0.8704428463464127,
        "alphaei": 0.76802990664126,
        "alphaie": 0.23840817380117313,
        "alphaii": 0.8462292929958949,
        "deltae": 0.5111850919673452,
        "deltai": 0.24956119742856514,
        "eta0e": 4.379232688804382,
        "eta0i": 4.021850319720298,
        "kappa_gapee": 0.2,
        "kappa_gapei": 0.36985387150154914,
        "kappa_gapii": 0.61625404935884,
        "kappa_see": 3.6959037380423876,
        "kappa_sei": 6.942388682380175,
        "kappa_sie": 3.4832655642410404,
        "kappa_sii": 0.5736730937340768,
        "sigma_se": 0.1,
        "sigma_si": 0.1,
        "taue": 23.445438884814582,
        "taui": 12.594655796093413,
        "tauxe": 26.578726939222186,
        "tauxi": 59.25196711042625,
        "vsyn_ee": 11.588472877933073,
        "vsyn_ei": 12.01340343669313,
        "vsyn_ie": -31.1771732798138,
        "vsyn_ii": -8.072805946680532
    },
    "timestamp": 1746272568
}