{
    "fitness": 55.56018316336265,
    "generation": 0,
    "parameters": {
        "alphaee": 0.2959905712135455,
        "alphaei": 0.8178713827191144,
        "alphaie": 0.739587480112186,
        "alphaii": 0.7116293752100986,
        "deltae": 0.5314565007465731,
        "deltai": 0.5159937080113224,
        "eta0e": 2.297908678119138,
        "eta0i": 1.4883883435997989,
        "kappa_gapee": 0.11467967219392804,
        "kappa_gapei": 0.4566644983295888,
        "kappa_gapii": 0.10220102893685919,
        "kappa_see": 5.40415035084021,
        "kappa_sei": 3.541382489763027,
        "kappa_sie": 5.279879069012511,
        "kappa_sii": 0.17035025487226796,
        "sigma_se": 0.03638169161089851,
        "sigma_si": 0.1,
        "taue": 13.2403199475789,
        "taui": 17.741526345493938,
        "tauxe": 41.74962276263436,
        "tauxi": 79.28423343493968,
        "vsyn_ee": 18.984335585565866,
        "vsyn_ei": 15.51873505894248,
        "vsyn_ie": -10.783820625601123,
        "vsyn_ii": -21.58225759664211
    },
    "timestamp": 1746272924
}