{
    "fitness": 90.5228552977388,
    "generation": 0,
    "parameters": {
        "alphaee": 0.04579266842956031,
        "alphaei": 0.3452833029826825,
        "alphaie": 0.9525993695989146,
        "alphaii": 0.03610520048228738,
        "deltae": 0.30270060353331946,
        "deltai": 0.09471563326773191,
        "eta0e": 1.7133827123219931,
        "eta0i": 4.695762663246294,
        "kappa_gapee": 0.08924657473164196,
        "kappa_gapei": 0.2353894469933726,
        "kappa_gapii": 0.49996845400805445,
        "kappa_see": 5.433015829043695,
        "kappa_sei": 3.60379012958268,
        "kappa_sie": 1.2244785328166825,
        "kappa_sii": 4.250540960221834,
        "sigma_se": 0.023847640242748852,
        "sigma_si": 0.07459055741057051,
        "taue": 21.77493833617455,
        "taui": 18.68043894486739,
        "tauxe": 25.99642228232905,
        "tauxi": 89.04026626465225,
        "vsyn_ee": 9.700235271205386,
        "vsyn_ei": 3.731492671972856,
        "vsyn_ie": -79.78787933012674,
        "vsyn_ii": -31.412505739947193
    },
    "timestamp": 1746273505
}