{
    "fitness": 76.26350624683313,
    "generation": 0,
    "parameters": {
        "alphaee": 0.32056979533319363,
        "alphaei": 0.01,
        "alphaie": 0.5305001324541864,
        "alphaii": 0.08519091095259987,
        "deltae": 0.0726972089646458,
        "deltai": 0.10699383046207474,
        "eta0e": 1.434532353546225,
        "eta0i": 3.7000181991599863,
        "kappa_gapee": 0.2,
        "kappa_gapei": 0.04234545705142556,
        "kappa_gapii": 0.587410237883971,
        "kappa_see": 3.8673891762485146,
        "kappa_sei": 5.023619062063817,
        "kappa_sie": 6.065986311779412,
        "kappa_sii": 5.348587430712387,
        "sigma_se": 0.06724993521136456,
        "sigma_si": 0.0852425744926826,
        "taue": 20.50340302179104,
        "taui": 11.124219900460055,
        "tauxe": 45.31881607154497,
        "tauxi": 53.19948720707339,
        "vsyn_ee": 2.4986815251894092,
        "vsyn_ei": 15.517851873695502,
        "vsyn_ie": -29.140819119053234,
        "vsyn_ii": -40.89454224370704
    },
    "timestamp": 1746272545
}