{
    "fitness": 103.99429679851096,
    "generation": 0,
    "parameters": {
        "alphaee": 0.27522345275072513,
        "alphaei": 0.08310201183233125,
        "alphaie": 0.14753984480757415,
        "alphaii": 0.8462292929958949,
        "deltae": 0.5111850919673452,
        "deltai": 0.24956119742856514,
        "eta0e": 0.0,
        "eta0i": 4.021850319720298,
        "kappa_gapee": 0.05017843323861457,
        "kappa_gapei": 0.36985387150154914,
        "kappa_gapii": 0.61625404935884,
        "kappa_see": 3.9088011169610146,
        "kappa_sei": 1.9150419422546692,
        "kappa_sie": 7.662702276830202,
        "kappa_sii": 9.174991381071663,
        "sigma_se": 0.04971240347862586,
        "sigma_si": 0.018424234627061515,
        "taue": 15.519309496397849,
        "taui": 14.92286754538047,
        "tauxe": 71.29700323791089,
        "tauxi": 28.671989932865635,
        "vsyn_ee": 7.765189871495194,
        "vsyn_ei": 14.48724648400051,
        "vsyn_ie": -89.40618665099603,
        "vsyn_ii": -33.64184798177004
    },
    "timestamp": 1746273043
}