{
    "fitness": 102.48065425143113,
    "generation": 0,
    "parameters": {
        "alphaee": 0.8144037660009584,
        "alphaei": 0.45418704176561464,
        "alphaie": 0.059349298302532515,
        "alphaii": 0.4970417700366815,
        "deltae": 0.3000855693183719,
        "deltai": 0.4938203510943026,
        "eta0e": 4.047291682461004,
        "eta0i": 4.451199426114293,
        "kappa_gapee": 0.13197286360923538,
        "kappa_gapei": 0.23048660404878524,
        "kappa_gapii": 0.20731107824619108,
        "kappa_see": 3.7465531408894774,
        "kappa_sei": 4.352498099667857,
        "kappa_sie": 8.475460358079397,
        "kappa_sii": 9.215307885230477,
        "sigma_se": 0.09657665915489805,
        "sigma_si": 0.08353272794586805,
        "taue": 21.554805057384506,
        "taui": 20.32056968275044,
        "tauxe": 94.15386002013118,
        "tauxi": 99.65306272637045,
        "vsyn_ee": 5.0827771449734005,
        "vsyn_ei": 19.65620572159209,
        "vsyn_ie": -54.36687023700518,
        "vsyn_ii": -32.557759444734074
    },
    "timestamp": 1746273481
}