{
    "fitness": 52.08059724081656,
    "generation": 0,
    "parameters": {
        "alphaee": 0.278253348367364,
        "alphaei": 0.76802990664126,
        "alphaie": 0.4195687491082951,
        "alphaii": 0.170099193518327,
        "deltae": 0.29620995593975064,
        "deltai": 0.5159937080113224,
        "eta0e": 4.428158305258032,
        "eta0i": 0.24346614338545955,
        "kappa_gapee": 0.15292259367294675,
        "kappa_gapei": 0.4566644983295888,
        "kappa_gapii": 0.12463267859714432,
        "kappa_see": 1.0780008683361773,
        "kappa_sei": 6.942388682380175,
        "kappa_sie": 3.4832655642410404,
        "kappa_sii": 0.7141780171164447,
        "sigma_se": 0.09109506557145501,
        "sigma_si": 0.039058510997416154,
        "taue": 13.261941683760952,
        "taui": 17.741526345493938,
        "tauxe": 41.74962276263436,
        "tauxi": 59.25196711042625,
        "vsyn_ee": 11.588472877933073,
        "vsyn_ei": 15.51873505894248,
        "vsyn_ie": -10.783820625601123,
        "vsyn_ii": -8.072805946680532
    },
    "timestamp": 1746272948
}