{
    "fitness": 48.83149473890249,
    "generation": 0,
    "parameters": {
        "alphaee": 0.2959905712135455,
        "alphaei": 0.24714378509332555,
        "alphaie": 0.14753984480757415,
        "alphaii": 0.9989116648762919,
        "deltae": 0.29620995593975064,
        "deltai": 0.24956119742856514,
        "eta0e": 1.375091669915201,
        "eta0i": 3.9039897969190394,
        "kappa_gapee": 0.0952072356338158,
        "kappa_gapei": 0.4566644983295888,
        "kappa_gapii": 0.10220102893685919,
        "kappa_see": 3.7543531435543454,
        "kappa_sei": 6.449039871150585,
        "kappa_sie": 7.662702276830202,
        "kappa_sii": 2.4280938754495494,
        "sigma_se": 0.09109506557145501,
        "sigma_si": 0.08630133677740304,
        "taue": 13.261941683760952,
        "taui": 19.192192830555626,
        "tauxe": 41.74962276263436,
        "tauxi": 79.28423343493968,
        "vsyn_ee": 18.984335585565866,
        "vsyn_ei": 14.48724648400051,
        "vsyn_ie": -10.783820625601123,
        "vsyn_ii": -81.6975681162117
    },
    "timestamp": 1746273256
}