{
    "fitness": 55.10563106110152,
    "generation": 0,
    "parameters": {
        "alphaee": 0.2959905712135455,
        "alphaei": 0.8178713827191144,
        "alphaie": 0.670058907169323,
        "alphaii": 0.7116293752100986,
        "deltae": 0.29620995593975064,
        "deltai": 0.5159937080113224,
        "eta0e": 2.297908678119138,
        "eta0i": 1.4883883435997989,
        "kappa_gapee": 0.15292259367294675,
        "kappa_gapei": 0.10117239618414976,
        "kappa_gapii": 0.5523242674914834,
        "kappa_see": 5.40415035084021,
        "kappa_sei": 3.541382489763027,
        "kappa_sie": 5.279879069012511,
        "kappa_sii": 0.4085426408018703,
        "sigma_se": 0.09109506557145501,
        "sigma_si": 0.09874504435076333,
        "taue": 13.261941683760952,
        "taui": 9.62563429493678,
        "tauxe": 41.74962276263436,
        "tauxi": 79.28423343493968,
        "vsyn_ee": 12.053783764156556,
        "vsyn_ei": 10.620780018350139,
        "vsyn_ie": -56.339644191636246,
        "vsyn_ii": -21.58225759664211
    },
    "timestamp": 1746272710
}