{
    "fitness": 63.118908840643854,
    "generation": 0,
    "parameters": {
        "alphaee": 0.6563312362404276,
        "alphaei": 0.16434359817468955,
        "alphaie": 0.04311998391891243,
        "alphaii": 0.642559440043244,
        "deltae": 0.16376629536973403,
        "deltai": 0.13746615300887344,
        "eta0e": 2.177245582604214,
        "eta0i": 3.8094755645828347,
        "kappa_gapee": 0.18663510550141124,
        "kappa_gapei": 0.12739476596506108,
        "kappa_gapii": 0.1314306130180004,
        "kappa_see": 2.21976141629815,
        "kappa_sei": 1.426926702587457,
        "kappa_sie": 5.11873850344066,
        "kappa_sii": 7.920316617020015,
        "sigma_se": 0.042252351103124794,
        "sigma_si": 0.06331493271508669,
        "taue": 20.24850076808729,
        "taui": 7.972470645532625,
        "tauxe": 37.797444245480364,
        "tauxi": 74.00556663924387,
        "vsyn_ee": 7.312993339601813,
        "vsyn_ei": 16.96745589231312,
        "vsyn_ie": -98.79564892024963,
        "vsyn_ii": -83.95018227047544
    },
    "timestamp": 1746273350
}