{
    "fitness": 175.28697586933254,
    "generation": 0,
    "parameters": {
        "alphaee": 0.7687879009150607,
        "alphaei": 0.9937870695607097,
        "alphaie": 0.7756789456748773,
        "alphaii": 0.14518120993889616,
        "deltae": 0.1508937938319026,
        "deltai": 0.1275791514157345,
        "eta0e": 4.327835924875346,
        "eta0i": 4.399591362242058,
        "kappa_gapee": 0.025140717473286167,
        "kappa_gapei": 0.023172846296856526,
        "kappa_gapii": 0.48516079344486523,
        "kappa_see": 2.284951878208295,
        "kappa_sei": 8.31905917196775,
        "kappa_sie": 2.994070927102631,
        "kappa_sii": 3.362175919084569,
        "sigma_se": 0.04212032999349693,
        "sigma_si": 0.03971240129702654,
        "taue": 24.092491747035915,
        "taui": 22.027268143432217,
        "tauxe": 29.77575627209306,
        "tauxi": 60.01131592120576,
        "vsyn_ee": 12.661859670010925,
        "vsyn_ei": 4.8859068931069904,
        "vsyn_ie": -32.261115375169055,
        "vsyn_ii": -53.243225594009736
    },
    "timestamp": 1746273446
}