{
    "fitness": 196.47898986343662,
    "generation": 0,
    "parameters": {
        "alphaee": 0.27522345275072513,
        "alphaei": 0.05259644072900218,
        "alphaie": 0.38530824372598477,
        "alphaii": 0.7480596489490395,
        "deltae": 0.5824613863876125,
        "deltai": 0.4187165357609228,
        "eta0e": 1.5964314104534505,
        "eta0i": 1.5607979458347956,
        "kappa_gapee": 0.0,
        "kappa_gapei": 0.0716532773908472,
        "kappa_gapii": 0.7519754783863452,
        "kappa_see": 9.417924015913876,
        "kappa_sei": 1.9150419422546692,
        "kappa_sie": 0.023097954931840282,
        "kappa_sii": 9.174991381071663,
        "sigma_se": 0.04971240347862586,
        "sigma_si": 0.08735413138321653,
        "taue": 20.932397205815228,
        "taui": 14.83075034859148,
        "tauxe": 47.7052114992941,
        "tauxi": 54.901064775964564,
        "vsyn_ee": 10.531183859156261,
        "vsyn_ei": 2.2269225617529047,
        "vsyn_ie": -76.51839078610047,
        "vsyn_ii": -5.128771725193232
    },
    "timestamp": 1746272972
}