{
    "fitness": 111.07249363620966,
    "generation": 0,
    "parameters": {
        "alphaee": 0.27522345275072513,
        "alphaei": 0.08310201183233125,
        "alphaie": 0.14753984480757415,
        "alphaii": 0.8462292929958949,
        "deltae": 0.5111850919673452,
        "deltai": 0.4688081482352524,
        "eta0e": 0.0057961232276926644,
        "eta0i": 1.5607979458347956,
        "kappa_gapee": 0.11463429249754205,
        "kappa_gapei": 0.36985387150154914,
        "kappa_gapii": 0.61625404935884,
        "kappa_see": 3.9088011169610146,
        "kappa_sei": 6.449039871150585,
        "kappa_sie": 7.854204225247228,
        "kappa_sii": 9.174991381071663,
        "sigma_se": 0.08641773746246027,
        "sigma_si": 0.018424234627061515,
        "taue": 15.252193825556251,
        "taui": 14.92286754538047,
        "tauxe": 71.29700323791089,
        "tauxi": 54.847140976420036,
        "vsyn_ee": 8.36071252530761,
        "vsyn_ei": 2.2269225617529047,
        "vsyn_ie": -6.218199922904191,
        "vsyn_ii": -33.64184798177004
    },
    "timestamp": 1746273020
}