{
    "fitness": 88.87743731611917,
    "generation": 0,
    "parameters": {
        "alphaee": 0.9276567001523963,
        "alphaei": 0.24714378509332555,
        "alphaie": 0.1871752717112111,
        "alphaii": 0.9989116648762919,
        "deltae": 0.40417143348262835,
        "deltai": 0.5159937080113224,
        "eta0e": 2.297908678119138,
        "eta0i": 4.193105743590023,
        "kappa_gapee": 0.15292259367294675,
        "kappa_gapei": 0.0716532773908472,
        "kappa_gapii": 0.2488148209688936,
        "kappa_see": 9.417924015913876,
        "kappa_sei": 3.761899286400282,
        "kappa_sie": 0.023097954931840282,
        "kappa_sii": 0.3333522314235921,
        "sigma_se": 0.09109506557145501,
        "sigma_si": 0.01,
        "taue": 22.27983547614111,
        "taui": 5.943372837121531,
        "tauxe": 41.74962276263436,
        "tauxi": 79.28423343493968,
        "vsyn_ee": 18.984335585565866,
        "vsyn_ei": 15.51873505894248,
        "vsyn_ie": -10.783820625601123,
        "vsyn_ii": -81.66413406098167
    },
    "timestamp": 1746273197
}