{
    "fitness": 82.55769089556254,
    "generation": 0,
    "parameters": {
        "alphaee": 0.6338511731217414,
        "alphaei": 0.8868471372978264,
        "alphaie": 0.057035763420918976,
        "alphaii": 0.02901485442651055,
        "deltae": 0.3248899158765833,
        "deltai": 0.26608027335413564,
        "eta0e": 4.809973496280507,
        "eta0i": 1.69363684478556,
        "kappa_gapee": 0.12641132736845037,
        "kappa_gapei": 0.4488936946194619,
        "kappa_gapii": 0.21085271135811812,
        "kappa_see": 0.36234380536149635,
        "kappa_sei": 9.573198549549982,
        "kappa_sie": 8.726497530857323,
        "kappa_sii": 5.025510721188784,
        "sigma_se": 0.0682824347253675,
        "sigma_si": 0.06240315061356075,
        "taue": 23.058262773024364,
        "taui": 24.172404884427845,
        "tauxe": 73.30149423887474,
        "tauxi": 28.628617356625718,
        "vsyn_ee": 8.044597101312348,
        "vsyn_ei": 1.6567442741495746,
        "vsyn_ie": -32.31021291582658,
        "vsyn_ii": -75.37944153350328
    },
    "timestamp": 1746273540
}