{
    "fitness": 162.65354921789475,
    "generation": 0,
    "parameters": {
        "alphaee": 0.2959905712135455,
        "alphaei": 0.24714378509332555,
        "alphaie": 0.4195687491082951,
        "alphaii": 0.5676496781107023,
        "deltae": 0.29620995593975064,
        "deltai": 0.18722824173384617,
        "eta0e": 0.9677463760819658,
        "eta0i": 4.193105743590023,
        "kappa_gapee": 0.15292259367294675,
        "kappa_gapei": 0.4566644983295888,
        "kappa_gapii": 0.6364097068741397,
        "kappa_see": 1.1972463313012787,
        "kappa_sei": 5.054086092809864,
        "kappa_sie": 9.315025748092962,
        "kappa_sii": 4.137634014810845,
        "sigma_se": 0.09109506557145501,
        "sigma_si": 0.0340014667410545,
        "taue": 14.353302149470522,
        "taui": 16.60724163936353,
        "tauxe": 41.74962276263436,
        "tauxi": 79.28423343493968,
        "vsyn_ee": 14.268781544624265,
        "vsyn_ei": 15.51873505894248,
        "vsyn_ie": -10.783820625601123,
        "vsyn_ii": -81.6975681162117
    },
    "timestamp": 1746272770
}