{
    "fitness": 136.35322523997291,
    "generation": 0,
    "parameters": {
        "alphaee": 0.7638478711698647,
        "alphaei": 0.9589926867635619,
        "alphaie": 0.01912196520948794,
        "alphaii": 0.3688334382493623,
        "deltae": 0.4463827805015841,
        "deltai": 0.27651587176844433,
        "eta0e": 2.7060473535618423,
        "eta0i": 3.478364104917226,
        "kappa_gapee": 0.09005788402952924,
        "kappa_gapei": 0.02113678490424497,
        "kappa_gapii": 0.6801816303633574,
        "kappa_see": 8.327784337640471,
        "kappa_sei": 7.78174108891284,
        "kappa_sie": 2.542500427284231,
        "kappa_sii": 5.029692531588917,
        "sigma_se": 0.029031955790923845,
        "sigma_si": 0.025457103374945406,
        "taue": 6.488169422824777,
        "taui": 11.465540765584947,
        "tauxe": 41.70444013554548,
        "tauxi": 69.3715617006088,
        "vsyn_ee": 15.534614776264913,
        "vsyn_ei": 16.32293801133656,
        "vsyn_ie": -29.251849989239247,
        "vsyn_ii": -75.53523237400323
    },
    "timestamp": 1746273470
}