{
    "fitness": 51.7868688946514,
    "generation": 0,
    "parameters": {
        "alphaee": 0.32056979533319363,
        "alphaei": 0.6265471517726466,
        "alphaie": 0.5755492526096276,
        "alphaii": 0.157094733290979,
        "deltae": 0.0726972089646458,
        "deltai": 0.35850367919820453,
        "eta0e": 1.949648464664338,
        "eta0i": 4.598057389171414,
        "kappa_gapee": 0.019639257123583893,
        "kappa_gapei": 0.3803170399427421,
        "kappa_gapii": 0.35636020874936464,
        "kappa_see": 9.961061714134093,
        "kappa_sei": 9.466159542770006,
        "kappa_sie": 0.6687446931665117,
        "kappa_sii": 4.080264236248697,
        "sigma_se": 0.08584264535978572,
        "sigma_si": 0.06125156999744503,
        "taue": 23.59768345077077,
        "taui": 14.86182402103717,
        "tauxe": 45.31881607154497,
        "tauxi": 73.22624055053765,
        "vsyn_ee": 2.4986815251894092,
        "vsyn_ei": 1.7307168697219535,
        "vsyn_ie": -2.6983740119448307,
        "vsyn_ii": -2.107735797321311
    },
    "timestamp": 1746272865
}