{
    "fitness": 64.80704089388176,
    "generation": 0,
    "parameters": {
        "alphaee": 0.6519376909452116,
        "alphaei": 0.05259644072900218,
        "alphaie": 0.1871752717112111,
        "alphaii": 0.15140977328200134,
        "deltae": 0.40417143348262835,
        "deltai": 0.4187165357609228,
        "eta0e": 1.5964314104534505,
        "eta0i": 4.867742767332486,
        "kappa_gapee": 0.11236499112222641,
        "kappa_gapei": 0.3803170399427421,
        "kappa_gapii": 0.1152638058344341,
        "kappa_see": 9.961061714134093,
        "kappa_sei": 3.761899286400282,
        "kappa_sie": 0.023097954931840282,
        "kappa_sii": 3.755373120111965,
        "sigma_se": 0.04451751811330106,
        "sigma_si": 0.022152329868159203,
        "taue": 21.922924808931725,
        "taui": 10.705252682687547,
        "tauxe": 47.7052114992941,
        "tauxi": 55.058301940320234,
        "vsyn_ee": 10.531183859156261,
        "vsyn_ei": 13.817529681175463,
        "vsyn_ie": -76.51839078610047,
        "vsyn_ii": -2.107735797321311
    },
    "timestamp": 1746273280
}