{
    "fitness": 175.28697586933254,
    "generation": 0,
    "parameters": {
        "alphaee": 0.2959905712135455,
        "alphaei": 0.6265471517726466,
        "alphaie": 0.4195687491082951,
        "alphaii": 0.157094733290979,
        "deltae": 0.5778932610833919,
        "deltai": 0.5159937080113224,
        "eta0e": 2.297908678119138,
        "eta0i": 4.586651871397268,
        "kappa_gapee": 0.15292259367294675,
        "kappa_gapei": 0.3803170399427421,
        "kappa_gapii": 0.10220102893685919,
        "kappa_see": 1.0780008683361773,
        "kappa_sei": 8.406185896971747,
        "kappa_sie": 3.882643119368531,
        "kappa_sii": 3.6227297030346834,
        "sigma_se": 0.04451751811330106,
        "sigma_si": 0.016983599449131734,
        "taue": 23.59768345077077,
        "taui": 17.741526345493938,
        "tauxe": 39.03605412557654,
        "tauxi": 79.28423343493968,
        "vsyn_ee": 18.984335585565866,
        "vsyn_ei": 15.51873505894248,
        "vsyn_ie": -10.783820625601123,
        "vsyn_ii": -2.107735797321311
    },
    "timestamp": 1746273149
}