{
    "fitness": 48.51824537052189,
    "generation": 0,
    "parameters": {
        "alphaee": 0.9276567001523963,
        "alphaei": 0.5514306139651574,
        "alphaie": 0.38530824372598477,
        "alphaii": 0.7480596489490395,
        "deltae": 0.5970575838807081,
        "deltai": 0.4187165357609228,
        "eta0e": 1.5964314104534505,
        "eta0i": 1.5607979458347956,
        "kappa_gapee": 0.11236499112222641,
        "kappa_gapei": 0.0716532773908472,
        "kappa_gapii": 0.2488148209688936,
        "kappa_see": 9.417924015913876,
        "kappa_sei": 3.761899286400282,
        "kappa_sie": 0.023097954931840282,
        "kappa_sii": 9.174991381071663,
        "sigma_se": 0.04971240347862586,
        "sigma_si": 0.08735413138321653,
        "taue": 20.932397205815228,
        "taui": 5.8819582274117055,
        "tauxe": 71.29700323791089,
        "tauxi": 55.058301940320234,
        "vsyn_ee": 8.36071252530761,
        "vsyn_ei": 2.2269225617529047,
        "vsyn_ie": -6.218199922904191,
        "vsyn_ii": -23.563440123512734
    },
    "timestamp": 1746272996
}