{
    "fitness": 47.95322419544467,
    "generation": 0,
    "parameters": {
        "alphaee": 0.6519376909452116,
        "alphaei": 0.6265471517726466,
        "alphaie": 0.5755492526096276,
        "alphaii": 0.157094733290979,
        "deltae": 0.5778932610833919,
        "deltai": 0.35850367919820453,
        "eta0e": 1.949648464664338,
        "eta0i": 4.598057389171414,
        "kappa_gapee": 0.13659645394499267,
        "kappa_gapei": 0.3803170399427421,
        "kappa_gapii": 0.1152638058344341,
        "kappa_see": 9.961061714134093,
        "kappa_sei": 9.466159542770006,
        "kappa_sie": 0.6687446931665117,
        "kappa_sii": 3.5286875402119695,
        "sigma_se": 0.04451751811330106,
        "sigma_si": 0.022152329868159203,
        "taue": 23.59768345077077,
        "taui": 10.705252682687547,
        "tauxe": 39.03605412557654,
        "tauxi": 62.27748438980244,
        "vsyn_ee": 1.6928710334696697,
        "vsyn_ei": 12.38341061884062,
        "vsyn_ie": -48.192533557364115,
        "vsyn_ii": -2.107735797321311
    },
    "timestamp": 1746272463
}