{
    "fitness": 49.71502372005999,
    "generation": 0,
    "parameters": {
        "alphaee": 0.13075900498405213,
        "alphaei": 0.76802990664126,
        "alphaie": 0.9332056231877633,
        "alphaii": 0.5676496781107023,
        "deltae": 0.5055680926341707,
        "deltai": 0.18722824173384617,
        "eta0e": 0.9677463760819658,
        "eta0i": 0.7239433538610915,
        "kappa_gapee": 0.17290025197586373,
        "kappa_gapei": 0.38806124644023093,
        "kappa_gapii": 0.6364097068741397,
        "kappa_see": 7.282205928726163,
        "kappa_sei": 6.942388682380175,
        "kappa_sie": 9.315025748092962,
        "kappa_sii": 4.137634014810845,
        "sigma_se": 0.02788166085448715,
        "sigma_si": 0.039058510997416154,
        "taue": 23.445438884814582,
        "taui": 16.60724163936353,
        "tauxe": 53.99393835229582,
        "tauxi": 32.02419148495647,
        "vsyn_ee": 11.588472877933073,
        "vsyn_ei": 12.01340343669313,
        "vsyn_ie": -43.55234036486658,
        "vsyn_ii": -8.072805946680532
    },
    "timestamp": 1746273315
}