{
    "fitness": 62.510643827894015,
    "generation": 0,
    "parameters": {
        "alphaee": 0.278253348367364,
        "alphaei": 0.0491110907744376,
        "alphaie": 0.5305001324541864,
        "alphaii": 0.08519091095259987,
        "deltae": 0.5136889649129339,
        "deltai": 0.10699383046207474,
        "eta0e": 4.428158305258032,
        "eta0i": 0.49524173833356144,
        "kappa_gapee": 0.019639257123583893,
        "kappa_gapei": 0.38806124644023093,
        "kappa_gapii": 0.0,
        "kappa_see": 2.133005892212703,
        "kappa_sei": 3.9142969681824322,
        "kappa_sie": 3.6446550438188647,
        "kappa_sii": 4.080264236248697,
        "sigma_se": 0.06572510601463945,
        "sigma_si": 0.06125156999744503,
        "taue": 20.50340302179104,
        "taui": 12.594655796093413,
        "tauxe": 45.31881607154497,
        "tauxi": 58.97046730834931,
        "vsyn_ee": 11.588472877933073,
        "vsyn_ei": 1.7307168697219535,
        "vsyn_ie": -31.1771732798138,
        "vsyn_ii": -8.072805946680532
    },
    "timestamp": 1746273113
}