{
    "fitness": 89.79586536286105,
    "generation": 0,
    "parameters": {
        "alphaee": 0.32056979533319363,
        "alphaei": 0.05259644072900218,
        "alphaie": 0.01,
        "alphaii": 0.15140977328200134,
        "deltae": 0.0726972089646458,
        "deltai": 0.10699383046207474,
        "eta0e": 3.959494420803834,
        "eta0i": 3.7000181991599863,
        "kappa_gapee": 0.0,
        "kappa_gapei": 0.0,
        "kappa_gapii": 0.35636020874936464,
        "kappa_see": 9.417924015913876,
        "kappa_sei": 3.761899286400282,
        "kappa_sie": 0.023097954931840282,
        "kappa_sii": 4.080264236248697,
        "sigma_se": 0.08584264535978572,
        "sigma_si": 0.08735413138321653,
        "taue": 20.50340302179104,
        "taui": 14.86182402103717,
        "tauxe": 47.7052114992941,
        "tauxi": 55.058301940320234,
        "vsyn_ee": 10.531183859156261,
        "vsyn_ei": 1.7307168697219535,
        "vsyn_ie": -2.721874829176002,
        "vsyn_ii": -23.563440123512734
    },
    "timestamp": 1746273090
}