{
    "fitness": 122.54980011774367,
    "generation": 0,
    "parameters": {
        "alphaee": 0.3704267875214237,
        "alphaei": 0.020078754566912372,
        "alphaie": 0.3880047142363268,
        "alphaii": 0.9489084716055457,
        "deltae": 0.20309166598369938,
        "deltai": 0.054095869021219996,
        "eta0e": 3.771924227249705,
        "eta0i": 4.930852235668119,
        "kappa_gapee": 0.15629751154359933,
        "kappa_gapei": 0.2986554538700263,
        "kappa_gapii": 0.004292095682936456,
        "kappa_see": 9.359429002911002,
        "kappa_sei": 2.631252573944822,
        "kappa_sie": 9.550768138359889,
        "kappa_sii": 1.2687750305929086,
        "sigma_se": 0.02111754638749109,
        "sigma_si": 0.04962223204626859,
        "taue": 12.597792193787209,
        "taui": 11.792664531592612,
        "tauxe": 54.17037017864548,
        "tauxi": 31.8431058432155,
        "vsyn_ee": 15.5297939213072,
        "vsyn_ei": 11.487215755131515,
        "vsyn_ie": -79.48004774355664,
        "vsyn_ii": -30.99162931281016
    },
    "timestamp": 1746273374
}