{
    "fitness": 56.4075372459785,
    "generation": 0,
    "parameters": {
        "alphaee": 0.8704428463464127,
        "alphaei": 0.5514306139651574,
        "alphaie": 0.38530824372598477,
        "alphaii": 0.7480596489490395,
        "deltae": 0.5824613863876125,
        "deltai": 0.48850062696499374,
        "eta0e": 1.375091669915201,
        "eta0i": 1.5607979458347956,
        "kappa_gapee": 0.04899008922131967,
        "kappa_gapei": 0.2574291146395641,
        "kappa_gapii": 0.7519754783863452,
        "kappa_see": 8.548143818331214,
        "kappa_sei": 6.449039871150585,
        "kappa_sie": 5.893912609054405,
        "kappa_sii": 2.8412363389956607,
        "sigma_se": 0.08641773746246027,
        "sigma_si": 0.08630133677740304,
        "taue": 20.932397205815228,
        "taui": 19.192192830555626,
        "tauxe": 26.578726939222186,
        "tauxi": 54.847140976420036,
        "vsyn_ee": 8.36071252530761,
        "vsyn_ei": 2.2269225617529047,
        "vsyn_ie": -6.218199922904191,
        "vsyn_ii": -5.128771725193232
    },
    "timestamp": 1746273031
}