{
    "fitness": 48.490993553668,
    "generation": 0,
    "parameters": {
        "alphaee": 0.44831199204796385,
        "alphaei": 0.45023420695261845,
        "alphaie": 0.13968700731029662,
        "alphaii": 0.6663737357751254,
        "deltae": 0.22771134666627013,
        "deltai": 0.1586598620744723,
        "eta0e": 1.3666372611771007,
        "eta0i": 2.422453979383975,
        "kappa_gapee": 0.04816038984962617,
        "kappa_gapei": 0.009748758597314597,
        "kappa_gapii": 0.6316748038365922,
        "kappa_see": 3.8673891762485146,
        "kappa_sei": 5.023619062063817,
        "kappa_sie": 6.829205899414691,
        "kappa_sii": 5.348587430712387,
        "sigma_se": 0.06724993521136456,
        "sigma_si": 0.0852425744926826,
        "taue": 8.514639557774967,
        "taui": 11.124219900460055,
        "tauxe": 98.19897176925426,
        "tauxi": 53.19948720707339,
        "vsyn_ee": 15.460440364262373,
        "vsyn_ei": 15.517851873695502,
        "vsyn_ie": -29.140819119053234,
        "vsyn_ii": -40.951358609502705
    },
    "timestamp": 1746272403
}