{
    "fitness": 92.37531940976244,
    "generation": 0,
    "parameters": {
        "alphaee": 0.9276567001523963,
        "alphaei": 0.6265471517726466,
        "alphaie": 0.5755492526096276,
        "alphaii": 0.157094733290979,
        "deltae": 0.5778932610833919,
        "deltai": 0.35850367919820453,
        "eta0e": 1.949648464664338,
        "eta0i": 4.598057389171414,
        "kappa_gapee": 0.13659645394499267,
        "kappa_gapei": 0.0716532773908472,
        "kappa_gapii": 0.2488148209688936,
        "kappa_see": 9.417924015913876,
        "kappa_sei": 9.466159542770006,
        "kappa_sie": 0.6687446931665117,
        "kappa_sii": 3.5286875402119695,
        "sigma_se": 0.024478550802112017,
        "sigma_si": 0.08735413138321653,
        "taue": 23.59768345077077,
        "taui": 5.8819582274117055,
        "tauxe": 39.1133457438202,
        "tauxi": 62.27748438980244,
        "vsyn_ee": 1.6928710334696697,
        "vsyn_ei": 12.38341061884062,
        "vsyn_ie": -48.192533557364115,
        "vsyn_ii": -23.563440123512734
    },
    "timestamp": 1746273268
}