{
    "fitness": 134.4597344056902,
    "generation": 0,
    "parameters": {
        "alphaee": 0.786811492533221,
        "alphaei": 0.6566075794724049,
        "alphaie": 0.20074946753903852,
        "alphaii": 0.7665974139035738,
        "deltae": 0.07141906289636106,
        "deltai": 0.1984685272623104,
        "eta0e": 0.07802029718882492,
        "eta0i": 4.8275150424839,
        "kappa_gapee": 0.10251012853142163,
        "kappa_gapei": 0.016151333109957998,
        "kappa_gapii": 0.27505723473921845,
        "kappa_see": 8.450473088300885,
        "kappa_sei": 9.22825894160092,
        "kappa_sie": 4.026052783799909,
        "kappa_sii": 6.640972561409393,
        "sigma_se": 0.0671004126766513,
        "sigma_si": 0.04564640782595378,
        "taue": 17.71258290123867,
        "taui": 21.702020887628283,
        "tauxe": 57.80412063092268,
        "tauxi": 87.62327218808109,
        "vsyn_ee": 13.480970774216114,
        "vsyn_ei": 7.586729938199591,
        "vsyn_ie": -10.65730062977778,
        "vsyn_ii": -67.31145421189746
    },
    "timestamp": 1746283927
}