{
    "fitness": 50.93027712954796,
    "generation": 0,
    "parameters": {
        "alphaee": 0.9744803786145526,
        "alphaei": 0.17054702933673968,
        "alphaie": 0.9402148831169327,
        "alphaii": 0.8560615654879011,
        "deltae": 0.5871078790916281,
        "deltai": 0.05264100754902128,
        "eta0e": 4.97322077824051,
        "eta0i": 3.205957093085215,
        "kappa_gapee": 0.010277538193593148,
        "kappa_gapei": 0.2622077847005899,
        "kappa_gapii": 0.6743512496801062,
        "kappa_see": 2.7728039802436033,
        "kappa_sei": 6.018902366742106,
        "kappa_sie": 6.4366665098804905,
        "kappa_sii": 0.6258285357522831,
        "sigma_se": 0.08604534260338889,
        "sigma_si": 0.0503258546296236,
        "taue": 16.73660010311731,
        "taui": 6.679980324974721,
        "tauxe": 78.09605735285547,
        "tauxi": 98.04025047801011,
        "vsyn_ee": 3.9267325145148453,
        "vsyn_ei": 9.805518223727159,
        "vsyn_ie": -89.23793309464942,
        "vsyn_ii": -65.8896836370742
    },
    "timestamp": 1746283960
}