{
    "fitness": 44.93210823460635,
    "generation": 0,
    "parameters": {
        "alphaee": 1.0,
        "alphaei": 0.10973630163266242,
        "alphaie": 0.23840817380117313,
        "alphaii": 0.5400836292834816,
        "deltae": 0.1258173679116062,
        "deltai": 0.46110828317713837,
        "eta0e": 0.5759496082758016,
        "eta0i": 0.24346614338545955,
        "kappa_gapee": 0.08706903055185938,
        "kappa_gapei": 0.43707049122159736,
        "kappa_gapii": 0.5777653713989033,
        "kappa_see": 3.38853358866357,
        "kappa_sei": 5.107530809567122,
        "kappa_sie": 7.662702276830202,
        "kappa_sii": 9.225662978244792,
        "sigma_se": 0.1,
        "sigma_si": 0.1,
        "taue": 6.48603422516504,
        "taui": 19.192192830555626,
        "tauxe": 84.6071097473028,
        "tauxi": 55.25122352709719,
        "vsyn_ee": 11.656156721091504,
        "vsyn_ei": 6.482832760187893,
        "vsyn_ie": -77.32674805330429,
        "vsyn_ii": -34.18001303599455
    },
    "timestamp": 1746283089
}