{
    "fitness": 44.65092601725305,
    "generation": 0,
    "parameters": {
        "alphaee": 0.639271341613104,
        "alphaei": 0.01,
        "alphaie": 0.205198234841609,
        "alphaii": 0.5579924786723642,
        "deltae": 0.3612523978619246,
        "deltai": 0.13524451023943768,
        "eta0e": 1.1735730954831567,
        "eta0i": 0.24346614338545955,
        "kappa_gapee": 0.0,
        "kappa_gapei": 0.3754298148579659,
        "kappa_gapii": 0.37011268071760284,
        "kappa_see": 9.514652271691691,
        "kappa_sei": 5.107530809567122,
        "kappa_sie": 7.662702276830202,
        "kappa_sii": 2.5750655955165214,
        "sigma_se": 0.1,
        "sigma_si": 0.09874504435076333,
        "taue": 6.292650706822011,
        "taui": 19.192192830555626,
        "tauxe": 84.73668054679501,
        "tauxi": 45.46268103360662,
        "vsyn_ee": 7.807970284980439,
        "vsyn_ei": 15.51873505894248,
        "vsyn_ie": -89.61085144754654,
        "vsyn_ii": -34.376814402954274
    },
    "timestamp": 1746283173
}