{
    "fitness": 58.192693845481834,
    "generation": 0,
    "parameters": {
        "alphaee": 0.18297337711217002,
        "alphaei": 0.5507376353993347,
        "alphaie": 0.6392637625502982,
        "alphaii": 0.5833683734877053,
        "deltae": 0.5774153347927982,
        "deltai": 0.35211832523348,
        "eta0e": 4.270330603482492,
        "eta0i": 2.3293011923890945,
        "kappa_gapee": 0.048291385995663856,
        "kappa_gapei": 0.31032300647750083,
        "kappa_gapii": 0.11273565801120762,
        "kappa_see": 6.237837267852321,
        "kappa_sei": 3.907583805396003,
        "kappa_sie": 8.451688716454752,
        "kappa_sii": 1.3537815195317389,
        "sigma_se": 0.03572879471333256,
        "sigma_si": 0.0806773416878855,
        "taue": 17.08787823725968,
        "taui": 24.549545736176878,
        "tauxe": 73.82654750443726,
        "tauxi": 94.52123382549173,
        "vsyn_ee": 12.738477820410731,
        "vsyn_ei": 5.275270325982772,
        "vsyn_ie": -93.07278607561955,
        "vsyn_ii": -46.58320518845771
    },
    "timestamp": 1746283994
}