{
    "fitness": 57.02617168493359,
    "generation": 0,
    "parameters": {
        "alphaee": 0.18024144926071886,
        "alphaei": 0.7525941509143098,
        "alphaie": 0.8202123677180629,
        "alphaii": 0.10927744474900254,
        "deltae": 0.5216975265895104,
        "deltai": 0.589636995987561,
        "eta0e": 3.112894259153433,
        "eta0i": 1.3326893781298654,
        "kappa_gapee": 0.08931144352768919,
        "kappa_gapei": 0.030734088839295886,
        "kappa_gapii": 0.5519740237077569,
        "kappa_see": 6.440783856901327,
        "kappa_sei": 9.48787100778975,
        "kappa_sie": 6.394029585464302,
        "kappa_sii": 9.74759456007161,
        "sigma_se": 0.07220944309481542,
        "sigma_si": 0.014973867850373836,
        "taue": 9.248095342966597,
        "taui": 13.764694135370545,
        "tauxe": 91.78393219468161,
        "tauxi": 42.34218171606823,
        "vsyn_ee": 7.829167136025205,
        "vsyn_ei": 6.096150573874567,
        "vsyn_ie": -66.62809651505134,
        "vsyn_ii": -90.04277753007734
    },
    "timestamp": 1746284011
}