{
    "fitness": 52.18632320956253,
    "generation": 0,
    "parameters": {
        "alphaee": 0.07580012668769848,
        "alphaei": 0.034364349117257095,
        "alphaie": 0.9376114305658863,
        "alphaii": 0.2069587621099142,
        "deltae": 0.5017074289690882,
        "deltai": 0.5544950038791974,
        "eta0e": 4.4641705837062045,
        "eta0i": 1.7023311778954264,
        "kappa_gapee": 0.11676378121349751,
        "kappa_gapei": 0.12877984849627513,
        "kappa_gapii": 0.339988458756493,
        "kappa_see": 6.320152306967884,
        "kappa_sei": 0.13021762598903697,
        "kappa_sie": 2.50706429158127,
        "kappa_sii": 8.750574905146836,
        "sigma_se": 0.09884191397863147,
        "sigma_si": 0.018225793460871463,
        "taue": 18.716071658599343,
        "taui": 10.742073214831453,
        "tauxe": 46.24086676774194,
        "tauxi": 85.74949495445017,
        "vsyn_ee": 14.279001459517588,
        "vsyn_ei": 8.820993720446065,
        "vsyn_ie": -66.79326618594054,
        "vsyn_ii": -18.66500865040244
    },
    "timestamp": 1746283944
}