{
    "fitness": 46.06381595065589,
    "generation": 0,
    "parameters": {
        "alphaee": 0.639271341613104,
        "alphaei": 0.01,
        "alphaie": 0.205198234841609,
        "alphaii": 0.5400836292834816,
        "deltae": 0.3388975341191554,
        "deltai": 0.46110828317713837,
        "eta0e": 1.375091669915201,
        "eta0i": 4.867742767332486,
        "kappa_gapee": 0.0,
        "kappa_gapei": 0.4956466460342629,
        "kappa_gapii": 0.12463267859714432,
        "kappa_see": 3.48615197067594,
        "kappa_sei": 3.761899286400282,
        "kappa_sie": 7.662702276830202,
        "kappa_sii": 6.259530807119963,
        "sigma_se": 0.09429548522694804,
        "sigma_si": 0.1,
        "taue": 15.529273385841805,
        "taui": 19.192192830555626,
        "tauxe": 84.6071097473028,
        "tauxi": 55.25122352709719,
        "vsyn_ee": 7.807970284980439,
        "vsyn_ei": 6.482832760187893,
        "vsyn_ie": -89.50810429521714,
        "vsyn_ii": -34.18001303599455
    },
    "timestamp": 1746283207
}