{
    "fitness": 48.71148077669084,
    "generation": 0,
    "parameters": {
        "alphaee": 0.37135823525906947,
        "alphaei": 0.9776534328787265,
        "alphaie": 0.29903526444308764,
        "alphaii": 0.7956866070446473,
        "deltae": 0.40108044816356775,
        "deltai": 0.5666326309467582,
        "eta0e": 3.739830911712227,
        "eta0i": 3.7575229862965442,
        "kappa_gapee": 0.06427911109531421,
        "kappa_gapei": 0.25033800462772043,
        "kappa_gapii": 0.30031824129121293,
        "kappa_see": 7.789150249548572,
        "kappa_sei": 4.500699271440276,
        "kappa_sie": 3.494427102148539,
        "kappa_sii": 6.2968062354643735,
        "sigma_se": 0.04766844337107632,
        "sigma_si": 0.07844227557120009,
        "taue": 16.021848511179286,
        "taui": 9.18106154069474,
        "tauxe": 85.92229510149923,
        "tauxi": 79.71928830230345,
        "vsyn_ee": 3.619965350732425,
        "vsyn_ei": 4.43728851198896,
        "vsyn_ie": -81.82447506170666,
        "vsyn_ii": -83.08415331972174
    },
    "timestamp": 1746284112
}