{
    "fitness": 52.90809754668373,
    "generation": 0,
    "parameters": {
        "alphaee": 0.2617864445482316,
        "alphaei": 0.5739765180155436,
        "alphaie": 0.9012921580926925,
        "alphaii": 0.11718579719633652,
        "deltae": 0.10003998487453764,
        "deltai": 0.5516884793165001,
        "eta0e": 1.9412786972467648,
        "eta0i": 4.126618065955487,
        "kappa_gapee": 0.023276887401636973,
        "kappa_gapei": 0.3034925603806792,
        "kappa_gapii": 0.48659099522016747,
        "kappa_see": 8.510330818244213,
        "kappa_sei": 9.221035422541267,
        "kappa_sie": 9.436353528619653,
        "kappa_sii": 6.454285903724017,
        "sigma_se": 0.02867854676326058,
        "sigma_si": 0.03569511485700674,
        "taue": 14.126180044306988,
        "taui": 5.72485044677633,
        "tauxe": 65.74135297112426,
        "tauxi": 50.63134153282944,
        "vsyn_ee": 11.621405964864591,
        "vsyn_ei": 13.69063893755894,
        "vsyn_ie": -36.192587652391474,
        "vsyn_ii": -14.9923508814624
    },
    "timestamp": 1746284178
}