{
    "fitness": 49.888246180921115,
    "generation": 0,
    "parameters": {
        "alphaee": 0.19475273666973544,
        "alphaei": 0.9173463273892724,
        "alphaie": 0.13526834578729988,
        "alphaii": 0.87815228616849,
        "deltae": 0.4713073782768085,
        "deltai": 0.5425017425057851,
        "eta0e": 4.075544073452878,
        "eta0i": 1.8436981713913907,
        "kappa_gapee": 0.18624169822012365,
        "kappa_gapei": 0.46318464775958545,
        "kappa_gapii": 0.6332497411993694,
        "kappa_see": 9.047809589189963,
        "kappa_sei": 3.456917009227069,
        "kappa_sie": 2.8830378031519643,
        "kappa_sii": 1.4753403291876082,
        "sigma_se": 0.05447566455317509,
        "sigma_si": 0.08636631336329688,
        "taue": 21.613202509634352,
        "taui": 18.528398250949163,
        "tauxe": 94.07027276509744,
        "tauxi": 40.34539197668445,
        "vsyn_ee": 10.507535908398607,
        "vsyn_ei": 4.962392632522516,
        "vsyn_ie": -81.02435898211088,
        "vsyn_ii": -4.180299537936975
    },
    "timestamp": 1746284044
}