{
    "fitness": 60.87552574840625,
    "generation": 0,
    "parameters": {
        "alphaee": 0.8077585833085589,
        "alphaei": 0.846752345731288,
        "alphaie": 0.249513570803235,
        "alphaii": 0.5400836292834816,
        "deltae": 0.3612523978619246,
        "deltai": 0.46110828317713837,
        "eta0e": 0.8767718507139781,
        "eta0i": 4.867742767332486,
        "kappa_gapee": 0.0,
        "kappa_gapei": 0.43707049122159736,
        "kappa_gapii": 0.12463267859714432,
        "kappa_see": 9.714993048934776,
        "kappa_sei": 5.107530809567122,
        "kappa_sie": 7.662702276830202,
        "kappa_sii": 6.307825196477858,
        "sigma_se": 0.09429548522694804,
        "sigma_si": 0.01723235407239098,
        "taue": 6.292650706822011,
        "taui": 18.699287803648087,
        "tauxe": 84.6071097473028,
        "tauxi": 55.25122352709719,
        "vsyn_ee": 7.807970284980439,
        "vsyn_ei": 14.48724648400051,
        "vsyn_ie": -89.40618665099603,
        "vsyn_ii": -33.64184798177004
    },
    "timestamp": 1746282751
}