{
    "fitness": 48.80347959477045,
    "generation": 0,
    "parameters": {
        "alphaee": 0.639271341613104,
        "alphaei": 0.7289414131231717,
        "alphaie": 0.23840817380117313,
        "alphaii": 0.32927598206783176,
        "deltae": 0.137669922185731,
        "deltai": 0.28966170214263703,
        "eta0e": 1.375091669915201,
        "eta0i": 4.867742767332486,
        "kappa_gapee": 0.0,
        "kappa_gapei": 0.43707049122159736,
        "kappa_gapii": 0.257547775716015,
        "kappa_see": 9.283140664678985,
        "kappa_sei": 5.481143234813672,
        "kappa_sie": 7.907714109119664,
        "kappa_sii": 6.307825196477858,
        "sigma_se": 0.026623792660413426,
        "sigma_si": 0.09874504435076333,
        "taue": 6.458547411395464,
        "taui": 19.05490090569171,
        "tauxe": 84.6071097473028,
        "tauxi": 55.25122352709719,
        "vsyn_ee": 7.807970284980439,
        "vsyn_ei": 6.482832760187893,
        "vsyn_ie": -77.38486109539909,
        "vsyn_ii": -53.854938199410796
    },
    "timestamp": 1746283661
}