{
    "fitness": 132.0746308434259,
    "generation": 0,
    "parameters": {
        "alphaee": 0.45758366492833924,
        "alphaei": 0.1504798809919776,
        "alphaie": 0.657834343055878,
        "alphaii": 0.04895250315825337,
        "deltae": 0.2789173627118363,
        "deltai": 0.3129606842202262,
        "eta0e": 3.71725643895692,
        "eta0i": 1.797020307999353,
        "kappa_gapee": 0.017802036085863282,
        "kappa_gapei": 0.41982768727395664,
        "kappa_gapii": 0.11760218889995211,
        "kappa_see": 4.264562708478952,
        "kappa_sei": 0.04285976787400373,
        "kappa_sie": 2.5572774493941237,
        "kappa_sii": 8.736157395177624,
        "sigma_se": 0.010926199623420018,
        "sigma_si": 0.09931599551414244,
        "taue": 7.132248249637968,
        "taui": 12.668993802064705,
        "tauxe": 71.39791171119715,
        "tauxi": 55.22006559821745,
        "vsyn_ee": 18.56483331981985,
        "vsyn_ei": 19.194962938682863,
        "vsyn_ie": -79.71740577394539,
        "vsyn_ii": -83.09443630049888
    },
    "timestamp": 1746284144
}