{
    "fitness": 79.0173043304877,
    "generation": 0,
    "parameters": {
        "alphaee": 0.34681222966357067,
        "alphaei": 0.04240436605940444,
        "alphaie": 0.765615655204186,
        "alphaii": 0.45554905998439893,
        "deltae": 0.2550028138100365,
        "deltai": 0.32431833960038675,
        "eta0e": 1.6388021413272638,
        "eta0i": 4.48325098944193,
        "kappa_gapee": 0.06748992698827548,
        "kappa_gapei": 0.3078414831514076,
        "kappa_gapii": 0.5184850851397711,
        "kappa_see": 0.7052025386229992,
        "kappa_sei": 6.6122854361445675,
        "kappa_sie": 2.3840270975790205,
        "kappa_sii": 6.15956627773015,
        "sigma_se": 0.06490540950666959,
        "sigma_si": 0.045266165002089125,
        "taue": 11.123621746959975,
        "taui": 9.147648704696184,
        "tauxe": 72.71992292468904,
        "tauxi": 48.53369243611823,
        "vsyn_ee": 8.177981497547659,
        "vsyn_ei": 18.154574333277065,
        "vsyn_ie": -43.31323828879725,
        "vsyn_ii": -75.18779190360823
    },
    "timestamp": 1746283876
}