{
    "fitness": 51.901227888596146,
    "generation": 0,
    "parameters": {
        "alphaee": 0.9824579856401431,
        "alphaei": 0.16795255905002177,
        "alphaie": 0.7029638891511302,
        "alphaii": 0.5400836292834816,
        "deltae": 0.137669922185731,
        "deltai": 0.13524451023943768,
        "eta0e": 1.375091669915201,
        "eta0i": 4.867742767332486,
        "kappa_gapee": 0.0,
        "kappa_gapei": 0.4566644983295888,
        "kappa_gapii": 0.5777653713989033,
        "kappa_see": 9.686910996151749,
        "kappa_sei": 5.341289451407486,
        "kappa_sie": 7.662702276830202,
        "kappa_sii": 2.5750655955165214,
        "sigma_se": 0.1,
        "sigma_si": 0.1,
        "taue": 6.48603422516504,
        "taui": 19.192192830555626,
        "tauxe": 84.6071097473028,
        "tauxi": 55.489161532860045,
        "vsyn_ee": 7.807970284980439,
        "vsyn_ei": 6.482832760187893,
        "vsyn_ie": -89.40618665099603,
        "vsyn_ii": -34.18001303599455
    },
    "timestamp": 1746283156
}