{
    "fitness": 68.75743298683454,
    "generation": 0,
    "parameters": {
        "alphaee": 0.639271341613104,
        "alphaei": 0.01,
        "alphaie": 0.23840817380117313,
        "alphaii": 0.5579924786723642,
        "deltae": 0.137669922185731,
        "deltai": 0.13524451023943768,
        "eta0e": 1.375091669915201,
        "eta0i": 4.867742767332486,
        "kappa_gapee": 0.0,
        "kappa_gapei": 0.4956466460342629,
        "kappa_gapii": 0.0,
        "kappa_see": 3.48615197067594,
        "kappa_sei": 4.953151054425471,
        "kappa_sie": 7.662702276830202,
        "kappa_sii": 2.65515794358194,
        "sigma_se": 0.1,
        "sigma_si": 0.09874504435076333,
        "taue": 15.519309496397849,
        "taui": 19.192192830555626,
        "tauxe": 84.74186840098932,
        "tauxi": 55.25122352709719,
        "vsyn_ee": 11.656156721091504,
        "vsyn_ei": 15.51873505894248,
        "vsyn_ie": -77.32674805330429,
        "vsyn_ii": -33.64184798177004
    },
    "timestamp": 1746283744
}