{
    "fitness": 37.61074325113013,
    "generation": 0,
    "parameters": {
        "alphaee": 0.639271341613104,
        "alphaei": 0.7289414131231717,
        "alphaie": 0.23840817380117313,
        "alphaii": 0.32927598206783176,
        "deltae": 0.1258173679116062,
        "deltai": 0.46110828317713837,
        "eta0e": 1.1735730954831567,
        "eta0i": 0.24346614338545955,
        "kappa_gapee": 0.08706903055185938,
        "kappa_gapei": 0.43707049122159736,
        "kappa_gapii": 0.257547775716015,
        "kappa_see": 3.48615197067594,
        "kappa_sei": 5.345476796330887,
        "kappa_sie": 7.755948450201983,
        "kappa_sii": 6.307825196477858,
        "sigma_se": 0.1,
        "sigma_si": 0.1,
        "taue": 6.48603422516504,
        "taui": 19.192192830555626,
        "tauxe": 84.6071097473028,
        "tauxi": 55.756913050362385,
        "vsyn_ee": 11.656156721091504,
        "vsyn_ei": 6.195514584627394,
        "vsyn_ie": -77.16439743409263,
        "vsyn_ii": -53.854938199410796
    },
    "timestamp": 1746283511
}