{
    "fitness": 38.91344875954992,
    "generation": 0,
    "parameters": {
        "alphaee": 0.9170142857817916,
        "alphaei": 0.052748954408471514,
        "alphaie": 0.33927615897257163,
        "alphaii": 0.3834735097564562,
        "deltae": 0.5636777517681824,
        "deltai": 0.126126656571368,
        "eta0e": 0.8011300318014345,
        "eta0i": 0.8033932228655902,
        "kappa_gapee": 0.1634436239992598,
        "kappa_gapei": 0.08894607900668464,
        "kappa_gapii": 0.6508781626718768,
        "kappa_see": 9.441531665123843,
        "kappa_sei": 3.875830662216842,
        "kappa_sie": 7.90631591371143,
        "kappa_sii": 3.575618487119768,
        "sigma_se": 0.07527580812863376,
        "sigma_si": 0.023170018814817547,
        "taue": 5.192330218838319,
        "taui": 10.566815891707519,
        "tauxe": 72.7655226184846,
        "tauxi": 21.18331077254057,
        "vsyn_ee": 10.069292619027246,
        "vsyn_ei": 19.147588188452566,
        "vsyn_ie": -92.03149040109648,
        "vsyn_ii": -19.9427512137226
    },
    "timestamp": 1746284028
}