{
    "fitness": 49.931524364325625,
    "generation": 0,
    "parameters": {
        "alphaee": 0.489518116409944,
        "alphaei": 0.5617820061821716,
        "alphaie": 0.050676090889699106,
        "alphaii": 0.5323403945221272,
        "deltae": 0.3636168139091097,
        "deltai": 0.37782103103897047,
        "eta0e": 0.3584304068166443,
        "eta0i": 4.157900803627868,
        "kappa_gapee": 0.19546870897068247,
        "kappa_gapei": 0.48048821252413815,
        "kappa_gapii": 0.35699440797564475,
        "kappa_see": 4.5963645206708295,
        "kappa_sei": 6.6775721285057354,
        "kappa_sie": 4.154456741428578,
        "kappa_sii": 3.9540724046528393,
        "sigma_se": 0.023794536127668686,
        "sigma_si": 0.09341684382751012,
        "taue": 18.862354495502675,
        "taui": 21.92108751345235,
        "tauxe": 94.73574363403893,
        "tauxi": 67.37325764886585,
        "vsyn_ee": 18.19795191831597,
        "vsyn_ei": 5.752475812078949,
        "vsyn_ie": -60.96038489022366,
        "vsyn_ii": -64.50693536375145
    },
    "timestamp": 1746284095
}