{
    "fitness": 41.944752358778786,
    "generation": 0,
    "parameters": {
        "alphaee": 0.639271341613104,
        "alphaei": 0.10973630163266242,
        "alphaie": 0.627700705092151,
        "alphaii": 0.5400836292834816,
        "deltae": 0.3612523978619246,
        "deltai": 0.5656290609919683,
        "eta0e": 1.1735730954831567,
        "eta0i": 0.24346614338545955,
        "kappa_gapee": 0.0,
        "kappa_gapei": 0.4566644983295888,
        "kappa_gapii": 0.257547775716015,
        "kappa_see": 3.48615197067594,
        "kappa_sei": 4.77026326388244,
        "kappa_sie": 7.662702276830202,
        "kappa_sii": 6.307825196477858,
        "sigma_se": 0.1,
        "sigma_si": 0.01723235407239098,
        "taue": 6.126685098391959,
        "taui": 19.192192830555626,
        "tauxe": 84.77090038943587,
        "tauxi": 45.46268103360662,
        "vsyn_ee": 11.656156721091504,
        "vsyn_ei": 6.482832760187893,
        "vsyn_ie": -77.32674805330429,
        "vsyn_ii": -34.376814402954274
    },
    "timestamp": 1746283310
}