{
    "fitness": 42.13324034625586,
    "generation": 0,
    "parameters": {
        "alphaee": 0.9793617951568381,
        "alphaei": 0.10973630163266242,
        "alphaie": 0.627700705092151,
        "alphaii": 0.43208137122247625,
        "deltae": 0.1258173679116062,
        "deltai": 0.46110828317713837,
        "eta0e": 1.1735730954831567,
        "eta0i": 0.24346614338545955,
        "kappa_gapee": 0.0,
        "kappa_gapei": 0.4566644983295888,
        "kappa_gapii": 0.5777653713989033,
        "kappa_see": 9.686910996151749,
        "kappa_sei": 5.107530809567122,
        "kappa_sie": 7.662702276830202,
        "kappa_sii": 6.307825196477858,
        "sigma_se": 0.1,
        "sigma_si": 0.1,
        "taue": 6.48603422516504,
        "taui": 18.202370550676218,
        "tauxe": 84.6071097473028,
        "tauxi": 55.489161532860045,
        "vsyn_ee": 11.656156721091504,
        "vsyn_ei": 6.38639393788792,
        "vsyn_ie": -56.68157778508189,
        "vsyn_ii": -34.18001303599455
    },
    "timestamp": 1746282987
}