{
    "fitness": 103.19978120822157,
    "generation": 0,
    "parameters": {
        "alphaee": 0.639271341613104,
        "alphaei": 0.10973630163266242,
        "alphaie": 0.01,
        "alphaii": 0.8847103877744906,
        "deltae": 0.1258173679116062,
        "deltai": 0.46110828317713837,
        "eta0e": 1.1735730954831567,
        "eta0i": 0.24346614338545955,
        "kappa_gapee": 0.08706903055185938,
        "kappa_gapei": 0.4566644983295888,
        "kappa_gapii": 0.12463267859714432,
        "kappa_see": 3.48615197067594,
        "kappa_sei": 5.107530809567122,
        "kappa_sie": 7.662702276830202,
        "kappa_sii": 9.004536317902419,
        "sigma_se": 0.1,
        "sigma_si": 0.1,
        "taue": 6.48603422516504,
        "taui": 19.192192830555626,
        "tauxe": 84.6071097473028,
        "tauxi": 55.489161532860045,
        "vsyn_ee": 11.743111064177711,
        "vsyn_ei": 6.482832760187893,
        "vsyn_ie": -56.68157778508189,
        "vsyn_ii": -34.18001303599455
    },
    "timestamp": 1746283377
}