{
    "fitness": 91.87279747278421,
    "generation": 0,
    "parameters": {
        "alphaee": 0.7822699224001824,
        "alphaei": 0.7785522229758007,
        "alphaie": 0.016507729001665875,
        "alphaii": 0.668849557003889,
        "deltae": 0.10607227553960313,
        "deltai": 0.38306275852589067,
        "eta0e": 3.444518553949493,
        "eta0i": 1.7309325571162097,
        "kappa_gapee": 0.1922486067238688,
        "kappa_gapei": 0.3561735496816131,
        "kappa_gapii": 0.1917975731314498,
        "kappa_see": 2.2066963251619294,
        "kappa_sei": 8.475274114702714,
        "kappa_sie": 0.9959281098643245,
        "kappa_sii": 3.309402026836358,
        "sigma_se": 0.08487411896069016,
        "sigma_si": 0.041848731708715156,
        "taue": 20.004324747271383,
        "taui": 15.74797020866907,
        "tauxe": 46.11626085097888,
        "tauxi": 98.75464690250635,
        "vsyn_ee": 3.2518029055202713,
        "vsyn_ei": 2.7305156678930365,
        "vsyn_ie": -9.64764760811957,
        "vsyn_ii": -62.40311283714522
    },
    "timestamp": 1746283893
}