{
    "fitness": 70.71398901572633,
    "generation": 0,
    "parameters": {
        "alphaee": 0.6810360668353224,
        "alphaei": 0.01,
        "alphaie": 0.205198234841609,
        "alphaii": 0.5579924786723642,
        "deltae": 0.1258173679116062,
        "deltai": 0.46110828317713837,
        "eta0e": 1.1735730954831567,
        "eta0i": 0.24346614338545955,
        "kappa_gapee": 0.0,
        "kappa_gapei": 0.5,
        "kappa_gapii": 0.0,
        "kappa_see": 3.48615197067594,
        "kappa_sei": 3.761899286400282,
        "kappa_sie": 7.662702276830202,
        "kappa_sii": 2.6015144706156366,
        "sigma_se": 0.1,
        "sigma_si": 0.01723235407239098,
        "taue": 15.498660716957648,
        "taui": 19.192192830555626,
        "tauxe": 30.857963373822507,
        "tauxi": 45.46268103360662,
        "vsyn_ee": 11.656156721091504,
        "vsyn_ei": 15.51873505894248,
        "vsyn_ie": -89.75983683743146,
        "vsyn_ii": -33.64184798177004
    },
    "timestamp": 1746283645
}