{
    "fitness": 70.34097185107836,
    "generation": 0,
    "parameters": {
        "alphaee": 0.413032154367613,
        "alphaei": 0.7320882931116854,
        "alphaie": 0.7509328783046152,
        "alphaii": 0.3454498996114664,
        "deltae": 0.08856393390353061,
        "deltai": 0.38519476524168567,
        "eta0e": 2.3917787497023535,
        "eta0i": 1.5840032912030235,
        "kappa_gapee": 0.059761881369074656,
        "kappa_gapei": 0.4580679394838074,
        "kappa_gapii": 0.6459490904940989,
        "kappa_see": 9.123701050508753,
        "kappa_sei": 9.50097274622995,
        "kappa_sie": 7.846835000442838,
        "kappa_sii": 2.351789920885024,
        "sigma_se": 0.021476935485736624,
        "sigma_si": 0.029469132328457492,
        "taue": 22.051376513338415,
        "taui": 16.858686212258853,
        "tauxe": 59.645382164404225,
        "tauxi": 90.6553671968284,
        "vsyn_ee": 4.408987985417232,
        "vsyn_ei": 1.1177073700496327,
        "vsyn_ie": -11.75513896548378,
        "vsyn_ii": -82.56331493764783
    },
    "timestamp": 1746284078
}