{
    "fitness": 40.42965979007471,
    "generation": 0,
    "parameters": {
        "alphaee": 0.639271341613104,
        "alphaei": 0.01,
        "alphaie": 0.205198234841609,
        "alphaii": 0.5400836292834816,
        "deltae": 0.137669922185731,
        "deltai": 0.5479556839661293,
        "eta0e": 1.1735730954831567,
        "eta0i": 0.24346614338545955,
        "kappa_gapee": 0.0,
        "kappa_gapei": 0.43707049122159736,
        "kappa_gapii": 0.12463267859714432,
        "kappa_see": 9.714993048934776,
        "kappa_sei": 3.761899286400282,
        "kappa_sie": 9.937803620501718,
        "kappa_sii": 2.8412363389956607,
        "sigma_se": 0.1,
        "sigma_si": 0.1,
        "taue": 6.650413836956819,
        "taui": 19.192192830555626,
        "tauxe": 84.6071097473028,
        "tauxi": 55.25122352709719,
        "vsyn_ee": 11.656156721091504,
        "vsyn_ei": 14.48724648400051,
        "vsyn_ie": -89.05097992909593,
        "vsyn_ii": -33.64184798177004
    },
    "timestamp": 1746283860
}