{
    "fitness": 124.18470940706288,
    "generation": 0,
    "parameters": {
        "alphaee": 0.3548593706047337,
        "alphaei": 0.23134922198963953,
        "alphaie": 0.051231703202302865,
        "alphaii": 0.7675182927961,
        "deltae": 0.22211494162438045,
        "deltai": 0.12160075216874391,
        "eta0e": 3.7874778129225306,
        "eta0i": 2.1647462120561665,
        "kappa_gapee": 0.12405974296421435,
        "kappa_gapei": 0.18865508042641058,
        "kappa_gapii": 0.24085709343909542,
        "kappa_see": 0.5129341854141853,
        "kappa_sei": 6.480106787041861,
        "kappa_sie": 4.605808011700543,
        "kappa_sii": 0.2359250603648057,
        "sigma_se": 0.020265646857649755,
        "sigma_si": 0.03428820184435377,
        "taue": 8.103867477416461,
        "taui": 20.04891399479302,
        "tauxe": 57.33049725123249,
        "tauxi": 96.98417608684022,
        "vsyn_ee": 18.51492702432866,
        "vsyn_ei": 7.853552763994012,
        "vsyn_ie": -9.735875749630523,
        "vsyn_ii": -47.66113116350636
    },
    "timestamp": 1746283910
}