{
    "fitness": 103.73056040184022,
    "generation": 0,
    "parameters": {
        "alphaee": 1.0,
        "alphaei": 0.01,
        "alphaie": 0.627700705092151,
        "alphaii": 0.5579924786723642,
        "deltae": 0.137669922185731,
        "deltai": 0.46110828317713837,
        "eta0e": 1.375091669915201,
        "eta0i": 0.24346614338545955,
        "kappa_gapee": 0.0,
        "kappa_gapei": 0.4566644983295888,
        "kappa_gapii": 0.5777653713989033,
        "kappa_see": 9.714993048934776,
        "kappa_sei": 3.761899286400282,
        "kappa_sie": 7.662702276830202,
        "kappa_sii": 2.8412363389956607,
        "sigma_se": 0.09429548522694804,
        "sigma_si": 0.1,
        "taue": 15.529273385841805,
        "taui": 19.192192830555626,
        "tauxe": 84.6071097473028,
        "tauxi": 55.25122352709719,
        "vsyn_ee": 7.807970284980439,
        "vsyn_ei": 6.482832760187893,
        "vsyn_ie": -56.68157778508189,
        "vsyn_ii": -33.64184798177004
    },
    "timestamp": 1746282819
}