{
    "fitness": 59.62422892736602,
    "generation": 0,
    "parameters": {
        "alphaee": 0.8058576941687106,
        "alphaei": 0.01,
        "alphaie": 0.205198234841609,
        "alphaii": 0.5579924786723642,
        "deltae": 0.1258173679116062,
        "deltai": 0.46110828317713837,
        "eta0e": 0.5759496082758016,
        "eta0i": 0.29011482845572273,
        "kappa_gapee": 0.0,
        "kappa_gapei": 0.4956466460342629,
        "kappa_gapii": 0.0,
        "kappa_see": 9.514652271691691,
        "kappa_sei": 3.1755879949065324,
        "kappa_sie": 7.662702276830202,
        "kappa_sii": 9.004536317902419,
        "sigma_se": 0.1,
        "sigma_si": 0.09874504435076333,
        "taue": 15.519309496397849,
        "taui": 19.192192830555626,
        "tauxe": 31.293925316178854,
        "tauxi": 55.25122352709719,
        "vsyn_ee": 11.656156721091504,
        "vsyn_ei": 15.51873505894248,
        "vsyn_ie": -56.68157778508189,
        "vsyn_ii": -33.64184798177004
    },
    "timestamp": 1746283139
}