{
    "fitness": 65.53977372473845,
    "generation": 0,
    "parameters": {
        "alphaee": 0.24355197453945102,
        "alphaei": 0.37224840353127586,
        "alphaie": 0.43607395229535606,
        "alphaii": 0.3745889732464591,
        "deltae": 0.41047473866449796,
        "deltai": 0.2144732775010038,
        "eta0e": 3.886513979451855,
        "eta0i": 4.996339682696587,
        "kappa_gapee": 0.19574979012927607,
        "kappa_gapei": 0.27162219694269357,
        "kappa_gapii": 0.29740973057421183,
        "kappa_see": 0.37427346795304545,
        "kappa_sei": 5.229784702507479,
        "kappa_sie": 9.976984264036252,
        "kappa_sii": 9.615179230978034,
        "sigma_se": 0.016765532844503345,
        "sigma_si": 0.022696800642411724,
        "taue": 18.58479860070069,
        "taui": 11.066485422875074,
        "tauxe": 48.75246893241585,
        "tauxi": 75.16759565127728,
        "vsyn_ee": 8.278826467441593,
        "vsyn_ei": 1.6034381471917578,
        "vsyn_ie": -74.80217853294246,
        "vsyn_ii": -24.672358471439992
    },
    "timestamp": 1746284128
}