{
    "fitness": 41.31749808654728,
    "generation": 0,
    "parameters": {
        "alphaee": 1.0,
        "alphaei": 0.01,
        "alphaie": 0.627700705092151,
        "alphaii": 0.5579924786723642,
        "deltae": 0.137669922185731,
        "deltai": 0.13524451023943768,
        "eta0e": 0.5759496082758016,
        "eta0i": 0.24346614338545955,
        "kappa_gapee": 0.0,
        "kappa_gapei": 0.40584581561580546,
        "kappa_gapii": 0.0,
        "kappa_see": 9.686910996151749,
        "kappa_sei": 5.107530809567122,
        "kappa_sie": 7.662702276830202,
        "kappa_sii": 2.5750655955165214,
        "sigma_se": 0.1,
        "sigma_si": 0.09874504435076333,
        "taue": 6.48603422516504,
        "taui": 19.192192830555626,
        "tauxe": 31.293925316178854,
        "tauxi": 55.489161532860045,
        "vsyn_ee": 7.807970284980439,
        "vsyn_ei": 6.482832760187893,
        "vsyn_ie": -89.40618665099603,
        "vsyn_ii": -33.64184798177004
    },
    "timestamp": 1746283258
}