{
    "fitness": 47.20606815141064,
    "generation": 0,
    "parameters": {
        "alphaee": 0.4158374916686769,
        "alphaei": 0.5238480926431767,
        "alphaie": 0.222129014804833,
        "alphaii": 0.9890536733400263,
        "deltae": 0.3229367732656002,
        "deltai": 0.2267473102835325,
        "eta0e": 0.4991568586137568,
        "eta0i": 4.824419171748128,
        "kappa_gapee": 0.016894822158886987,
        "kappa_gapei": 0.08635862337184626,
        "kappa_gapii": 0.5771723398025269,
        "kappa_see": 4.563279423442368,
        "kappa_sei": 3.1676759185453958,
        "kappa_sie": 4.9248366878316645,
        "kappa_sii": 8.658734453814981,
        "sigma_se": 0.08349250730848394,
        "sigma_si": 0.061417614255776666,
        "taue": 13.19838387449974,
        "taui": 6.75702142250187,
        "tauxe": 93.90322376552315,
        "tauxi": 72.7050877160182,
        "vsyn_ee": 15.542670027791864,
        "vsyn_ei": 12.556340529188962,
        "vsyn_ie": -58.70397771862382,
        "vsyn_ii": -60.07128879670788
    },
    "timestamp": 1746284194
}