{
    "fitness": 44.04820052470945,
    "generation": 0,
    "parameters": {
        "alphaee": 0.8704428463464127,
        "alphaei": 0.10973630163266242,
        "alphaie": 0.205198234841609,
        "alphaii": 0.5400836292834816,
        "deltae": 0.1258173679116062,
        "deltai": 0.6,
        "eta0e": 0.5759496082758016,
        "eta0i": 4.867742767332486,
        "kappa_gapee": 0.0,
        "kappa_gapei": 0.4956466460342629,
        "kappa_gapii": 0.35551582620238237,
        "kappa_see": 9.686910996151749,
        "kappa_sei": 5.107530809567122,
        "kappa_sie": 7.662702276830202,
        "kappa_sii": 9.004536317902419,
        "sigma_se": 0.1,
        "sigma_si": 0.1,
        "taue": 6.48603422516504,
        "taui": 19.192192830555626,
        "tauxe": 31.187032079354434,
        "tauxi": 55.59102428045868,
        "vsyn_ee": 11.656156721091504,
        "vsyn_ei": 14.48724648400051,
        "vsyn_ie": -89.40618665099603,
        "vsyn_ii": -34.23166321183009
    },
    "timestamp": 1746282802
}