{
    "fitness": 36.854325180626475,
    "generation": 0,
    "parameters": {
        "alphaee": 0.639271341613104,
        "alphaei": 0.7289414131231717,
        "alphaie": 0.23840817380117313,
        "alphaii": 0.15390805717720998,
        "deltae": 0.1258173679116062,
        "deltai": 0.46110828317713837,
        "eta0e": 1.1735730954831567,
        "eta0i": 0.24346614338545955,
        "kappa_gapee": 0.0,
        "kappa_gapei": 0.43707049122159736,
        "kappa_gapii": 0.12463267859714432,
        "kappa_see": 3.5722890314716844,
        "kappa_sei": 5.107530809567122,
        "kappa_sie": 7.623420332202307,
        "kappa_sii": 6.307825196477858,
        "sigma_se": 0.08926333756018999,
        "sigma_si": 0.1,
        "taue": 6.458547411395464,
        "taui": 19.192192830555626,
        "tauxe": 84.62455382323516,
        "tauxi": 45.63373180961123,
        "vsyn_ee": 11.656156721091504,
        "vsyn_ei": 6.482832760187893,
        "vsyn_ie": -77.16439743409263,
        "vsyn_ii": -33.97824437220045
    },
    "timestamp": 1746282853
}