{
    "fitness": 49.68451454426513,
    "generation": 0,
    "parameters": {
        "alphaee": 0.7421479437988645,
        "alphaei": 0.6886253060049351,
        "alphaie": 0.5607067028784966,
        "alphaii": 0.14030589492846843,
        "deltae": 0.22062940013594623,
        "deltai": 0.31426028451376825,
        "eta0e": 3.999414972005067,
        "eta0i": 0.02144151387790743,
        "kappa_gapee": 0.12959085562495853,
        "kappa_gapei": 0.1924906339481254,
        "kappa_gapii": 0.004019511680611684,
        "kappa_see": 0.022360046778583352,
        "kappa_sei": 5.27892674489645,
        "kappa_sie": 9.452512619239968,
        "kappa_sii": 0.4060671774141349,
        "sigma_se": 0.09628893187017162,
        "sigma_si": 0.06644772037585178,
        "taue": 5.9842786989452055,
        "taui": 11.279907648722592,
        "tauxe": 40.318841271176645,
        "tauxi": 86.72888342902867,
        "vsyn_ee": 13.747474370691359,
        "vsyn_ei": 11.809715098049459,
        "vsyn_ie": -42.17454335974613,
        "vsyn_ii": -90.2696522973329
    },
    "timestamp": 1746283977
}