{
    "fitness": 43.75218159471033,
    "generation": 0,
    "parameters": {
        "alphaee": 1.0,
        "alphaei": 0.846752345731288,
        "alphaie": 0.627700705092151,
        "alphaii": 0.5400836292834816,
        "deltae": 0.1258173679116062,
        "deltai": 0.5888621104971415,
        "eta0e": 0.46887535601386776,
        "eta0i": 0.24346614338545955,
        "kappa_gapee": 0.0,
        "kappa_gapei": 0.4566644983295888,
        "kappa_gapii": 0.5777653713989033,
        "kappa_see": 9.718182351865114,
        "kappa_sei": 5.468998135132939,
        "kappa_sie": 7.662702276830202,
        "kappa_sii": 9.004536317902419,
        "sigma_se": 0.1,
        "sigma_si": 0.1,
        "taue": 6.48603422516504,
        "taui": 18.699287803648087,
        "tauxe": 84.6071097473028,
        "tauxi": 55.40465873931327,
        "vsyn_ee": 11.656156721091504,
        "vsyn_ei": 6.482832760187893,
        "vsyn_ie": -56.68157778508189,
        "vsyn_ii": -34.18001303599455
    },
    "timestamp": 1746282954
}