{
    "fitness": 129.07960623670562,
    "generation": 0,
    "parameters": {
        "alphaee": 0.27344416607146366,
        "alphaei": 0.7001003187640815,
        "alphaie": 0.25241630606822013,
        "alphaii": 0.9983741748479358,
        "deltae": 0.15247140230232809,
        "deltai": 0.13102585103442355,
        "eta0e": 0.6395606661264999,
        "eta0i": 2.886674924900579,
        "kappa_gapee": 0.0024001680394343805,
        "kappa_gapei": 0.46615196635705597,
        "kappa_gapii": 0.7163199795307578,
        "kappa_see": 9.431799543557863,
        "kappa_sei": 6.66531611211389,
        "kappa_sie": 2.3114679266241356,
        "kappa_sii": 3.32736793869945,
        "sigma_se": 0.05164136400938655,
        "sigma_si": 0.06951120639929789,
        "taue": 23.842683330365,
        "taui": 9.272809419380016,
        "tauxe": 43.237226301632354,
        "tauxi": 30.602109444861767,
        "vsyn_ee": 2.804629013399093,
        "vsyn_ei": 8.86873555952218,
        "vsyn_ie": -5.433278360431572,
        "vsyn_ii": -78.92130174523302
    },
    "timestamp": 1746284161
}