{
    "fitness": 64.39572264555062,
    "generation": 0,
    "parameters": {
        "alphaee": 0.5392000288490343,
        "alphaei": 0.2675358775493617,
        "alphaie": 0.26036246897398735,
        "alphaii": 0.011349434861706224,
        "deltae": 0.44258210583278496,
        "deltai": 0.21292204578169255,
        "eta0e": 1.974415847373385,
        "eta0i": 1.3459715628691618,
        "kappa_gapee": 0.17045240501363657,
        "kappa_gapei": 0.37606593242805036,
        "kappa_gapii": 0.35743993573386135,
        "kappa_see": 9.399687333949284,
        "kappa_sei": 0.9938807051349453,
        "kappa_sie": 9.638760129298495,
        "kappa_sii": 2.228623569463991,
        "sigma_se": 0.011496007129769163,
        "sigma_si": 0.09324993917530146,
        "taue": 10.370222175123148,
        "taui": 19.39469827208831,
        "tauxe": 55.48030595702768,
        "tauxi": 89.6362976663799,
        "vsyn_ee": 3.267395216307605,
        "vsyn_ei": 12.613220916183465,
        "vsyn_ie": -15.208733336260792,
        "vsyn_ii": -46.10909799511106
    },
    "timestamp": 1746284061
}