{
    "fitness": 47.603646683398395,
    "parameters": {
        "alphaee": 0.9276567001523963,
        "alphaei": 0.05259644072900218,
        "alphaie": 0.1871752717112111,
        "alphaii": 0.15140977328200134,
        "deltae": 0.40417143348262835,
        "deltai": 0.4187165357609228,
        "eta0e": 1.5964314104534505,
        "eta0i": 4.867742767332486,
        "kappa_gapee": 0.11236499112222641,
        "kappa_gapei": 0.0716532773908472,
        "kappa_gapii": 0.2488148209688936,
        "kappa_see": 9.417924015913876,
        "kappa_sei": 3.761899286400282,
        "kappa_sie": 0.023097954931840282,
        "kappa_sii": 3.755373120111965,
        "sigma_se": 0.024478550802112017,
        "sigma_si": 0.08735413138321653,
        "taue": 21.922924808931725,
        "taui": 5.8819582274117055,
        "tauxe": 47.7052114992941,
        "tauxi": 55.058301940320234,
        "vsyn_ee": 10.531183859156261,
        "vsyn_ei": 13.817529681175463,
        "vsyn_ie": -76.51839078610047,
        "vsyn_ii": -23.563440123512734
    }
}