{
    "fitness": 48.70375909685893,
    "parameters": {
        "alphaee": 0.27522345275072513,
        "alphaei": 0.5514306139651574,
        "alphaie": 0.38530824372598477,
        "alphaii": 0.7480596489490395,
        "deltae": 0.5824613863876125,
        "deltai": 0.48850062696499374,
        "eta0e": 0.0057961232276926644,
        "eta0i": 1.5607979458347956,
        "kappa_gapee": 0.11463429249754205,
        "kappa_gapei": 0.2574291146395641,
        "kappa_gapii": 0.7519754783863452,
        "kappa_see": 8.548143818331214,
        "kappa_sei": 1.9150419422546692,
        "kappa_sie": 5.893912609054405,
        "kappa_sii": 9.174991381071663,
        "sigma_se": 0.04971240347862586,
        "sigma_si": 0.018424234627061515,
        "taue": 20.932397205815228,
        "taui": 14.92286754538047,
        "tauxe": 71.29700323791089,
        "tauxi": 54.847140976420036,
        "vsyn_ee": 8.36071252530761,
        "vsyn_ei": 2.2269225617529047,
        "vsyn_ie": -6.218199922904191,
        "vsyn_ii": -5.128771725193232
    }
}