{
    "fitness": 48.602277698364404,
    "parameters": {
        "alphaee": 0.278253348367364,
        "alphaei": 0.76802990664126,
        "alphaie": 0.23840817380117313,
        "alphaii": 0.170099193518327,
        "deltae": 0.5136889649129339,
        "deltai": 0.46110828317713837,
        "eta0e": 4.428158305258032,
        "eta0i": 0.24346614338545955,
        "kappa_gapee": 0.17290025197586373,
        "kappa_gapei": 0.38806124644023093,
        "kappa_gapii": 0.12463267859714432,
        "kappa_see": 7.282205928726163,
        "kappa_sei": 6.942388682380175,
        "kappa_sie": 3.4832655642410404,
        "kappa_sii": 0.7141780171164447,
        "sigma_se": 0.06572510601463945,
        "sigma_si": 0.039058510997416154,
        "taue": 23.445438884814582,
        "taui": 12.594655796093413,
        "tauxe": 31.16376365773922,
        "tauxi": 59.25196711042625,
        "vsyn_ee": 11.588472877933073,
        "vsyn_ei": 12.01340343669313,
        "vsyn_ie": -31.1771732798138,
        "vsyn_ii": -8.072805946680532
    }
}