{
    "fitness": 108.34076050410377,
    "generation": 0,
    "parameters": {
        "alphaee": 0.793584208786106,
        "alphaei": 0.2997828635989367,
        "alphaie": 0.14753984480757415,
        "alphaii": 0.15624032929698886,
        "deltae": 0.40417143348262835,
        "deltai": 0.5635681151694439,
        "eta0e": 0.5606980941674728,
        "eta0i": 4.867742767332486,
        "kappa_gapee": 0.11236499112222641,
        "kappa_gapei": 0.4049428579603242,
        "kappa_gapii": 0.5523242674914834,
        "kappa_see": 5.40415035084021,
        "kappa_sei": 3.761899286400282,
        "kappa_sie": 7.662702276830202,
        "kappa_sii": 8.703212428504733,
        "sigma_se": 0.061491398623451175,
        "sigma_si": 0.09874504435076333,
        "taue": 15.319233814194392,
        "taui": 19.192192830555626,
        "tauxe": 69.34444975776582,
        "tauxi": 41.478854085898746,
        "vsyn_ee": 7.807970284980439,
        "vsyn_ei": 10.620780018350139,
        "vsyn_ie": -56.339644191636246,
        "vsyn_ii": -5.128771725193232
    },
    "timestamp": 1746276865
}