{
    "fitness": 47.21828535976441,
    "generation": 0,
    "parameters": {
        "alphaee": 0.2959905712135455,
        "alphaei": 0.24714378509332555,
        "alphaie": 0.4195687491082951,
        "alphaii": 0.170099193518327,
        "deltae": 0.29620995593975064,
        "deltai": 0.46110828317713837,
        "eta0e": 1.4450712904819156,
        "eta0i": 4.193105743590023,
        "kappa_gapee": 0.09107008843453238,
        "kappa_gapei": 0.4956466460342629,
        "kappa_gapii": 0.10220102893685919,
        "kappa_see": 5.40415035084021,
        "kappa_sei": 3.686496309791601,
        "kappa_sie": 7.662702276830202,
        "kappa_sii": 9.07668828909104,
        "sigma_se": 0.061491398623451175,
        "sigma_si": 0.1,
        "taue": 15.519309496397849,
        "taui": 17.741526345493938,
        "tauxe": 69.33165658369468,
        "tauxi": 41.478854085898746,
        "vsyn_ee": 11.588472877933073,
        "vsyn_ei": 10.620780018350139,
        "vsyn_ie": -56.339644191636246,
        "vsyn_ii": -5.128771725193232
    },
    "timestamp": 1746276144
}