{
    "fitness": 143.4162435798589,
    "generation": 0,
    "parameters": {
        "alphaee": 1.0,
        "alphaei": 0.2997828635989367,
        "alphaie": 0.3040867511996971,
        "alphaii": 0.9989116648762919,
        "deltae": 0.39652105152755013,
        "deltai": 0.46110828317713837,
        "eta0e": 2.297908678119138,
        "eta0i": 4.193105743590023,
        "kappa_gapee": 0.15292259367294675,
        "kappa_gapei": 0.4956466460342629,
        "kappa_gapii": 0.4978383073229951,
        "kappa_see": 1.0780008683361773,
        "kappa_sei": 8.511816206327671,
        "kappa_sie": 6.6667035440596045,
        "kappa_sii": 0.17035025487226796,
        "sigma_se": 0.061491398623451175,
        "sigma_si": 0.039058510997416154,
        "taue": 13.261941683760952,
        "taui": 19.192192830555626,
        "tauxe": 69.33165658369468,
        "tauxi": 41.478854085898746,
        "vsyn_ee": 11.588472877933073,
        "vsyn_ei": 15.51873505894248,
        "vsyn_ie": -56.339644191636246,
        "vsyn_ii": -5.075661249812199
    },
    "timestamp": 1746276250
}