{
    "fitness": 111.85123827574446,
    "generation": 0,
    "parameters": {
        "alphaee": 0.2959905712135455,
        "alphaei": 0.24714378509332555,
        "alphaie": 0.14753984480757415,
        "alphaii": 0.596315568415179,
        "deltae": 0.1258173679116062,
        "deltai": 0.46110828317713837,
        "eta0e": 2.20332393772892,
        "eta0i": 4.193105743590023,
        "kappa_gapee": 0.15292259367294675,
        "kappa_gapei": 0.4566644983295888,
        "kappa_gapii": 0.4978383073229951,
        "kappa_see": 1.0780008683361773,
        "kappa_sei": 6.449039871150585,
        "kappa_sie": 6.6667035440596045,
        "kappa_sii": 0.17035025487226796,
        "sigma_se": 0.08641773746246027,
        "sigma_si": 0.039058510997416154,
        "taue": 13.2138197134161,
        "taui": 17.741526345493938,
        "tauxe": 31.16376365773922,
        "tauxi": 28.522334252205056,
        "vsyn_ee": 18.984335585565866,
        "vsyn_ei": 15.51873505894248,
        "vsyn_ie": -89.40618665099603,
        "vsyn_ii": -81.6975681162117
    },
    "timestamp": 1746276498
}