{
    "fitness": 129.5662873454929,
    "generation": 0,
    "parameters": {
        "alphaee": 0.40133265940182705,
        "alphaei": 0.8327491769530442,
        "alphaie": 0.015787196819611618,
        "alphaii": 0.7336117684140722,
        "deltae": 0.06754290743530203,
        "deltai": 0.42050091680470136,
        "eta0e": 3.595693640827059,
        "eta0i": 3.3380816372688438,
        "kappa_gapee": 0.16366089535647488,
        "kappa_gapei": 0.31175882098522845,
        "kappa_gapii": 0.06421314212573047,
        "kappa_see": 9.082236278845258,
        "kappa_sei": 1.7790863280213867,
        "kappa_sie": 0.04555597677124642,
        "kappa_sii": 6.237785882378303,
        "sigma_se": 0.0995898154462553,
        "sigma_si": 0.07546448082630783,
        "taue": 6.049291400103899,
        "taui": 16.886758980766043,
        "tauxe": 20.304122910404892,
        "tauxi": 29.157873405616925,
        "vsyn_ee": 19.49460314771339,
        "vsyn_ei": 19.285698269574688,
        "vsyn_ie": -2.7326743052639273,
        "vsyn_ii": -99.3306103079473
    },
    "timestamp": 1746276912
}