{
    "fitness": 45.93782309559398,
    "generation": 0,
    "parameters": {
        "alphaee": 0.793584208786106,
        "alphaei": 0.01,
        "alphaie": 0.1556921263079053,
        "alphaii": 0.8462292929958949,
        "deltae": 0.1258173679116062,
        "deltai": 0.5635681151694439,
        "eta0e": 1.375091669915201,
        "eta0i": 0.5493637160220521,
        "kappa_gapee": 0.0,
        "kappa_gapei": 0.38806124644023093,
        "kappa_gapii": 0.61625404935884,
        "kappa_see": 3.9088011169610146,
        "kappa_sei": 6.449039871150585,
        "kappa_sie": 7.662702276830202,
        "kappa_sii": 9.004536317902419,
        "sigma_se": 0.06572510601463945,
        "sigma_si": 0.09874504435076333,
        "taue": 8.514639557774967,
        "taui": 10.001240020453467,
        "tauxe": 30.891585158771345,
        "tauxi": 41.84009115186784,
        "vsyn_ee": 11.926698147396545,
        "vsyn_ei": 14.48724648400051,
        "vsyn_ie": -56.339644191636246,
        "vsyn_ii": -81.10736821856202
    },
    "timestamp": 1746276782
}