{
    "fitness": 102.96501044298064,
    "generation": 0,
    "parameters": {
        "alphaee": 0.23755937842828195,
        "alphaei": 0.7423352698552406,
        "alphaie": 0.8771480775051159,
        "alphaii": 0.3705654642149643,
        "deltae": 0.13379133076217936,
        "deltai": 0.5066744046375824,
        "eta0e": 1.2160972342207335,
        "eta0i": 4.6344131283617935,
        "kappa_gapee": 0.10536552824038495,
        "kappa_gapei": 0.4579772923350701,
        "kappa_gapii": 0.656812205844745,
        "kappa_see": 5.963909965926337,
        "kappa_sei": 6.554565910206266,
        "kappa_sie": 2.5466534810699186,
        "kappa_sii": 9.096826100620333,
        "sigma_se": 0.04780366806959601,
        "sigma_si": 0.01974438448170736,
        "taue": 5.32737197105847,
        "taui": 15.59354253921384,
        "tauxe": 99.07329632921021,
        "tauxi": 41.06223101537682,
        "vsyn_ee": 18.834451651457996,
        "vsyn_ei": 5.191667893313365,
        "vsyn_ie": -56.618557955942066,
        "vsyn_ii": -70.6492280926474
    },
    "timestamp": 1746277089
}