{
    "fitness": 66.89242920970965,
    "generation": 0,
    "parameters": {
        "alphaee": 0.1739238340607542,
        "alphaei": 0.44149850492984083,
        "alphaie": 0.5839643273799396,
        "alphaii": 0.4897777514839591,
        "deltae": 0.18670083056323838,
        "deltai": 0.05488134415909006,
        "eta0e": 4.892771243373194,
        "eta0i": 2.019801635440755,
        "kappa_gapee": 0.11680277477606965,
        "kappa_gapei": 0.161296656536393,
        "kappa_gapii": 0.07131283004871598,
        "kappa_see": 4.833228084549036,
        "kappa_sei": 9.839854132928147,
        "kappa_sie": 2.9184304861549397,
        "kappa_sii": 6.838836032387934,
        "sigma_se": 0.043375845135105444,
        "sigma_si": 0.043475490821210855,
        "taue": 8.970665290036415,
        "taui": 7.985207167205948,
        "tauxe": 58.21076064897309,
        "tauxi": 66.70900318867959,
        "vsyn_ee": 5.922747497639887,
        "vsyn_ei": 4.848478899959595,
        "vsyn_ie": -83.6533658669945,
        "vsyn_ii": -84.90480113422919
    },
    "timestamp": 1746277042
}