{
    "fitness": 46.51996618838346,
    "generation": 0,
    "parameters": {
        "alphaee": 0.8704428463464127,
        "alphaei": 0.23331146843451991,
        "alphaie": 0.4195687491082951,
        "alphaii": 0.8462292929958949,
        "deltae": 0.29620995593975064,
        "deltai": 0.45222997722561664,
        "eta0e": 2.297908678119138,
        "eta0i": 4.193105743590023,
        "kappa_gapee": 0.05017843323861457,
        "kappa_gapei": 0.4566644983295888,
        "kappa_gapii": 0.3401894500153706,
        "kappa_see": 1.0780008683361773,
        "kappa_sei": 6.536551640132754,
        "kappa_sie": 6.6667035440596045,
        "kappa_sii": 0.17035025487226796,
        "sigma_se": 0.1,
        "sigma_si": 0.1,
        "taue": 13.05526156654829,
        "taui": 17.741526345493938,
        "tauxe": 26.711767685676282,
        "tauxi": 53.19948720707339,
        "vsyn_ee": 18.810458676603517,
        "vsyn_ei": 14.48724648400051,
        "vsyn_ie": -10.783820625601123,
        "vsyn_ii": -81.71566479356487
    },
    "timestamp": 1746276179
}