{
    "fitness": 48.495255684498744,
    "generation": 0,
    "parameters": {
        "alphaee": 0.278253348367364,
        "alphaei": 0.01,
        "alphaie": 0.14753984480757415,
        "alphaii": 0.170099193518327,
        "deltae": 0.1258173679116062,
        "deltai": 0.5635681151694439,
        "eta0e": 1.375091669915201,
        "eta0i": 0.24346614338545955,
        "kappa_gapee": 0.0,
        "kappa_gapei": 0.38806124644023093,
        "kappa_gapii": 0.61625404935884,
        "kappa_see": 3.9088011169610146,
        "kappa_sei": 6.449039871150585,
        "kappa_sie": 7.662702276830202,
        "kappa_sii": 9.004536317902419,
        "sigma_se": 0.06572510601463945,
        "sigma_si": 0.09874504435076333,
        "taue": 8.514639557774967,
        "taui": 10.001240020453467,
        "tauxe": 31.16376365773922,
        "tauxi": 28.671989932865635,
        "vsyn_ee": 7.765189871495194,
        "vsyn_ei": 14.48724648400051,
        "vsyn_ie": -56.339644191636246,
        "vsyn_ii": -81.6975681162117
    },
    "timestamp": 1746276557
}