{
    "fitness": 78.6263671498237,
    "generation": 0,
    "parameters": {
        "alphaee": 0.8704428463464127,
        "alphaei": 0.24714378509332555,
        "alphaie": 0.739587480112186,
        "alphaii": 0.8462292929958949,
        "deltae": 0.14860975339335927,
        "deltai": 0.46110828317713837,
        "eta0e": 1.375091669915201,
        "eta0i": 4.193105743590023,
        "kappa_gapee": 0.11554300297812693,
        "kappa_gapei": 0.38806124644023093,
        "kappa_gapii": 0.5777653713989033,
        "kappa_see": 7.2566069322253695,
        "kappa_sei": 6.449039871150585,
        "kappa_sie": 5.279879069012511,
        "kappa_sii": 0.17035025487226796,
        "sigma_se": 0.06572510601463945,
        "sigma_si": 0.09362943619854872,
        "taue": 15.319233814194392,
        "taui": 19.192192830555626,
        "tauxe": 69.26823291061386,
        "tauxi": 28.73437931396914,
        "vsyn_ee": 12.053783764156556,
        "vsyn_ei": 14.48724648400051,
        "vsyn_ie": -56.339644191636246,
        "vsyn_ii": -33.92437248418866
    },
    "timestamp": 1746276309
}