{
    "fitness": 53.727567510354646,
    "generation": 0,
    "parameters": {
        "alphaee": 0.7224474584100523,
        "alphaei": 0.015641550593163564,
        "alphaie": 0.19191631661934766,
        "alphaii": 0.8582168623254721,
        "deltae": 0.5219886749490168,
        "deltai": 0.19197050850514408,
        "eta0e": 1.789090091128907,
        "eta0i": 1.329565686494434,
        "kappa_gapee": 0.10575101791957398,
        "kappa_gapei": 0.4084656258040453,
        "kappa_gapii": 0.2710460249720017,
        "kappa_see": 0.3944275674299233,
        "kappa_sei": 5.202107247480103,
        "kappa_sie": 2.1162127886391007,
        "kappa_sii": 4.092738108877361,
        "sigma_se": 0.03373740038074044,
        "sigma_si": 0.06638327529964873,
        "taue": 9.09336305392708,
        "taui": 21.548771097570288,
        "tauxe": 80.47269116656565,
        "tauxi": 81.38313216775664,
        "vsyn_ee": 6.540051282144785,
        "vsyn_ei": 17.873718643723866,
        "vsyn_ie": -34.37063647275998,
        "vsyn_ii": -6.70566791605907
    },
    "timestamp": 1746276971
}