{
    "fitness": 46.996803868336066,
    "generation": 0,
    "parameters": {
        "alphaee": 0.8704428463464127,
        "alphaei": 0.24714378509332555,
        "alphaie": 0.4195687491082951,
        "alphaii": 0.596315568415179,
        "deltae": 0.29830232261234113,
        "deltai": 0.46110828317713837,
        "eta0e": 1.375091669915201,
        "eta0i": 4.193105743590023,
        "kappa_gapee": 0.15292259367294675,
        "kappa_gapei": 0.4566644983295888,
        "kappa_gapii": 0.12463267859714432,
        "kappa_see": 3.9088011169610146,
        "kappa_sei": 6.449039871150585,
        "kappa_sie": 7.662702276830202,
        "kappa_sii": 0.18807688467728104,
        "sigma_se": 0.1,
        "sigma_si": 0.1,
        "taue": 15.519309496397849,
        "taui": 17.741526345493938,
        "tauxe": 26.48398561672805,
        "tauxi": 28.671989932865635,
        "vsyn_ee": 18.984335585565866,
        "vsyn_ei": 14.247325109177101,
        "vsyn_ie": -10.783820625601123,
        "vsyn_ii": -33.92437248418866
    },
    "timestamp": 1746276605
}