{
    "fitness": 51.777586853093105,
    "generation": 0,
    "parameters": {
        "alphaee": 0.793584208786106,
        "alphaei": 0.01,
        "alphaie": 0.14753984480757415,
        "alphaii": 0.01,
        "deltae": 0.23550889887252302,
        "deltai": 0.46110828317713837,
        "eta0e": 1.375091669915201,
        "eta0i": 0.24346614338545955,
        "kappa_gapee": 0.05017843323861457,
        "kappa_gapei": 0.12571027956798764,
        "kappa_gapii": 0.7046913044223789,
        "kappa_see": 3.9088011169610146,
        "kappa_sei": 6.449039871150585,
        "kappa_sie": 7.678413526534198,
        "kappa_sii": 2.8412363389956607,
        "sigma_se": 0.06572510601463945,
        "sigma_si": 0.039058510997416154,
        "taue": 8.514639557774967,
        "taui": 10.001240020453467,
        "tauxe": 31.187032079354434,
        "tauxi": 41.84009115186784,
        "vsyn_ee": 7.684294761463305,
        "vsyn_ei": 14.48724648400051,
        "vsyn_ie": -56.339644191636246,
        "vsyn_ii": -33.64184798177004
    },
    "timestamp": 1746276404
}