{
    "fitness": 112.69247649504427,
    "generation": 0,
    "parameters": {
        "alphaee": 0.3627744419990317,
        "alphaei": 0.2745521848924528,
        "alphaie": 0.2106772741531742,
        "alphaii": 0.17937287609324284,
        "deltae": 0.33136405467037217,
        "deltai": 0.16234041116054132,
        "eta0e": 3.274091654468943,
        "eta0i": 1.403703351670977,
        "kappa_gapee": 0.09694582641223923,
        "kappa_gapei": 0.46042270033977506,
        "kappa_gapii": 0.2272090609694352,
        "kappa_see": 2.131681794289394,
        "kappa_sei": 6.246435808327613,
        "kappa_sie": 2.3726093936190873,
        "kappa_sii": 6.920015223518954,
        "sigma_se": 0.01433716272347376,
        "sigma_si": 0.03780828444026298,
        "taue": 7.987819207470889,
        "taui": 20.56129749050758,
        "tauxe": 69.8889613760559,
        "tauxi": 59.08673827650098,
        "vsyn_ee": 16.842470383783322,
        "vsyn_ei": 6.21742937633788,
        "vsyn_ie": -72.22763421827847,
        "vsyn_ii": -58.24320290054299
    },
    "timestamp": 1746276983
}