{
    "fitness": 49.343519696907784,
    "generation": 0,
    "parameters": {
        "alphaee": 0.2959905712135455,
        "alphaei": 0.34803895490753406,
        "alphaie": 0.23840817380117313,
        "alphaii": 0.9989116648762919,
        "deltae": 0.3825523211640017,
        "deltai": 0.5635681151694439,
        "eta0e": 2.20332393772892,
        "eta0i": 4.243810980175259,
        "kappa_gapee": 0.0,
        "kappa_gapei": 0.4956466460342629,
        "kappa_gapii": 0.61625404935884,
        "kappa_see": 3.9088011169610146,
        "kappa_sei": 6.449039871150585,
        "kappa_sie": 7.623800351205184,
        "kappa_sii": 9.004536317902419,
        "sigma_se": 0.08641773746246027,
        "sigma_si": 0.09874504435076333,
        "taue": 8.514639557774967,
        "taui": 17.741526345493938,
        "tauxe": 31.187032079354434,
        "tauxi": 41.84009115186784,
        "vsyn_ee": 12.053783764156556,
        "vsyn_ei": 15.51873505894248,
        "vsyn_ie": -89.40618665099603,
        "vsyn_ii": -81.6975681162117
    },
    "timestamp": 1746276357
}