{
    "fitness": 48.916906943064895,
    "generation": 0,
    "parameters": {
        "alphaee": 0.8171533102298737,
        "alphaei": 0.7845287262629929,
        "alphaie": 0.35878242905296454,
        "alphaii": 0.9990177089774652,
        "deltae": 0.5606616354646915,
        "deltai": 0.48334482575998544,
        "eta0e": 4.324180021516208,
        "eta0i": 4.084458656936538,
        "kappa_gapee": 0.13822996174140287,
        "kappa_gapei": 0.3708842572183824,
        "kappa_gapii": 0.44998690704313127,
        "kappa_see": 8.662168474180067,
        "kappa_sei": 2.4498258942157385,
        "kappa_sie": 8.922140302877988,
        "kappa_sii": 9.691903012914024,
        "sigma_se": 0.0645702688729685,
        "sigma_si": 0.035447106260514574,
        "taue": 14.593428886719854,
        "taui": 16.48992102972774,
        "tauxe": 32.18486076019773,
        "tauxi": 88.56681049849341,
        "vsyn_ee": 3.833416750008269,
        "vsyn_ei": 4.146100344429218,
        "vsyn_ie": -96.16957921387915,
        "vsyn_ii": -33.946047522546934
    },
    "timestamp": 1746276936
}