{
    "fitness": 58.19888913704546,
    "generation": 0,
    "parameters": {
        "alphaee": 0.5718913962049658,
        "alphaei": 0.07687902003233556,
        "alphaie": 0.7157552925808083,
        "alphaii": 0.010040544946555593,
        "deltae": 0.18242420383564528,
        "deltai": 0.08963235617002269,
        "eta0e": 1.1826413618662233,
        "eta0i": 4.797902008505568,
        "kappa_gapee": 0.013825902222664582,
        "kappa_gapei": 0.2499004491964709,
        "kappa_gapii": 0.10965900108553733,
        "kappa_see": 0.8503841624460146,
        "kappa_sei": 8.274363686131418,
        "kappa_sie": 4.055408986860805,
        "kappa_sii": 7.401380544484714,
        "sigma_se": 0.05966148968895868,
        "sigma_si": 0.08083393283050373,
        "taue": 8.113721547912299,
        "taui": 7.583029484976562,
        "tauxe": 40.073589968276785,
        "tauxi": 49.09327686133345,
        "vsyn_ee": 16.183066186456415,
        "vsyn_ei": 2.446731108681691,
        "vsyn_ie": -83.54706440553554,
        "vsyn_ii": -46.93858035622306
    },
    "timestamp": 1746276889
}