{
    "fitness": 62.618464748453476,
    "generation": 0,
    "parameters": {
        "alphaee": 0.793584208786106,
        "alphaei": 0.08310201183233125,
        "alphaie": 0.14753984480757415,
        "alphaii": 0.14193648263812303,
        "deltae": 0.1258173679116062,
        "deltai": 0.46110828317713837,
        "eta0e": 0.5606980941674728,
        "eta0i": 0.24346614338545955,
        "kappa_gapee": 0.05017843323861457,
        "kappa_gapei": 0.38806124644023093,
        "kappa_gapii": 0.17139042675507749,
        "kappa_see": 7.282205928726163,
        "kappa_sei": 6.449039871150585,
        "kappa_sie": 5.279879069012511,
        "kappa_sii": 2.8412363389956607,
        "sigma_se": 0.061491398623451175,
        "sigma_si": 0.09874504435076333,
        "taue": 15.519309496397849,
        "taui": 19.192192830555626,
        "tauxe": 69.26823291061386,
        "tauxi": 28.658755793872356,
        "vsyn_ee": 7.765189871495194,
        "vsyn_ei": 14.605009233912625,
        "vsyn_ie": -56.339644191636246,
        "vsyn_ii": -5.487312791583123
    },
    "timestamp": 1746276545
}