{
    "fitness": 63.29191206300126,
    "generation": 0,
    "parameters": {
        "alphaee": 0.5597575245431262,
        "alphaei": 0.5758801994928459,
        "alphaie": 0.02596449652723517,
        "alphaii": 0.8996676109542188,
        "deltae": 0.47486113657505286,
        "deltai": 0.15155642501295274,
        "eta0e": 2.675190026074385,
        "eta0i": 1.2726881327668278,
        "kappa_gapee": 0.13890647718645363,
        "kappa_gapei": 0.1280630880936268,
        "kappa_gapii": 0.5680719644300812,
        "kappa_see": 4.01431486675152,
        "kappa_sei": 0.061993114862240004,
        "kappa_sie": 8.936896705416487,
        "kappa_sii": 9.23500263656735,
        "sigma_se": 0.05662369298712273,
        "sigma_si": 0.013356580223357437,
        "taue": 7.776883977394762,
        "taui": 18.70966452663243,
        "tauxe": 49.83006018407963,
        "tauxi": 85.41053045004125,
        "vsyn_ee": 4.0201133117826195,
        "vsyn_ei": 1.01327691470803,
        "vsyn_ie": -18.713884386949857,
        "vsyn_ii": -9.6152657631592
    },
    "timestamp": 1746277065
}