{
    "fitness": 50.3126239188156,
    "generation": 0,
    "parameters": {
        "alphaee": 0.2959905712135455,
        "alphaei": 0.34803895490753406,
        "alphaie": 0.14753984480757415,
        "alphaii": 0.170099193518327,
        "deltae": 0.39652105152755013,
        "deltai": 0.5159937080113224,
        "eta0e": 1.4450712904819156,
        "eta0i": 4.021850319720298,
        "kappa_gapee": 0.05017843323861457,
        "kappa_gapei": 0.4956466460342629,
        "kappa_gapii": 0.4978383073229951,
        "kappa_see": 5.40415035084021,
        "kappa_sei": 3.541382489763027,
        "kappa_sie": 7.662702276830202,
        "kappa_sii": 0.17035025487226796,
        "sigma_se": 0.061491398623451175,
        "sigma_si": 0.039058510997416154,
        "taue": 15.519309496397849,
        "taui": 19.192192830555626,
        "tauxe": 41.74962276263436,
        "tauxi": 41.427253218338016,
        "vsyn_ee": 18.984335585565866,
        "vsyn_ei": 15.51873505894248,
        "vsyn_ie": -56.339644191636246,
        "vsyn_ii": -5.128771725193232
    },
    "timestamp": 1746276073
}