{
    "fitness": 49.68381433020462,
    "generation": 0,
    "parameters": {
        "alphaee": 0.2959905712135455,
        "alphaei": 0.24714378509332555,
        "alphaie": 0.4195687491082951,
        "alphaii": 0.2346738963292085,
        "deltae": 0.29620995593975064,
        "deltai": 0.5159937080113224,
        "eta0e": 1.4450712904819156,
        "eta0i": 4.021850319720298,
        "kappa_gapee": 0.09107008843453238,
        "kappa_gapei": 0.4566644983295888,
        "kappa_gapii": 0.10220102893685919,
        "kappa_see": 5.40415035084021,
        "kappa_sei": 3.541382489763027,
        "kappa_sie": 7.662702276830202,
        "kappa_sii": 9.07668828909104,
        "sigma_se": 0.1,
        "sigma_si": 0.01,
        "taue": 15.519309496397849,
        "taui": 17.741526345493938,
        "tauxe": 41.74962276263436,
        "tauxi": 53.15466757160332,
        "vsyn_ee": 19.056421188935733,
        "vsyn_ei": 10.620780018350139,
        "vsyn_ie": -10.783820625601123,
        "vsyn_ii": -81.71566479356487
    },
    "timestamp": 1746276262
}