{
    "fitness": 47.834504768649836,
    "generation": 0,
    "parameters": {
        "alphaee": 0.8704428463464127,
        "alphaei": 0.5514306139651574,
        "alphaie": 0.38530824372598477,
        "alphaii": 0.14193648263812303,
        "deltae": 0.39652105152755013,
        "deltai": 0.46110828317713837,
        "eta0e": 1.375091669915201,
        "eta0i": 0.24346614338545955,
        "kappa_gapee": 0.09107008843453238,
        "kappa_gapei": 0.32582465383771575,
        "kappa_gapii": 0.4978383073229951,
        "kappa_see": 9.423176075934641,
        "kappa_sei": 3.541382489763027,
        "kappa_sie": 4.990802633072601,
        "kappa_sii": 2.8412363389956607,
        "sigma_se": 0.08641773746246027,
        "sigma_si": 0.08735413138321653,
        "taue": 15.519309496397849,
        "taui": 9.492881014925965,
        "tauxe": 26.578726939222186,
        "tauxi": 55.058301940320234,
        "vsyn_ee": 11.440759461409602,
        "vsyn_ei": 14.48724648400051,
        "vsyn_ie": -76.51839078610047,
        "vsyn_ii": -33.64184798177004
    },
    "timestamp": 1746276877
}