{
    "fitness": 47.038459900846135,
    "generation": 0,
    "parameters": {
        "alphaee": 0.793584208786106,
        "alphaei": 0.2997828635989367,
        "alphaie": 0.3040867511996971,
        "alphaii": 0.9989116648762919,
        "deltae": 0.39652105152755013,
        "deltai": 0.5159937080113224,
        "eta0e": 2.297908678119138,
        "eta0i": 4.021850319720298,
        "kappa_gapee": 0.15292259367294675,
        "kappa_gapei": 0.4566644983295888,
        "kappa_gapii": 0.4978383073229951,
        "kappa_see": 1.0780008683361773,
        "kappa_sei": 8.511816206327671,
        "kappa_sie": 6.546972833628279,
        "kappa_sii": 0.17035025487226796,
        "sigma_se": 0.1,
        "sigma_si": 0.01,
        "taue": 13.261941683760952,
        "taui": 19.24412835439575,
        "tauxe": 41.74962276263436,
        "tauxi": 53.19948720707339,
        "vsyn_ee": 18.984335585565866,
        "vsyn_ei": 15.51873505894248,
        "vsyn_ie": -10.783820625601123,
        "vsyn_ii": -81.71566479356487
    },
    "timestamp": 1746276132
}