{
    "fitness": 62.34056644203452,
    "generation": 0,
    "parameters": {
        "alphaee": 0.278253348367364,
        "alphaei": 0.08310201183233125,
        "alphaie": 0.12024090705581665,
        "alphaii": 0.170099193518327,
        "deltae": 0.1258173679116062,
        "deltai": 0.5635681151694439,
        "eta0e": 0.7045320266633193,
        "eta0i": 0.24346614338545955,
        "kappa_gapee": 0.05017843323861457,
        "kappa_gapei": 0.38806124644023093,
        "kappa_gapii": 0.5523242674914834,
        "kappa_see": 7.282205928726163,
        "kappa_sei": 6.449039871150585,
        "kappa_sie": 5.279879069012511,
        "kappa_sii": 2.8412363389956607,
        "sigma_se": 0.016161226009891866,
        "sigma_si": 0.039058510997416154,
        "taue": 15.12538067769998,
        "taui": 19.192192830555626,
        "tauxe": 31.16376365773922,
        "tauxi": 41.478854085898746,
        "vsyn_ee": 12.053783764156556,
        "vsyn_ei": 14.48724648400051,
        "vsyn_ie": -56.339644191636246,
        "vsyn_ii": -33.46527735971709
    },
    "timestamp": 1746276746
}