{
    "fitness": 64.59762619034562,
    "generation": 0,
    "parameters": {
        "alphaee": 0.7604522841796286,
        "alphaei": 0.2997828635989367,
        "alphaie": 0.3040867511996971,
        "alphaii": 0.170099193518327,
        "deltae": 0.1258173679116062,
        "deltai": 0.46110828317713837,
        "eta0e": 0.7045320266633193,
        "eta0i": 0.24346614338545955,
        "kappa_gapee": 0.0,
        "kappa_gapei": 0.4956466460342629,
        "kappa_gapii": 0.5523242674914834,
        "kappa_see": 5.40415035084021,
        "kappa_sei": 3.541382489763027,
        "kappa_sie": 7.662702276830202,
        "kappa_sii": 9.004536317902419,
        "sigma_se": 0.06572510601463945,
        "sigma_si": 0.09874504435076333,
        "taue": 15.692199200770014,
        "taui": 9.917893261803918,
        "tauxe": 69.33165658369468,
        "tauxi": 41.478854085898746,
        "vsyn_ee": 11.588472877933073,
        "vsyn_ei": 10.620780018350139,
        "vsyn_ie": -56.339644191636246,
        "vsyn_ii": -5.128771725193232
    },
    "timestamp": 1746276439
}