{
    "fitness": 74.18146129125955,
    "generation": 0,
    "parameters": {
        "alphaee": 0.5350510345238837,
        "alphaei": 0.44338907998736005,
        "alphaie": 0.5335018273826118,
        "alphaii": 0.4264884106768423,
        "deltae": 0.49300317741468885,
        "deltai": 0.15976666989948957,
        "eta0e": 3.0195909345309486,
        "eta0i": 2.6473950655859078,
        "kappa_gapee": 0.03256008575904161,
        "kappa_gapei": 0.34044867082995756,
        "kappa_gapii": 0.20534449437068206,
        "kappa_see": 6.447670063762034,
        "kappa_sei": 0.6173227675938935,
        "kappa_sie": 3.800006529913742,
        "kappa_sii": 0.8634395813093513,
        "sigma_se": 0.03801668669852651,
        "sigma_si": 0.07106386279031089,
        "taue": 14.044528130811404,
        "taui": 12.84109838471451,
        "tauxe": 75.2116875980332,
        "tauxi": 43.03119099040448,
        "vsyn_ee": 17.13813290851854,
        "vsyn_ei": 12.746822954997047,
        "vsyn_ie": -17.272544533913575,
        "vsyn_ii": -9.10042644905704
    },
    "timestamp": 1746276995
}