{
    "fitness": 47.43345252260308,
    "generation": 0,
    "parameters": {
        "alphaee": 0.8704428463464127,
        "alphaei": 0.24714378509332555,
        "alphaie": 0.14753984480757415,
        "alphaii": 0.5216354785108228,
        "deltae": 0.40417143348262835,
        "deltai": 0.46110828317713837,
        "eta0e": 1.375091669915201,
        "eta0i": 4.867742767332486,
        "kappa_gapee": 0.15292259367294675,
        "kappa_gapei": 0.4956466460342629,
        "kappa_gapii": 0.4978383073229951,
        "kappa_see": 9.423176075934641,
        "kappa_sei": 6.449039871150585,
        "kappa_sie": 6.6667035440596045,
        "kappa_sii": 0.17035025487226796,
        "sigma_se": 0.09109506557145501,
        "sigma_si": 0.1,
        "taue": 15.519309496397849,
        "taui": 19.192192830555626,
        "tauxe": 26.578726939222186,
        "tauxi": 55.058301940320234,
        "vsyn_ee": 7.765189871495194,
        "vsyn_ei": 14.48724648400051,
        "vsyn_ie": -76.51839078610047,
        "vsyn_ii": -33.64184798177004
    },
    "timestamp": 1746276109
}