{
    "fitness": 45.49937494068789,
    "generation": 0,
    "parameters": {
        "alphaee": 0.278253348367364,
        "alphaei": 0.24714378509332555,
        "alphaie": 0.3596229962701588,
        "alphaii": 0.14193648263812303,
        "deltae": 0.1258173679116062,
        "deltai": 0.5635681151694439,
        "eta0e": 0.5783515349379609,
        "eta0i": 4.193105743590023,
        "kappa_gapee": 0.09107008843453238,
        "kappa_gapei": 0.4566644983295888,
        "kappa_gapii": 0.5947192820424131,
        "kappa_see": 5.40415035084021,
        "kappa_sei": 3.541382489763027,
        "kappa_sie": 6.6667035440596045,
        "kappa_sii": 0.17035025487226796,
        "sigma_se": 0.061491398623451175,
        "sigma_si": 0.09874504435076333,
        "taue": 15.519309496397849,
        "taui": 17.741526345493938,
        "tauxe": 31.16376365773922,
        "tauxi": 41.478854085898746,
        "vsyn_ee": 11.49175681633225,
        "vsyn_ei": 10.620780018350139,
        "vsyn_ie": -56.339644191636246,
        "vsyn_ii": -33.64184798177004
    },
    "timestamp": 1746276274
}