{
    "fitness": 69.19319802757617,
    "generation": 0,
    "parameters": {
        "alphaee": 0.278253348367364,
        "alphaei": 0.08310201183233125,
        "alphaie": 0.23840817380117313,
        "alphaii": 0.8462292929958949,
        "deltae": 0.1258173679116062,
        "deltai": 0.5635681151694439,
        "eta0e": 1.375091669915201,
        "eta0i": 0.24346614338545955,
        "kappa_gapee": 0.0,
        "kappa_gapei": 0.38806124644023093,
        "kappa_gapii": 0.12463267859714432,
        "kappa_see": 7.282205928726163,
        "kappa_sei": 6.449039871150585,
        "kappa_sie": 7.662702276830202,
        "kappa_sii": 9.004536317902419,
        "sigma_se": 0.01,
        "sigma_si": 0.09874504435076333,
        "taue": 15.519309496397849,
        "taui": 19.192192830555626,
        "tauxe": 31.16376365773922,
        "tauxi": 28.671989932865635,
        "vsyn_ee": 12.053783764156556,
        "vsyn_ei": 14.645284056646172,
        "vsyn_ie": -89.40618665099603,
        "vsyn_ii": -81.6975681162117
    },
    "timestamp": 1746276392
}