{
    "fitness": 47.5422662907666,
    "generation": 0,
    "parameters": {
        "alphaee": 0.278253348367364,
        "alphaei": 0.24714378509332555,
        "alphaie": 0.14753984480757415,
        "alphaii": 0.8462292929958949,
        "deltae": 0.1258173679116062,
        "deltai": 0.46110828317713837,
        "eta0e": 1.375091669915201,
        "eta0i": 4.193105743590023,
        "kappa_gapee": 0.05017843323861457,
        "kappa_gapei": 0.4566644983295888,
        "kappa_gapii": 0.5777653713989033,
        "kappa_see": 7.282205928726163,
        "kappa_sei": 6.536551640132754,
        "kappa_sie": 6.6667035440596045,
        "kappa_sii": 0.17035025487226796,
        "sigma_se": 0.1,
        "sigma_si": 0.09362943619854872,
        "taue": 15.519309496397849,
        "taui": 19.192192830555626,
        "tauxe": 31.16376365773922,
        "tauxi": 28.73437931396914,
        "vsyn_ee": 7.765189871495194,
        "vsyn_ei": 14.48724648400051,
        "vsyn_ie": -89.40618665099603,
        "vsyn_ii": -33.64184798177004
    },
    "timestamp": 1746276617
}