{
    "fitness": 47.91504996426953,
    "generation": 0,
    "parameters": {
        "alphaee": 0.278253348367364,
        "alphaei": 0.8282223796842773,
        "alphaie": 0.38530824372598477,
        "alphaii": 0.170099193518327,
        "deltae": 0.3116301012965478,
        "deltai": 0.5635681151694439,
        "eta0e": 1.375091669915201,
        "eta0i": 0.24346614338545955,
        "kappa_gapee": 0.09107008843453238,
        "kappa_gapei": 0.38806124644023093,
        "kappa_gapii": 0.5523242674914834,
        "kappa_see": 5.40415035084021,
        "kappa_sei": 6.449039871150585,
        "kappa_sie": 7.662702276830202,
        "kappa_sii": 2.8412363389956607,
        "sigma_se": 0.061491398623451175,
        "sigma_si": 0.039058510997416154,
        "taue": 15.319233814194392,
        "taui": 9.492881014925965,
        "tauxe": 31.31343307889113,
        "tauxi": 41.478854085898746,
        "vsyn_ee": 11.588472877933073,
        "vsyn_ei": 14.48724648400051,
        "vsyn_ie": -56.339644191636246,
        "vsyn_ii": -5.128771725193232
    },
    "timestamp": 1746276640
}