{
    "fitness": 129.8064242148499,
    "generation": 0,
    "parameters": {
        "alphaee": 0.4037960670427453,
        "alphaei": 0.09052069348274616,
        "alphaie": 0.46053473063243633,
        "alphaii": 0.4265655462334311,
        "deltae": 0.23823097241494973,
        "deltai": 0.5025893110483755,
        "eta0e": 1.9514006010324456,
        "eta0i": 4.478915841068724,
        "kappa_gapee": 0.04788040876147237,
        "kappa_gapei": 0.38658406206498425,
        "kappa_gapii": 0.5438449343095392,
        "kappa_see": 7.7034393853436,
        "kappa_sei": 3.5462960333157874,
        "kappa_sie": 0.5420059598582797,
        "kappa_sii": 8.443542882381866,
        "sigma_se": 0.03155551274286901,
        "sigma_si": 0.026605936694552537,
        "taue": 6.1797522281928146,
        "taui": 24.456846563299376,
        "tauxe": 54.106479237379844,
        "tauxi": 92.60061140208228,
        "vsyn_ee": 17.522168420035936,
        "vsyn_ei": 14.27675273192477,
        "vsyn_ie": -61.95881740938149,
        "vsyn_ii": -79.71113653313121
    },
    "timestamp": 1746276960
}