{
    "fitness": 49.54829095814315,
    "generation": 0,
    "parameters": {
        "alphaee": 0.42678363417014087,
        "alphaei": 0.08310201183233125,
        "alphaie": 0.14753984480757415,
        "alphaii": 0.9989116648762919,
        "deltae": 0.1258173679116062,
        "deltai": 0.46110828317713837,
        "eta0e": 2.20332393772892,
        "eta0i": 0.027473277090796805,
        "kappa_gapee": 0.05017843323861457,
        "kappa_gapei": 0.38806124644023093,
        "kappa_gapii": 0.4978383073229951,
        "kappa_see": 7.682913451927354,
        "kappa_sei": 8.47386993764025,
        "kappa_sie": 7.662702276830202,
        "kappa_sii": 2.8412363389956607,
        "sigma_se": 0.06572510601463945,
        "sigma_si": 0.039058510997416154,
        "taue": 13.2138197134161,
        "taui": 17.741526345493938,
        "tauxe": 41.74962276263436,
        "tauxi": 79.28423343493968,
        "vsyn_ee": 7.765189871495194,
        "vsyn_ei": 14.48724648400051,
        "vsyn_ie": -89.40618665099603,
        "vsyn_ii": -81.6975681162117
    },
    "timestamp": 1746276829
}