{
    "fitness": 47.90626940201187,
    "generation": 0,
    "parameters": {
        "alphaee": 0.5591446244799128,
        "alphaei": 0.5346160973412657,
        "alphaie": 0.6229579147899958,
        "alphaii": 0.7339504596978076,
        "deltae": 0.1577673341194977,
        "deltai": 0.5372999576045276,
        "eta0e": 0.020652395200397005,
        "eta0i": 2.1580036252629107,
        "kappa_gapee": 0.07483363920693631,
        "kappa_gapei": 0.15184407237105582,
        "kappa_gapii": 0.03472416018252442,
        "kappa_see": 5.224214704589971,
        "kappa_sei": 0.8141942445376101,
        "kappa_sie": 6.0361581247706555,
        "kappa_sii": 3.90960862588185,
        "sigma_se": 0.03767492870370658,
        "sigma_si": 0.04448237297079601,
        "taue": 20.208867008973886,
        "taui": 7.783098732009988,
        "tauxe": 53.38858756991215,
        "tauxi": 53.71874909449148,
        "vsyn_ee": 17.994683899725963,
        "vsyn_ei": 13.081017317583706,
        "vsyn_ie": -30.439729727188777,
        "vsyn_ii": -34.97130238393049
    },
    "timestamp": 1746276948
}