{
    "fitness": 240.6587178734256,
    "generation": 0,
    "parameters": {
        "alphaee": 0.7594422803233208,
        "alphaei": 0.08090372185470572,
        "alphaie": 0.7310906117017504,
        "alphaii": 0.3566044766970732,
        "deltae": 0.3580753650621672,
        "deltai": 0.4489724305370452,
        "eta0e": 1.9790077869933853,
        "eta0i": 4.0049466982122075,
        "kappa_gapee": 0.07587571057100048,
        "kappa_gapei": 0.29423316150461587,
        "kappa_gapii": 0.6225504381216127,
        "kappa_see": 9.507983391127626,
        "kappa_sei": 1.9215907791176807,
        "kappa_sie": 1.5079156917207186,
        "kappa_sii": 8.69632802877152,
        "sigma_se": 0.015624181159024718,
        "sigma_si": 0.07142085737037926,
        "taue": 21.661592987276286,
        "taui": 14.46013814418694,
        "tauxe": 20.99012019979,
        "tauxi": 77.46214956998162,
        "vsyn_ee": 3.51036565783468,
        "vsyn_ei": 4.641958538655809,
        "vsyn_ie": -17.501163947432957,
        "vsyn_ii": -44.67500021476866
    },
    "timestamp": 1746277113
}