{
    "fitness": 51.50697121731716,
    "generation": 0,
    "parameters": {
        "alphaee": 0.5494681951971072,
        "alphaei": 0.38058463836679635,
        "alphaie": 0.25153795843302224,
        "alphaii": 0.2831120959927342,
        "deltae": 0.39470178527564204,
        "deltai": 0.5606964812696671,
        "eta0e": 3.5099238752789046,
        "eta0i": 1.3183330025815518,
        "kappa_gapee": 0.13550697332036063,
        "kappa_gapei": 0.41524058087694554,
        "kappa_gapii": 0.014856850440644165,
        "kappa_see": 2.904874075252253,
        "kappa_sei": 7.569274784575689,
        "kappa_sie": 6.183297319806908,
        "kappa_sii": 7.377029758143785,
        "sigma_se": 0.08385141690573512,
        "sigma_si": 0.06801245663347229,
        "taue": 8.102868024427305,
        "taui": 6.596456565737016,
        "tauxe": 86.42272743219931,
        "tauxi": 60.74775476821716,
        "vsyn_ee": 16.85013677355264,
        "vsyn_ei": 18.07332489520358,
        "vsyn_ie": -19.58105281232004,
        "vsyn_ii": -66.49349734038351
    },
    "timestamp": 1746277053
}