{
    "fitness": 175.28697586933254,
    "generation": 0,
    "parameters": {
        "alphaee": 0.793584208786106,
        "alphaei": 0.2997828635989367,
        "alphaie": 0.3040867511996971,
        "alphaii": 0.9989116648762919,
        "deltae": 0.29620995593975064,
        "deltai": 0.46110828317713837,
        "eta0e": 2.20332393772892,
        "eta0i": 4.193105743590023,
        "kappa_gapee": 0.09107008843453238,
        "kappa_gapei": 0.4956466460342629,
        "kappa_gapii": 0.4978383073229951,
        "kappa_see": 1.0780008683361773,
        "kappa_sei": 8.47386993764025,
        "kappa_sie": 7.662702276830202,
        "kappa_sii": 9.07668828909104,
        "sigma_se": 0.01,
        "sigma_si": 0.039058510997416154,
        "taue": 13.2138197134161,
        "taui": 17.741526345493938,
        "tauxe": 69.33165658369468,
        "tauxi": 79.28423343493968,
        "vsyn_ee": 11.588472877933073,
        "vsyn_ei": 10.620780018350139,
        "vsyn_ie": -89.40618665099603,
        "vsyn_ii": -81.6975681162117
    },
    "timestamp": 1746276061
}