{
    "fitness": 49.02586613428925,
    "generation": 0,
    "parameters": {
        "alphaee": 0.22801198140067777,
        "alphaei": 0.31298059300110925,
        "alphaie": 0.6947762588852314,
        "alphaii": 0.826017645995856,
        "deltae": 0.2035097324766632,
        "deltai": 0.2668808640887524,
        "eta0e": 1.0820048546271277,
        "eta0i": 4.88861759433154,
        "kappa_gapee": 0.1385565440326132,
        "kappa_gapei": 0.4744647442839696,
        "kappa_gapii": 0.08661867931509856,
        "kappa_see": 4.536505366636381,
        "kappa_sei": 8.010709776152824,
        "kappa_sie": 5.254820399564674,
        "kappa_sii": 1.9443921415744898,
        "sigma_se": 0.07093529752795803,
        "sigma_si": 0.08459393081691216,
        "taue": 17.70958820102785,
        "taui": 16.816629286882552,
        "tauxe": 44.74211478884854,
        "tauxi": 32.40246346481723,
        "vsyn_ee": 13.464375008130917,
        "vsyn_ei": 9.276819775361627,
        "vsyn_ie": -93.18950683685564,
        "vsyn_ii": -45.753750838157295
    },
    "timestamp": 1746277018
}