{
    "fitness": 47.99190225920975,
    "generation": 0,
    "parameters": {
        "alphaee": 0.793584208786106,
        "alphaei": 0.01,
        "alphaie": 0.14753984480757415,
        "alphaii": 0.15624032929698886,
        "deltae": 0.40417143348262835,
        "deltai": 0.5635681151694439,
        "eta0e": 1.345489201059246,
        "eta0i": 4.867742767332486,
        "kappa_gapee": 0.11236499112222641,
        "kappa_gapei": 0.38806124644023093,
        "kappa_gapii": 0.4978383073229951,
        "kappa_see": 3.9088011169610146,
        "kappa_sei": 6.449039871150585,
        "kappa_sie": 7.662702276830202,
        "kappa_sii": 2.8412363389956607,
        "sigma_se": 0.06572510601463945,
        "sigma_si": 0.08735413138321653,
        "taue": 8.514639557774967,
        "taui": 9.734424622866165,
        "tauxe": 26.578726939222186,
        "tauxi": 41.84009115186784,
        "vsyn_ee": 12.053783764156556,
        "vsyn_ei": 14.48724648400051,
        "vsyn_ie": -76.51839078610047,
        "vsyn_ii": -81.80255970199683
    },
    "timestamp": 1746276711
}