{
    "fitness": 48.59073877093021,
    "generation": 0,
    "parameters": {
        "alphaee": 0.40069667732845016,
        "alphaei": 0.757427773812864,
        "alphaie": 0.8985916710524817,
        "alphaii": 0.17212485229111563,
        "deltae": 0.3325442666392797,
        "deltai": 0.13091521086847274,
        "eta0e": 1.514123534668709,
        "eta0i": 0.08870521142142657,
        "kappa_gapee": 0.09383215820207291,
        "kappa_gapei": 0.46943655765597314,
        "kappa_gapii": 0.616289757201228,
        "kappa_see": 8.810174790379424,
        "kappa_sei": 4.545103574761307,
        "kappa_sie": 5.342644586780336,
        "kappa_sii": 7.284843699931722,
        "sigma_se": 0.0565555946038864,
        "sigma_si": 0.08819747607141111,
        "taue": 8.49406140643854,
        "taui": 6.207228055379558,
        "tauxe": 91.3591649161879,
        "tauxi": 99.87037917559513,
        "vsyn_ee": 7.252465383930774,
        "vsyn_ei": 13.922442758924486,
        "vsyn_ie": -83.83364975389759,
        "vsyn_ii": -93.19452958569146
    },
    "timestamp": 1746277077
}