{
    "fitness": 48.99798075299203,
    "generation": 0,
    "parameters": {
        "alphaee": 0.6427811325772282,
        "alphaei": 0.3706518745140526,
        "alphaie": 0.4347629844919757,
        "alphaii": 0.8815561908523106,
        "deltae": 0.05831345835361363,
        "deltai": 0.41644600403207116,
        "eta0e": 3.7497602041807294,
        "eta0i": 1.8068630645397665,
        "kappa_gapee": 0.11090756149273849,
        "kappa_gapei": 0.32616127986583626,
        "kappa_gapii": 0.35527162084994124,
        "kappa_see": 4.398586012902045,
        "kappa_sei": 2.6788819859112847,
        "kappa_sie": 4.988886879966839,
        "kappa_sii": 8.361339971393209,
        "sigma_se": 0.06857413569606316,
        "sigma_si": 0.08718761086515284,
        "taue": 13.390795079515671,
        "taui": 16.805578135282246,
        "tauxe": 52.231110906989976,
        "tauxi": 53.01434621268224,
        "vsyn_ee": 6.376446304992476,
        "vsyn_ei": 2.318758517107195,
        "vsyn_ie": -59.56573917525191,
        "vsyn_ii": -38.04636871653274
    },
    "timestamp": 1746276900
}