{
    "fitness": 51.896605637673055,
    "generation": 0,
    "parameters": {
        "alphaee": 0.8704428463464127,
        "alphaei": 0.49598493671323396,
        "alphaie": 0.739587480112186,
        "alphaii": 0.39133668277826916,
        "deltae": 0.1258173679116062,
        "deltai": 0.5688877866879639,
        "eta0e": 1.375091669915201,
        "eta0i": 4.193105743590023,
        "kappa_gapee": 0.05017843323861457,
        "kappa_gapei": 0.38806124644023093,
        "kappa_gapii": 0.5523242674914834,
        "kappa_see": 3.9088011169610146,
        "kappa_sei": 6.449039871150585,
        "kappa_sie": 5.279879069012511,
        "kappa_sii": 9.004536317902419,
        "sigma_se": 0.06572510601463945,
        "sigma_si": 0.01,
        "taue": 15.438877244067667,
        "taui": 19.482514146677484,
        "tauxe": 26.711767685676282,
        "tauxi": 28.73437931396914,
        "vsyn_ee": 12.053783764156556,
        "vsyn_ei": 14.611803118823506,
        "vsyn_ie": -10.783820625601123,
        "vsyn_ii": -21.58225759664211
    },
    "timestamp": 1746276427
}