{
    "fitness": 47.04610203062945,
    "generation": 0,
    "parameters": {
        "alphaee": 0.793584208786106,
        "alphaei": 0.5514306139651574,
        "alphaie": 0.38530824372598477,
        "alphaii": 0.14193648263812303,
        "deltae": 0.39652105152755013,
        "deltai": 0.5635681151694439,
        "eta0e": 0.5606980941674728,
        "eta0i": 0.23174820509592275,
        "kappa_gapee": 0.0566587469810966,
        "kappa_gapei": 0.32582465383771575,
        "kappa_gapii": 0.5523242674914834,
        "kappa_see": 5.40415035084021,
        "kappa_sei": 3.506080842176728,
        "kappa_sie": 5.279879069012511,
        "kappa_sii": 9.004536317902419,
        "sigma_se": 0.061491398623451175,
        "sigma_si": 0.09874504435076333,
        "taue": 15.319233814194392,
        "taui": 9.492881014925965,
        "tauxe": 69.26823291061386,
        "tauxi": 41.478854085898746,
        "vsyn_ee": 11.588472877933073,
        "vsyn_ei": 10.772162004380498,
        "vsyn_ie": -56.38969915510931,
        "vsyn_ii": -5.128771725193232
    },
    "timestamp": 1746276581
}