{
    "fitness": 46.73316818152752,
    "generation": 0,
    "parameters": {
        "alphaee": 0.7122077333514343,
        "alphaei": 0.34803895490753406,
        "alphaie": 0.4195687491082951,
        "alphaii": 0.8462292929958949,
        "deltae": 0.29620995593975064,
        "deltai": 0.5045197690074578,
        "eta0e": 2.20332393772892,
        "eta0i": 4.193105743590023,
        "kappa_gapee": 0.05017843323861457,
        "kappa_gapei": 0.40499274874672375,
        "kappa_gapii": 0.43185083176953903,
        "kappa_see": 3.9088011169610146,
        "kappa_sei": 8.47386993764025,
        "kappa_sie": 7.447224423636793,
        "kappa_sii": 0.17035025487226796,
        "sigma_se": 0.1,
        "sigma_si": 0.09362943619854872,
        "taue": 15.519309496397849,
        "taui": 17.931809742828918,
        "tauxe": 41.74962276263436,
        "tauxi": 28.73437931396914,
        "vsyn_ee": 18.984335585565866,
        "vsyn_ei": 14.48724648400051,
        "vsyn_ie": -10.783820625601123,
        "vsyn_ii": -33.92437248418866
    },
    "timestamp": 1746276239
}