{
    "fitness": 130.72263409726315,
    "generation": 0,
    "parameters": {
        "alphaee": 0.8704428463464127,
        "alphaei": 0.34803895490753406,
        "alphaie": 0.3552222864240776,
        "alphaii": 0.9989116648762919,
        "deltae": 0.29620995593975064,
        "deltai": 0.5159937080113224,
        "eta0e": 1.375091669915201,
        "eta0i": 4.193105743590023,
        "kappa_gapee": 0.11236499112222641,
        "kappa_gapei": 0.4956466460342629,
        "kappa_gapii": 0.4978383073229951,
        "kappa_see": 9.423176075934641,
        "kappa_sei": 8.47386993764025,
        "kappa_sie": 7.662702276830202,
        "kappa_sii": 0.17035025487226796,
        "sigma_se": 0.01,
        "sigma_si": 0.08735413138321653,
        "taue": 13.2138197134161,
        "taui": 17.741526345493938,
        "tauxe": 41.74962276263436,
        "tauxi": 55.058301940320234,
        "vsyn_ee": 18.984335585565866,
        "vsyn_ei": 14.48724648400051,
        "vsyn_ie": -89.40618665099603,
        "vsyn_ii": -33.64184798177004
    },
    "timestamp": 1746276202
}