{
    "fitness": 107.23687687062866,
    "generation": 0,
    "parameters": {
        "alphaee": 0.6452533361159033,
        "alphaei": 0.4571936939487942,
        "alphaie": 0.7810436068579021,
        "alphaii": 0.0950619563895091,
        "deltae": 0.5689786068016868,
        "deltai": 0.4704019147523613,
        "eta0e": 4.682441024326314,
        "eta0i": 0.6735710331163219,
        "kappa_gapee": 0.14664499794772007,
        "kappa_gapei": 0.24544308192109748,
        "kappa_gapii": 0.5861224057991986,
        "kappa_see": 7.127819339839762,
        "kappa_sei": 7.270083873592757,
        "kappa_sie": 7.388076992259491,
        "kappa_sii": 6.144646959078877,
        "sigma_se": 0.09426876644878315,
        "sigma_si": 0.02485137352264824,
        "taue": 23.93498293514375,
        "taui": 14.749754386716004,
        "tauxe": 85.57534256630566,
        "tauxi": 76.01954673758804,
        "vsyn_ee": 3.1227309117095166,
        "vsyn_ei": 2.094748894515906,
        "vsyn_ie": -71.78594584104718,
        "vsyn_ii": -18.9980465232654
    },
    "timestamp": 1746277030
}