{
    "fitness": 90.400087958564,
    "generation": 0,
    "parameters": {
        "alphaee": 0.793584208786106,
        "alphaei": 0.24714378509332555,
        "alphaie": 0.14753984480757415,
        "alphaii": 0.596315568415179,
        "deltae": 0.1258173679116062,
        "deltai": 0.46110828317713837,
        "eta0e": 1.375091669915201,
        "eta0i": 4.014711533104507,
        "kappa_gapee": 0.15292259367294675,
        "kappa_gapei": 0.4566644983295888,
        "kappa_gapii": 0.13856317622450076,
        "kappa_see": 5.40415035084021,
        "kappa_sei": 6.449039871150585,
        "kappa_sie": 7.662702276830202,
        "kappa_sii": 9.07668828909104,
        "sigma_se": 0.061491398623451175,
        "sigma_si": 0.1,
        "taue": 15.519309496397849,
        "taui": 19.35184727323679,
        "tauxe": 69.33165658369468,
        "tauxi": 41.478854085898746,
        "vsyn_ee": 11.588472877933073,
        "vsyn_ei": 14.48724648400051,
        "vsyn_ie": -89.32667742072776,
        "vsyn_ii": -5.128771725193232
    },
    "timestamp": 1746276321
}