{
    "fitness": 102.01466213951247,
    "generation": 0,
    "parameters": {
        "alphaee": 0.45292101751540137,
        "alphaei": 0.12848577471577266,
        "alphaie": 0.5776714217642342,
        "alphaii": 0.7619026762302491,
        "deltae": 0.40209701933163683,
        "deltai": 0.24653690752241847,
        "eta0e": 3.390166224554896,
        "eta0i": 4.486353042433344,
        "kappa_gapee": 0.18811846846131342,
        "kappa_gapei": 0.08688673220545132,
        "kappa_gapii": 0.6002374449102168,
        "kappa_see": 7.703949223730434,
        "kappa_sei": 6.0270066655203856,
        "kappa_sie": 3.9392063416062206,
        "kappa_sii": 6.730293675631993,
        "sigma_se": 0.012872993516652047,
        "sigma_si": 0.014081066345047107,
        "taue": 17.708284125366113,
        "taui": 9.615956224954587,
        "tauxe": 58.14754008101688,
        "tauxi": 25.867491444300672,
        "vsyn_ee": 10.977542097059207,
        "vsyn_ei": 17.79636085565464,
        "vsyn_ie": -34.82752413723165,
        "vsyn_ii": -55.727043802341726
    },
    "timestamp": 1746277101
}