{
    "fitness": 60.9215120876257,
    "generation": 0,
    "parameters": {
        "alphaee": 0.2959905712135455,
        "alphaei": 0.24714378509332555,
        "alphaie": 0.4195687491082951,
        "alphaii": 0.596315568415179,
        "deltae": 0.29620995593975064,
        "deltai": 0.5159937080113224,
        "eta0e": 1.375091669915201,
        "eta0i": 4.193105743590023,
        "kappa_gapee": 0.15292259367294675,
        "kappa_gapei": 0.0023084387754995217,
        "kappa_gapii": 0.12463267859714432,
        "kappa_see": 7.282205928726163,
        "kappa_sei": 8.511816206327671,
        "kappa_sie": 6.6667035440596045,
        "kappa_sii": 0.17035025487226796,
        "sigma_se": 0.1,
        "sigma_si": 0.1,
        "taue": 13.261941683760952,
        "taui": 17.741526345493938,
        "tauxe": 31.16376365773922,
        "tauxi": 53.10543685615546,
        "vsyn_ee": 18.984335585565866,
        "vsyn_ei": 14.48724648400051,
        "vsyn_ie": -10.783820625601123,
        "vsyn_ii": -81.71566479356487
    },
    "timestamp": 1746276155
}