{
    "fitness": 66.40294459896026,
    "generation": 0,
    "parameters": {
        "alphaee": 0.30000629024383824,
        "alphaei": 0.7008868115379561,
        "alphaie": 0.05733207260433756,
        "alphaii": 0.09380365993929478,
        "deltae": 0.5650891244588733,
        "deltai": 0.1936424934395533,
        "eta0e": 1.80615949216786,
        "eta0i": 2.2226187291442563,
        "kappa_gapee": 0.18827327647491232,
        "kappa_gapei": 0.0251689958471049,
        "kappa_gapii": 0.7603855193593219,
        "kappa_see": 4.775632558209718,
        "kappa_sei": 0.15293609187795157,
        "kappa_sie": 6.624678611184222,
        "kappa_sii": 7.690616186522589,
        "sigma_se": 0.033381139934057384,
        "sigma_si": 0.01693858782070856,
        "taue": 19.36057445767954,
        "taui": 14.339187121827816,
        "tauxe": 56.43777026985417,
        "tauxi": 54.47073167207962,
        "vsyn_ee": 4.525686342905422,
        "vsyn_ei": 1.8558676706474415,
        "vsyn_ie": -58.945829728826816,
        "vsyn_ii": -59.50228435588427
    },
    "timestamp": 1746276924
}