{
    "fitness": 48.174315200864484,
    "generation": 0,
    "parameters": {
        "alphaee": 0.793584208786106,
        "alphaei": 0.08310201183233125,
        "alphaie": 0.739587480112186,
        "alphaii": 0.170099193518327,
        "deltae": 0.39652105152755013,
        "deltai": 0.5635681151694439,
        "eta0e": 1.4450712904819156,
        "eta0i": 4.021850319720298,
        "kappa_gapee": 0.09107008843453238,
        "kappa_gapei": 0.38806124644023093,
        "kappa_gapii": 0.4978383073229951,
        "kappa_see": 7.281949650324988,
        "kappa_sei": 6.449039871150585,
        "kappa_sie": 5.279879069012511,
        "kappa_sii": 9.07668828909104,
        "sigma_se": 0.061491398623451175,
        "sigma_si": 0.039058510997416154,
        "taue": 15.319233814194392,
        "taui": 19.192192830555626,
        "tauxe": 69.26823291061386,
        "tauxi": 41.478854085898746,
        "vsyn_ee": 12.053783764156556,
        "vsyn_ei": 14.48724648400051,
        "vsyn_ie": -56.339644191636246,
        "vsyn_ii": -21.58225759664211
    },
    "timestamp": 1746276451
}