{
    "fitness": 55.73443773992667,
    "generation": 0,
    "parameters": {
        "alphaee": 0.0982489686710785,
        "alphaei": 0.7618276055795341,
        "alphaie": 0.7446205975087367,
        "alphaii": 0.8056666268262209,
        "deltae": 0.3714389076490499,
        "deltai": 0.3250233526839406,
        "eta0e": 2.573061614079472,
        "eta0i": 4.2904790235482055,
        "kappa_gapee": 0.19339269634323245,
        "kappa_gapei": 0.20621280416828125,
        "kappa_gapii": 0.247138118440333,
        "kappa_see": 3.795523275894856,
        "kappa_sei": 0.4721778392753767,
        "kappa_sie": 0.23550869915870928,
        "kappa_sii": 8.48366451493339,
        "sigma_se": 0.03750162567994257,
        "sigma_si": 0.049740975242403083,
        "taue": 23.873193275352993,
        "taui": 15.19140502641335,
        "tauxe": 21.564468333232107,
        "tauxi": 38.83220674387353,
        "vsyn_ee": 12.074761871198374,
        "vsyn_ei": 12.047745490417197,
        "vsyn_ie": -88.516414424331,
        "vsyn_ii": -90.47640083299646
    },
    "timestamp": 1746277006
}