{
    "fitness": 48.33928560591255,
    "generation": 0,
    "parameters": {
        "alphaee": 0.407838559273285,
        "alphaei": 0.7467747537060331,
        "alphaie": 0.757879984804621,
        "alphaii": 0.7624204031259061,
        "deltae": 0.4995477759468687,
        "deltai": 0.32387894721345317,
        "eta0e": 2.0354176432255437,
        "eta0i": 1.9624737514479542,
        "kappa_gapee": 0.0015402339414478047,
        "kappa_gapei": 0.3217231342960029,
        "kappa_gapii": 0.24683374359666482,
        "kappa_see": 2.197513323812495,
        "kappa_sei": 5.232965446984842,
        "kappa_sie": 8.661289716044939,
        "kappa_sii": 1.0999115762167115,
        "sigma_se": 0.05408922658417994,
        "sigma_si": 0.06605431466938362,
        "taue": 17.265458182627206,
        "taui": 6.890644372021118,
        "tauxe": 59.87166136068026,
        "tauxi": 51.71676823393457,
        "vsyn_ee": 5.529988228072682,
        "vsyn_ei": 2.808896366307044,
        "vsyn_ie": -42.59273943734966,
        "vsyn_ii": -74.19122523379397
    },
    "timestamp": 1746279318
}