{
    "fitness": 56.08786567991269,
    "generation": 0,
    "parameters": {
        "alphaee": 0.2974515702319938,
        "alphaei": 0.10221489129073313,
        "alphaie": 0.8454369270084262,
        "alphaii": 0.43914531620671177,
        "deltae": 0.32865964648514295,
        "deltai": 0.4307514661481708,
        "eta0e": 4.037428222577873,
        "eta0i": 0.7918001790093399,
        "kappa_gapee": 0.07046228506240318,
        "kappa_gapei": 0.4726435284156555,
        "kappa_gapii": 0.6732765298834472,
        "kappa_see": 1.7791245917472251,
        "kappa_sei": 8.518830032008275,
        "kappa_sie": 1.7229127268679965,
        "kappa_sii": 7.203626717378608,
        "sigma_se": 0.06910278939258149,
        "sigma_si": 0.012400130649046935,
        "taue": 12.394601537009933,
        "taui": 6.453393703809094,
        "tauxe": 95.57502648401085,
        "tauxi": 25.3165654548245,
        "vsyn_ee": 16.06488012661901,
        "vsyn_ei": 9.814252357434063,
        "vsyn_ie": -27.59557274893642,
        "vsyn_ii": -98.97055316829798
    },
    "timestamp": 1746279331
}