{
    "fitness": 49.66260918899757,
    "generation": 0,
    "parameters": {
        "alphaee": 0.8704428463464127,
        "alphaei": 0.01,
        "alphaie": 0.249513570803235,
        "alphaii": 0.32927598206783176,
        "deltae": 0.32120290012197206,
        "deltai": 0.5888621104971415,
        "eta0e": 1.375091669915201,
        "eta0i": 3.2614521598533837,
        "kappa_gapee": 0.06210107522978519,
        "kappa_gapei": 0.35644586194066086,
        "kappa_gapii": 0.257547775716015,
        "kappa_see": 3.9088011169610146,
        "kappa_sei": 3.761899286400282,
        "kappa_sie": 9.937803620501718,
        "kappa_sii": 9.004536317902419,
        "sigma_se": 0.1,
        "sigma_si": 0.09874504435076333,
        "taue": 15.519309496397849,
        "taui": 18.202370550676218,
        "tauxe": 31.187032079354434,
        "tauxi": 45.46268103360662,
        "vsyn_ee": 8.970464663913653,
        "vsyn_ei": 14.48724648400051,
        "vsyn_ie": -56.339644191636246,
        "vsyn_ii": -53.854938199410796
    },
    "timestamp": 1746279052
}