{
    "fitness": 47.83169166707637,
    "generation": 0,
    "parameters": {
        "alphaee": 0.2959905712135455,
        "alphaei": 0.01,
        "alphaie": 0.23840817380117313,
        "alphaii": 0.5400836292834816,
        "deltae": 0.05,
        "deltai": 0.1469196890730502,
        "eta0e": 2.4176553474844367,
        "eta0i": 0.24346614338545955,
        "kappa_gapee": 0.0,
        "kappa_gapei": 0.10988377107501443,
        "kappa_gapii": 0.12463267859714432,
        "kappa_see": 7.282205928726163,
        "kappa_sei": 6.449039871150585,
        "kappa_sie": 7.662702276830202,
        "kappa_sii": 0.17035025487226796,
        "sigma_se": 0.1,
        "sigma_si": 0.039058510997416154,
        "taue": 15.519309496397849,
        "taui": 9.62563429493678,
        "tauxe": 69.1368181642673,
        "tauxi": 55.25122352709719,
        "vsyn_ee": 18.984335585565866,
        "vsyn_ei": 14.48724648400051,
        "vsyn_ie": -89.3587685088499,
        "vsyn_ii": -34.18001303599455
    },
    "timestamp": 1746278626
}