{
    "fitness": 84.62522507135995,
    "generation": 0,
    "parameters": {
        "alphaee": 0.278253348367364,
        "alphaei": 0.24714378509332555,
        "alphaie": 0.3596229962701588,
        "alphaii": 0.170099193518327,
        "deltae": 0.1258173679116062,
        "deltai": 0.5635681151694439,
        "eta0e": 2.4176553474844367,
        "eta0i": 0.24346614338545955,
        "kappa_gapee": 0.09107008843453238,
        "kappa_gapei": 0.4566644983295888,
        "kappa_gapii": 0.4978383073229951,
        "kappa_see": 0.757593242263794,
        "kappa_sei": 8.511816206327671,
        "kappa_sie": 7.662702276830202,
        "kappa_sii": 0.17035025487226796,
        "sigma_se": 0.1,
        "sigma_si": 0.01,
        "taue": 15.519309496397849,
        "taui": 17.741526345493938,
        "tauxe": 69.23181818274591,
        "tauxi": 28.671989932865635,
        "vsyn_ee": 18.984335585565866,
        "vsyn_ei": 10.652476451629358,
        "vsyn_ie": -89.40618665099603,
        "vsyn_ii": -81.59572925075578
    },
    "timestamp": 1746278756
}