{
    "fitness": 175.28697586933254,
    "generation": 0,
    "parameters": {
        "alphaee": 0.18154220342367589,
        "alphaei": 0.5436973526866649,
        "alphaie": 0.0891280437802569,
        "alphaii": 0.08538504436097911,
        "deltae": 0.2364413417838505,
        "deltai": 0.18228124846031307,
        "eta0e": 1.8416764675405388,
        "eta0i": 4.34596268056828,
        "kappa_gapee": 0.10677942209361718,
        "kappa_gapei": 0.4342846783343734,
        "kappa_gapii": 0.3710854728400159,
        "kappa_see": 9.484455759060221,
        "kappa_sei": 6.818189534549594,
        "kappa_sie": 0.05189382917972397,
        "kappa_sii": 2.2368844956840657,
        "sigma_se": 0.03820817193357585,
        "sigma_si": 0.0632150790534463,
        "taue": 13.071522583551609,
        "taui": 24.777801685443713,
        "tauxe": 42.98303994499902,
        "tauxi": 57.079223732573695,
        "vsyn_ee": 1.958664583947137,
        "vsyn_ei": 18.57114927063298,
        "vsyn_ie": -16.629942386093845,
        "vsyn_ii": -16.31846653956589
    },
    "timestamp": 1746279379
}