{
    "fitness": 45.68371654225702,
    "generation": 0,
    "parameters": {
        "alphaee": 0.9427250543158407,
        "alphaei": 0.2997828635989367,
        "alphaie": 0.16325410903298662,
        "alphaii": 0.32927598206783176,
        "deltae": 0.40417143348262835,
        "deltai": 0.46110828317713837,
        "eta0e": 1.375091669915201,
        "eta0i": 4.867742767332486,
        "kappa_gapee": 0.2,
        "kappa_gapei": 0.4956466460342629,
        "kappa_gapii": 0.257547775716015,
        "kappa_see": 3.9280128922737165,
        "kappa_sei": 3.761899286400282,
        "kappa_sie": 7.659376359954293,
        "kappa_sii": 2.8412363389956607,
        "sigma_se": 0.08926333756018999,
        "sigma_si": 0.1,
        "taue": 15.529273385841805,
        "taui": 19.192192830555626,
        "tauxe": 84.6071097473028,
        "tauxi": 54.792888118968705,
        "vsyn_ee": 8.970464663913653,
        "vsyn_ei": 14.48724648400051,
        "vsyn_ie": -77.32674805330429,
        "vsyn_ii": -33.64184798177004
    },
    "timestamp": 1746278874
}