{
    "fitness": 46.45412418844989,
    "generation": 0,
    "parameters": {
        "alphaee": 0.639271341613104,
        "alphaei": 0.7289414131231717,
        "alphaie": 0.14753984480757415,
        "alphaii": 0.41029081594175104,
        "deltae": 0.32120290012197206,
        "deltai": 0.5888621104971415,
        "eta0e": 0.900263024687934,
        "eta0i": 3.2614521598533837,
        "kappa_gapee": 0.06210107522978519,
        "kappa_gapei": 0.43707049122159736,
        "kappa_gapii": 0.6832649307015792,
        "kappa_see": 9.714993048934776,
        "kappa_sei": 5.107530809567122,
        "kappa_sie": 10.0,
        "kappa_sii": 6.307825196477858,
        "sigma_se": 0.09429548522694804,
        "sigma_si": 0.01723235407239098,
        "taue": 6.458547411395464,
        "taui": 18.202370550676218,
        "tauxe": 26.67042896172749,
        "tauxi": 45.46268103360662,
        "vsyn_ee": 7.807970284980439,
        "vsyn_ei": 6.482832760187893,
        "vsyn_ie": -89.40618665099603,
        "vsyn_ii": -53.854938199410796
    },
    "timestamp": 1746278886
}