{
    "fitness": 60.65573521894986,
    "generation": 0,
    "parameters": {
        "alphaee": 0.5545537540427267,
        "alphaei": 0.3903672753516078,
        "alphaie": 0.030689532712081198,
        "alphaii": 0.13180408614412686,
        "deltae": 0.42486166896772987,
        "deltai": 0.46799852924392293,
        "eta0e": 0.5716563522291536,
        "eta0i": 1.3457069775994992,
        "kappa_gapee": 0.11313688169886749,
        "kappa_gapei": 0.010961750786204207,
        "kappa_gapii": 0.6065622697504918,
        "kappa_see": 6.662419397084013,
        "kappa_sei": 6.499617356126987,
        "kappa_sie": 0.47984364987535283,
        "kappa_sii": 8.706009296451185,
        "sigma_se": 0.019146050463908305,
        "sigma_si": 0.061166973687506544,
        "taue": 7.520590058577566,
        "taui": 13.021775363806716,
        "tauxe": 45.60160191537451,
        "tauxi": 51.543786543496196,
        "vsyn_ee": 6.311088812371642,
        "vsyn_ei": 4.832252011502503,
        "vsyn_ie": -95.33594195514301,
        "vsyn_ii": -27.81193235516318
    },
    "timestamp": 1746279441
}