{
    "fitness": 48.621343495584874,
    "generation": 0,
    "parameters": {
        "alphaee": 0.6562307146074733,
        "alphaei": 0.16367877830720817,
        "alphaie": 0.5995466199655171,
        "alphaii": 0.5142969989816528,
        "deltae": 0.5904843094465299,
        "deltai": 0.18437491028215158,
        "eta0e": 1.4603072664640149,
        "eta0i": 0.32816448472130266,
        "kappa_gapee": 0.1881779152135591,
        "kappa_gapei": 0.027114693541612684,
        "kappa_gapii": 0.049712973856565354,
        "kappa_see": 9.895167739095768,
        "kappa_sei": 4.89417449854591,
        "kappa_sie": 0.8912893947342904,
        "kappa_sii": 6.64462005391497,
        "sigma_se": 0.06517004848198027,
        "sigma_si": 0.06431626253859148,
        "taue": 21.79213095276508,
        "taui": 16.009658720296905,
        "tauxe": 78.80976308477459,
        "tauxi": 70.33914297268454,
        "vsyn_ee": 10.267146743149802,
        "vsyn_ei": 1.5433171462901196,
        "vsyn_ie": -95.66325956034962,
        "vsyn_ii": -47.34195564112967
    },
    "timestamp": 1746279281
}