{
    "fitness": 138.1633412793051,
    "generation": 0,
    "parameters": {
        "alphaee": 0.8854577936895792,
        "alphaei": 0.9769647712459972,
        "alphaie": 0.5206369445265315,
        "alphaii": 0.2754314771803176,
        "deltae": 0.2885275218733407,
        "deltai": 0.49128389474535994,
        "eta0e": 2.8658477241859703,
        "eta0i": 0.3486642400313841,
        "kappa_gapee": 0.0901411741261795,
        "kappa_gapei": 0.2531967498701384,
        "kappa_gapii": 0.1776244305288726,
        "kappa_see": 7.94437704527111,
        "kappa_sei": 8.60199676550801,
        "kappa_sie": 2.5892210824723225,
        "kappa_sii": 1.288187599938254,
        "sigma_se": 0.017644440036392105,
        "sigma_si": 0.026805499636446253,
        "taue": 9.603197471749397,
        "taui": 5.503148669348258,
        "tauxe": 93.9140441101974,
        "tauxi": 23.65976941137447,
        "vsyn_ee": 14.919080556576242,
        "vsyn_ei": 6.02633502487652,
        "vsyn_ie": -4.7164928796399295,
        "vsyn_ii": -97.41864519480976
    },
    "timestamp": 1746279489
}