{
    "fitness": 49.105832583543055,
    "generation": 0,
    "parameters": {
        "alphaee": 0.2264600087904875,
        "alphaei": 0.01,
        "alphaie": 0.23840817380117313,
        "alphaii": 0.5400836292834816,
        "deltae": 0.1258173679116062,
        "deltai": 0.5679920587417039,
        "eta0e": 2.4176553474844367,
        "eta0i": 0.24346614338545955,
        "kappa_gapee": 0.0,
        "kappa_gapei": 0.35644586194066086,
        "kappa_gapii": 0.12463267859714432,
        "kappa_see": 7.282205928726163,
        "kappa_sei": 6.449039871150585,
        "kappa_sie": 7.662702276830202,
        "kappa_sii": 0.17035025487226796,
        "sigma_se": 0.1,
        "sigma_si": 0.09874504435076333,
        "taue": 15.519309496397849,
        "taui": 9.62563429493678,
        "tauxe": 69.26823291061386,
        "tauxi": 28.671989932865635,
        "vsyn_ee": 18.984335585565866,
        "vsyn_ei": 14.715614312448373,
        "vsyn_ie": -56.339644191636246,
        "vsyn_ii": -34.18001303599455
    },
    "timestamp": 1746278839
}