{
    "fitness": 45.582397554948884,
    "generation": 0,
    "parameters": {
        "alphaee": 0.793584208786106,
        "alphaei": 0.01,
        "alphaie": 0.739587480112186,
        "alphaii": 1.0,
        "deltae": 0.29830232261234113,
        "deltai": 0.6,
        "eta0e": 2.4176553474844367,
        "eta0i": 0.24346614338545955,
        "kappa_gapee": 0.0,
        "kappa_gapei": 0.4566644983295888,
        "kappa_gapii": 0.5777653713989033,
        "kappa_see": 7.282205928726163,
        "kappa_sei": 6.449039871150585,
        "kappa_sie": 7.662702276830202,
        "kappa_sii": 0.3566919610719329,
        "sigma_se": 0.1,
        "sigma_si": 0.039058510997416154,
        "taue": 15.519309496397849,
        "taui": 9.62563429493678,
        "tauxe": 69.26823291061386,
        "tauxi": 28.671989932865635,
        "vsyn_ee": 18.984335585565866,
        "vsyn_ei": 15.785164658917093,
        "vsyn_ie": -89.40618665099603,
        "vsyn_ii": -81.59572925075578
    },
    "timestamp": 1746278425
}