{
    "fitness": 82.87085518127816,
    "generation": 0,
    "parameters": {
        "alphaee": 0.5640730565727889,
        "alphaei": 0.831409096720691,
        "alphaie": 0.150104401843375,
        "alphaii": 0.9675990211423153,
        "deltae": 0.5932477513397155,
        "deltai": 0.4524354094798623,
        "eta0e": 1.8818586733318399,
        "eta0i": 0.13961303105582173,
        "kappa_gapee": 0.11132115972287522,
        "kappa_gapei": 0.4946924663476818,
        "kappa_gapii": 0.27142997906775607,
        "kappa_see": 8.682157367627731,
        "kappa_sei": 7.833913870461919,
        "kappa_sie": 7.470380206652109,
        "kappa_sii": 1.7376314292588553,
        "sigma_se": 0.012233274215200839,
        "sigma_si": 0.031385903721868544,
        "taue": 20.555880621229793,
        "taui": 16.64359348302199,
        "tauxe": 96.36928571321688,
        "tauxi": 33.03296039564864,
        "vsyn_ee": 17.703486791574,
        "vsyn_ei": 19.491342937843655,
        "vsyn_ie": -46.601677490749914,
        "vsyn_ii": -45.99826391510927
    },
    "timestamp": 1746279428
}