{
    "fitness": 55.6344940537019,
    "generation": 0,
    "parameters": {
        "alphaee": 0.7159468822776377,
        "alphaei": 0.47447467236227814,
        "alphaie": 0.9633336883873235,
        "alphaii": 0.8923196632417266,
        "deltae": 0.462100817277807,
        "deltai": 0.11669413791942283,
        "eta0e": 4.146774156252569,
        "eta0i": 0.7787203073364791,
        "kappa_gapee": 0.04589188859628389,
        "kappa_gapei": 0.36215114316129243,
        "kappa_gapii": 0.6240132566998076,
        "kappa_see": 1.905825910943464,
        "kappa_sei": 2.869849425917411,
        "kappa_sie": 2.400854023656999,
        "kappa_sii": 6.879211057827169,
        "sigma_se": 0.0872129640622013,
        "sigma_si": 0.055546051107894914,
        "taue": 5.849445813306687,
        "taui": 23.059647218003853,
        "tauxe": 63.03462946611576,
        "tauxi": 72.01380292277176,
        "vsyn_ee": 3.313103075931595,
        "vsyn_ei": 13.185076238248445,
        "vsyn_ie": -48.39811500729708,
        "vsyn_ii": -58.405247890638755
    },
    "timestamp": 1746279465
}