{
    "fitness": 54.20607080408015,
    "generation": 0,
    "parameters": {
        "alphaee": 0.793584208786106,
        "alphaei": 0.01,
        "alphaie": 0.23840817380117313,
        "alphaii": 0.5400836292834816,
        "deltae": 0.13389179002272622,
        "deltai": 0.5738523748617569,
        "eta0e": 0.7045320266633193,
        "eta0i": 0.24346614338545955,
        "kappa_gapee": 0.0,
        "kappa_gapei": 0.4566644983295888,
        "kappa_gapii": 0.5777653713989033,
        "kappa_see": 7.282205928726163,
        "kappa_sei": 6.710690797414915,
        "kappa_sie": 7.662702276830202,
        "kappa_sii": 9.004536317902419,
        "sigma_se": 0.1,
        "sigma_si": 0.1,
        "taue": 15.519309496397849,
        "taui": 9.62563429493678,
        "tauxe": 69.26823291061386,
        "tauxi": 41.478854085898746,
        "vsyn_ee": 18.984335585565866,
        "vsyn_ei": 14.48724648400051,
        "vsyn_ie": -56.339644191636246,
        "vsyn_ii": -33.92437248418866
    },
    "timestamp": 1746279017
}