{
    "fitness": 135.30881217919205,
    "generation": 0,
    "parameters": {
        "alphaee": 0.6739443195489326,
        "alphaei": 0.9190418510178607,
        "alphaie": 0.5338325561832085,
        "alphaii": 0.28011850965022334,
        "deltae": 0.3438328831941043,
        "deltai": 0.2183569726369498,
        "eta0e": 3.8283558866348932,
        "eta0i": 1.6161558937153835,
        "kappa_gapee": 0.07670823387736082,
        "kappa_gapei": 0.4250893896700148,
        "kappa_gapii": 0.560546229179283,
        "kappa_see": 3.155087127055958,
        "kappa_sei": 4.21921124384615,
        "kappa_sie": 1.900843655394446,
        "kappa_sii": 9.49763063401663,
        "sigma_se": 0.01596530289886105,
        "sigma_si": 0.06775806030959697,
        "taue": 6.529153877480068,
        "taui": 22.70016207862803,
        "tauxe": 24.07551656478472,
        "tauxi": 42.88455086434693,
        "vsyn_ee": 14.188023359082793,
        "vsyn_ei": 4.401799832560321,
        "vsyn_ie": -49.27565661237373,
        "vsyn_ii": -69.79635919130818
    },
    "timestamp": 1746279391
}