{
    "fitness": 175.28697586933254,
    "generation": 0,
    "parameters": {
        "alphaee": 0.7546384711945443,
        "alphaei": 0.6568395308021899,
        "alphaie": 0.7338950068806018,
        "alphaii": 0.4517272804001757,
        "deltae": 0.5368863022593856,
        "deltai": 0.07028570394323883,
        "eta0e": 2.477737155292061,
        "eta0i": 3.6971884544490123,
        "kappa_gapee": 0.18461284002976247,
        "kappa_gapei": 0.09499836571651789,
        "kappa_gapii": 0.763772710802407,
        "kappa_see": 5.416013093815449,
        "kappa_sei": 5.648527265572162,
        "kappa_sie": 2.582817650100112,
        "kappa_sii": 7.109777944159147,
        "sigma_se": 0.058136662748219915,
        "sigma_si": 0.03303955207234446,
        "taue": 11.362052432480459,
        "taui": 24.06465949690612,
        "tauxe": 45.394347795367025,
        "tauxi": 71.04132353859856,
        "vsyn_ee": 18.505288849433583,
        "vsyn_ei": 17.256065148462472,
        "vsyn_ie": -8.123965449276909,
        "vsyn_ii": -58.145414754877024
    },
    "timestamp": 1746279367
}