{
    "fitness": 44.58733182264973,
    "generation": 0,
    "parameters": {
        "alphaee": 0.8704428463464127,
        "alphaei": 0.1961160786452465,
        "alphaie": 0.739587480112186,
        "alphaii": 0.170099193518327,
        "deltae": 0.1258173679116062,
        "deltai": 0.6,
        "eta0e": 1.375091669915201,
        "eta0i": 0.24346614338545955,
        "kappa_gapee": 0.0,
        "kappa_gapei": 0.4566644983295888,
        "kappa_gapii": 0.20830499283405762,
        "kappa_see": 3.9088011169610146,
        "kappa_sei": 3.761899286400282,
        "kappa_sie": 7.623609092715554,
        "kappa_sii": 9.004536317902419,
        "sigma_se": 0.087508271562207,
        "sigma_si": 0.039058510997416154,
        "taue": 15.519309496397849,
        "taui": 19.192192830555626,
        "tauxe": 31.187032079354434,
        "tauxi": 55.25122352709719,
        "vsyn_ee": 11.656156721091504,
        "vsyn_ei": 15.51873505894248,
        "vsyn_ie": -89.40618665099603,
        "vsyn_ii": -81.59572925075578
    },
    "timestamp": 1746278827
}