{
    "fitness": 44.07856262217417,
    "generation": 0,
    "parameters": {
        "alphaee": 0.8484601565013821,
        "alphaei": 0.2997828635989367,
        "alphaie": 0.14753984480757415,
        "alphaii": 0.797577129739405,
        "deltae": 0.40417143348262835,
        "deltai": 0.46110828317713837,
        "eta0e": 1.375091669915201,
        "eta0i": 4.867742767332486,
        "kappa_gapee": 0.2,
        "kappa_gapei": 0.4956466460342629,
        "kappa_gapii": 0.5777653713989033,
        "kappa_see": 9.423176075934641,
        "kappa_sei": 3.761899286400282,
        "kappa_sie": 7.662702276830202,
        "kappa_sii": 2.8946569374116895,
        "sigma_se": 0.09429548522694804,
        "sigma_si": 0.01,
        "taue": 15.529273385841805,
        "taui": 19.192192830555626,
        "tauxe": 26.67042896172749,
        "tauxi": 54.792888118968705,
        "vsyn_ee": 7.807970284980439,
        "vsyn_ei": 14.48724648400051,
        "vsyn_ie": -89.40618665099603,
        "vsyn_ii": -33.64184798177004
    },
    "timestamp": 1746278520
}