{
    "fitness": 76.07152911443713,
    "generation": 0,
    "parameters": {
        "alphaee": 0.639271341613104,
        "alphaei": 0.24714378509332555,
        "alphaie": 0.3596229962701588,
        "alphaii": 1.0,
        "deltae": 0.29620995593975064,
        "deltai": 0.5955469939737966,
        "eta0e": 1.1735730954831567,
        "eta0i": 4.193105743590023,
        "kappa_gapee": 0.09107008843453238,
        "kappa_gapei": 0.43707049122159736,
        "kappa_gapii": 0.257547775716015,
        "kappa_see": 3.5722890314716844,
        "kappa_sei": 8.511816206327671,
        "kappa_sie": 9.937803620501718,
        "kappa_sii": 6.307825196477858,
        "sigma_se": 0.1,
        "sigma_si": 0.1,
        "taue": 6.458547411395464,
        "taui": 18.202370550676218,
        "tauxe": 84.6071097473028,
        "tauxi": 45.46268103360662,
        "vsyn_ee": 9.203612620888045,
        "vsyn_ei": 10.233276142574933,
        "vsyn_ie": -77.32674805330429,
        "vsyn_ii": -81.59572925075578
    },
    "timestamp": 1746279076
}