{
    "fitness": 45.49613836095214,
    "generation": 0,
    "parameters": {
        "alphaee": 0.8704428463464127,
        "alphaei": 0.01,
        "alphaie": 0.23840817380117313,
        "alphaii": 0.8462292929958949,
        "deltae": 0.13389179002272622,
        "deltai": 0.46110828317713837,
        "eta0e": 1.375091669915201,
        "eta0i": 0.24346614338545955,
        "kappa_gapee": 0.0,
        "kappa_gapei": 0.4566644983295888,
        "kappa_gapii": 0.12463267859714432,
        "kappa_see": 9.423176075934641,
        "kappa_sei": 6.449039871150585,
        "kappa_sie": 7.662702276830202,
        "kappa_sii": 9.004536317902419,
        "sigma_se": 0.08641773746246027,
        "sigma_si": 0.1,
        "taue": 15.519309496397849,
        "taui": 19.192192830555626,
        "tauxe": 30.820548488508802,
        "tauxi": 41.478854085898746,
        "vsyn_ee": 12.324930028136283,
        "vsyn_ei": 14.442493093752622,
        "vsyn_ie": -89.40618665099603,
        "vsyn_ii": -33.90247991090892
    },
    "timestamp": 1746278567
}