{
    "fitness": 47.121426431714255,
    "generation": 0,
    "parameters": {
        "alphaee": 0.5302730441328926,
        "alphaei": 0.2997828635989367,
        "alphaie": 0.14753984480757415,
        "alphaii": 0.5400836292834816,
        "deltae": 0.40417143348262835,
        "deltai": 0.46110828317713837,
        "eta0e": 1.375091669915201,
        "eta0i": 0.24346614338545955,
        "kappa_gapee": 0.07914428629866686,
        "kappa_gapei": 0.35644586194066086,
        "kappa_gapii": 0.6832649307015792,
        "kappa_see": 3.9088011169610146,
        "kappa_sei": 3.761899286400282,
        "kappa_sie": 8.015432477717052,
        "kappa_sii": 8.786384855282288,
        "sigma_se": 0.1,
        "sigma_si": 0.09874504435076333,
        "taue": 15.519309496397849,
        "taui": 19.433946592851544,
        "tauxe": 26.67042896172749,
        "tauxi": 54.792888118968705,
        "vsyn_ee": 11.656156721091504,
        "vsyn_ei": 14.48724648400051,
        "vsyn_ie": -56.339644191636246,
        "vsyn_ii": -34.18001303599455
    },
    "timestamp": 1746278461
}