{
    "fitness": 50.04997327577625,
    "generation": 0,
    "parameters": {
        "alphaee": 0.2959905712135455,
        "alphaei": 0.01,
        "alphaie": 0.739587480112186,
        "alphaii": 0.9989116648762919,
        "deltae": 0.29620995593975064,
        "deltai": 0.6,
        "eta0e": 0.5783515349379609,
        "eta0i": 4.193105743590023,
        "kappa_gapee": 0.0,
        "kappa_gapei": 0.36994938831017904,
        "kappa_gapii": 0.12463267859714432,
        "kappa_see": 7.282205928726163,
        "kappa_sei": 6.449039871150585,
        "kappa_sie": 7.662702276830202,
        "kappa_sii": 0.17035025487226796,
        "sigma_se": 0.1,
        "sigma_si": 0.039058510997416154,
        "taue": 15.519309496397849,
        "taui": 9.62563429493678,
        "tauxe": 41.74962276263436,
        "tauxi": 41.46443053353639,
        "vsyn_ee": 18.984335585565866,
        "vsyn_ei": 15.599736371006749,
        "vsyn_ie": -56.67571213720557,
        "vsyn_ii": -81.59572925075578
    },
    "timestamp": 1746278768
}