{
    "fitness": 43.555001766804295,
    "generation": 0,
    "parameters": {
        "alphaee": 0.8704428463464127,
        "alphaei": 0.01,
        "alphaie": 0.4195687491082951,
        "alphaii": 0.5579924786723642,
        "deltae": 0.1258173679116062,
        "deltai": 0.6,
        "eta0e": 0.7045320266633193,
        "eta0i": 0.24346614338545955,
        "kappa_gapee": 0.0,
        "kappa_gapei": 0.4566644983295888,
        "kappa_gapii": 0.6832649307015792,
        "kappa_see": 9.714993048934776,
        "kappa_sei": 3.761899286400282,
        "kappa_sie": 7.659376359954293,
        "kappa_sii": 9.004536317902419,
        "sigma_se": 0.1,
        "sigma_si": 0.1,
        "taue": 15.519309496397849,
        "taui": 19.192192830555626,
        "tauxe": 31.187032079354434,
        "tauxi": 55.25122352709719,
        "vsyn_ee": 7.919230947952256,
        "vsyn_ei": 14.48724648400051,
        "vsyn_ie": -56.339644191636246,
        "vsyn_ii": -33.64184798177004
    },
    "timestamp": 1746278532
}