{
    "fitness": 96.28494464811789,
    "generation": 0,
    "parameters": {
        "alphaee": 0.5338009428110759,
        "alphaei": 0.14335944328849032,
        "alphaie": 0.7520714216879177,
        "alphaii": 0.1619451228238713,
        "deltae": 0.26460851978570266,
        "deltai": 0.4021002709257456,
        "eta0e": 1.8339333387973347,
        "eta0i": 3.0708378610757707,
        "kappa_gapee": 0.03235832831927252,
        "kappa_gapei": 0.31424088753399476,
        "kappa_gapii": 0.6491122529702573,
        "kappa_see": 3.6162965771556315,
        "kappa_sei": 0.36495078459457697,
        "kappa_sie": 0.14205144384271787,
        "kappa_sii": 5.240168816044342,
        "sigma_se": 0.06702301886147966,
        "sigma_si": 0.06289716248041029,
        "taue": 6.976643473540998,
        "taui": 24.276665440113955,
        "tauxe": 79.85618838622493,
        "tauxi": 77.8191474375071,
        "vsyn_ee": 3.713751239419463,
        "vsyn_ei": 11.217696000286136,
        "vsyn_ie": -55.55408607146386,
        "vsyn_ii": -39.40810946878421
    },
    "timestamp": 1746279269
}