{
    "fitness": 54.03671597473696,
    "generation": 0,
    "parameters": {
        "alphaee": 0.7363269272356083,
        "alphaei": 0.5858968561010869,
        "alphaie": 0.5860858158082556,
        "alphaii": 0.052708833038757556,
        "deltae": 0.153355321184451,
        "deltai": 0.4225816808763757,
        "eta0e": 4.620543221736856,
        "eta0i": 0.43226882484915174,
        "kappa_gapee": 0.05841721311208112,
        "kappa_gapei": 0.0037650286086653786,
        "kappa_gapii": 0.5888396281704312,
        "kappa_see": 0.4064298766217357,
        "kappa_sei": 5.781990896054337,
        "kappa_sie": 2.0747607119008316,
        "kappa_sii": 2.084982322186126,
        "sigma_se": 0.0838872228552773,
        "sigma_si": 0.012024282361462819,
        "taue": 18.689748064086295,
        "taui": 19.253932074669002,
        "tauxe": 73.02800906728123,
        "tauxi": 56.50222113916852,
        "vsyn_ee": 8.62977448519208,
        "vsyn_ei": 10.488823331340887,
        "vsyn_ie": -26.46082144366801,
        "vsyn_ii": -20.13408636122847
    },
    "timestamp": 1746279453
}