{
    "fitness": 56.947521845877716,
    "generation": 0,
    "parameters": {
        "alphaee": 0.697949592896548,
        "alphaei": 0.15153859937980532,
        "alphaie": 0.9707806177990379,
        "alphaii": 0.47208667575816554,
        "deltae": 0.26309179136254646,
        "deltai": 0.28674605267918624,
        "eta0e": 1.4734305152488107,
        "eta0i": 1.2359024245080468,
        "kappa_gapee": 0.008818328125829998,
        "kappa_gapei": 0.34189018623733425,
        "kappa_gapii": 0.2650514857451666,
        "kappa_see": 8.578107473297612,
        "kappa_sei": 5.579697974676523,
        "kappa_sie": 0.05601320923313632,
        "kappa_sii": 9.406208515153027,
        "sigma_se": 0.05264557349765438,
        "sigma_si": 0.08879459751510185,
        "taue": 9.287514146905524,
        "taui": 5.426995127687102,
        "tauxe": 35.91548515390285,
        "tauxi": 44.11884151472114,
        "vsyn_ee": 7.026738376757828,
        "vsyn_ei": 14.556755132224986,
        "vsyn_ie": -19.360686781636602,
        "vsyn_ii": -96.45961412795083
    },
    "timestamp": 1746279477
}