{
    "fitness": 54.85094619175313,
    "generation": 0,
    "parameters": {
        "alphaee": 0.5358680355212089,
        "alphaei": 0.6459302805066182,
        "alphaie": 0.4099088366351561,
        "alphaii": 0.5607457206150434,
        "deltae": 0.4877414385373815,
        "deltai": 0.22641518642112424,
        "eta0e": 1.2509951770366554,
        "eta0i": 0.5550168671955917,
        "kappa_gapee": 0.05370104505096066,
        "kappa_gapei": 0.10794759320907106,
        "kappa_gapii": 0.20129389648238105,
        "kappa_see": 7.317000432760874,
        "kappa_sei": 5.862798308734294,
        "kappa_sie": 1.1426707159021263,
        "kappa_sii": 0.0602525093333036,
        "sigma_se": 0.045672859256527885,
        "sigma_si": 0.040623649339631064,
        "taue": 6.372332610968036,
        "taui": 13.29631315687661,
        "tauxe": 91.60204162855499,
        "tauxi": 36.521706444404245,
        "vsyn_ee": 4.904732137176911,
        "vsyn_ei": 9.580669459950913,
        "vsyn_ie": -29.475586129859465,
        "vsyn_ii": -79.58478628018044
    },
    "timestamp": 1746279404
}