{
    "fitness": 69.36753437194926,
    "generation": 0,
    "parameters": {
        "alphaee": 0.4987986086314905,
        "alphaei": 0.7912776020657492,
        "alphaie": 0.8819516469127587,
        "alphaii": 0.7480289196307944,
        "deltae": 0.552150403041596,
        "deltai": 0.49067100667438257,
        "eta0e": 0.8447796440610331,
        "eta0i": 3.037430214616395,
        "kappa_gapee": 0.05911912971561506,
        "kappa_gapei": 0.14896138628695071,
        "kappa_gapii": 0.13591080080851578,
        "kappa_see": 7.628744849053392,
        "kappa_sei": 5.431098147254009,
        "kappa_sie": 3.323242067764408,
        "kappa_sii": 1.4123773476608175,
        "sigma_se": 0.039578950383588815,
        "sigma_si": 0.09628653070665077,
        "taue": 16.584966766202342,
        "taui": 17.739271519374746,
        "tauxe": 56.46691869122446,
        "tauxi": 76.22303363039548,
        "vsyn_ee": 19.68818519798795,
        "vsyn_ei": 13.606416355869795,
        "vsyn_ie": -94.8372208734411,
        "vsyn_ii": -20.113360519031815
    },
    "timestamp": 1746279293
}