{
    "fitness": 46.19291843999181,
    "generation": 0,
    "parameters": {
        "alphaee": 0.8704428463464127,
        "alphaei": 0.01,
        "alphaie": 0.5930968827400893,
        "alphaii": 0.8462292929958949,
        "deltae": 0.29830232261234113,
        "deltai": 0.46110828317713837,
        "eta0e": 1.375091669915201,
        "eta0i": 0.24346614338545955,
        "kappa_gapee": 0.0,
        "kappa_gapei": 0.4956466460342629,
        "kappa_gapii": 0.5777653713989033,
        "kappa_see": 7.282205928726163,
        "kappa_sei": 6.686474554470061,
        "kappa_sie": 7.662702276830202,
        "kappa_sii": 0.17035025487226796,
        "sigma_se": 0.1,
        "sigma_si": 0.09874504435076333,
        "taue": 15.519309496397849,
        "taui": 9.62563429493678,
        "tauxe": 31.187032079354434,
        "tauxi": 55.25122352709719,
        "vsyn_ee": 7.807970284980439,
        "vsyn_ei": 14.442493093752622,
        "vsyn_ie": -56.339644191636246,
        "vsyn_ii": -33.92437248418866
    },
    "timestamp": 1746278709
}