{
    "fitness": 43.69959998863153,
    "generation": 0,
    "parameters": {
        "alphaee": 0.793584208786106,
        "alphaei": 0.01,
        "alphaie": 0.23840817380117313,
        "alphaii": 0.659265257122108,
        "deltae": 0.13389179002272622,
        "deltai": 0.5635681151694439,
        "eta0e": 0.5783515349379609,
        "eta0i": 4.708054855436197,
        "kappa_gapee": 0.09107008843453238,
        "kappa_gapei": 0.4566644983295888,
        "kappa_gapii": 0.4978383073229951,
        "kappa_see": 7.282205928726163,
        "kappa_sei": 6.449039871150585,
        "kappa_sie": 7.662702276830202,
        "kappa_sii": 9.004536317902419,
        "sigma_se": 0.1,
        "sigma_si": 0.01,
        "taue": 15.519309496397849,
        "taui": 17.903739411100037,
        "tauxe": 41.74962276263436,
        "tauxi": 41.478854085898746,
        "vsyn_ee": 18.984335585565866,
        "vsyn_ei": 10.652476451629358,
        "vsyn_ie": -89.40618665099603,
        "vsyn_ii": -33.92437248418866
    },
    "timestamp": 1746279197
}