{
    "fitness": 44.29260955631191,
    "generation": 0,
    "parameters": {
        "alphaee": 0.793584208786106,
        "alphaei": 0.01,
        "alphaie": 0.23840817380117313,
        "alphaii": 0.8462292929958949,
        "deltae": 0.13389179002272622,
        "deltai": 0.46110828317713837,
        "eta0e": 1.5896349510835082,
        "eta0i": 0.24346614338545955,
        "kappa_gapee": 0.0,
        "kappa_gapei": 0.4566644983295888,
        "kappa_gapii": 0.12463267859714432,
        "kappa_see": 9.423176075934641,
        "kappa_sei": 6.449039871150585,
        "kappa_sie": 6.778993578032071,
        "kappa_sii": 9.080344088080347,
        "sigma_se": 0.1,
        "sigma_si": 0.1,
        "taue": 15.519309496397849,
        "taui": 10.001240020453467,
        "tauxe": 31.06142197012992,
        "tauxi": 41.478854085898746,
        "vsyn_ee": 8.09912026682316,
        "vsyn_ei": 14.48724648400051,
        "vsyn_ie": -89.90690373268056,
        "vsyn_ii": -33.92437248418866
    },
    "timestamp": 1746279124
}