{
    "fitness": 46.660537812113354,
    "generation": 0,
    "parameters": {
        "alphaee": 0.793584208786106,
        "alphaei": 0.10973630163266242,
        "alphaie": 0.4195687491082951,
        "alphaii": 0.170099193518327,
        "deltae": 0.29830232261234113,
        "deltai": 0.39345185414809014,
        "eta0e": 2.4176553474844367,
        "eta0i": 0.24346614338545955,
        "kappa_gapee": 0.0,
        "kappa_gapei": 0.4566644983295888,
        "kappa_gapii": 0.12463267859714432,
        "kappa_see": 7.282205928726163,
        "kappa_sei": 6.536551640132754,
        "kappa_sie": 7.662702276830202,
        "kappa_sii": 0.17035025487226796,
        "sigma_se": 0.1,
        "sigma_si": 0.039058510997416154,
        "taue": 15.519309496397849,
        "taui": 9.62563429493678,
        "tauxe": 69.26823291061386,
        "tauxi": 41.478854085898746,
        "vsyn_ee": 19.274761231538363,
        "vsyn_ei": 15.51873505894248,
        "vsyn_ie": -89.7500574219908,
        "vsyn_ii": -81.59572925075578
    },
    "timestamp": 1746279100
}