{
    "fitness": 186.6907834378758,
    "generation": 0,
    "parameters": {
        "alphaee": 0.8704428463464127,
        "alphaei": 0.10973630163266242,
        "alphaie": 0.32139236232377355,
        "alphaii": 0.9989116648762919,
        "deltae": 0.1258173679116062,
        "deltai": 0.5635681151694439,
        "eta0e": 0.7045320266633193,
        "eta0i": 0.24346614338545955,
        "kappa_gapee": 0.0,
        "kappa_gapei": 0.5,
        "kappa_gapii": 0.5777653713989033,
        "kappa_see": 1.0780008683361773,
        "kappa_sei": 3.761899286400282,
        "kappa_sie": 7.662702276830202,
        "kappa_sii": 9.004536317902419,
        "sigma_se": 0.1,
        "sigma_si": 0.01,
        "taue": 15.519309496397849,
        "taui": 19.192192830555626,
        "tauxe": 42.012442241118706,
        "tauxi": 55.25122352709719,
        "vsyn_ee": 18.80555937692669,
        "vsyn_ei": 10.617210459332835,
        "vsyn_ie": -56.339644191636246,
        "vsyn_ii": -81.59572925075578
    },
    "timestamp": 1746278673
}