{
    "fitness": 45.1147573654604,
    "generation": 0,
    "parameters": {
        "alphaee": 0.2959905712135455,
        "alphaei": 0.01,
        "alphaie": 0.739587480112186,
        "alphaii": 1.0,
        "deltae": 0.1258173679116062,
        "deltai": 0.46110828317713837,
        "eta0e": 0.7045320266633193,
        "eta0i": 0.24346614338545955,
        "kappa_gapee": 0.0,
        "kappa_gapei": 0.4566644983295888,
        "kappa_gapii": 0.5777653713989033,
        "kappa_see": 7.282205928726163,
        "kappa_sei": 6.449039871150585,
        "kappa_sie": 7.662702276830202,
        "kappa_sii": 0.09411501678063298,
        "sigma_se": 0.1,
        "sigma_si": 0.09874504435076333,
        "taue": 15.519309496397849,
        "taui": 9.62563429493678,
        "tauxe": 69.26823291061386,
        "tauxi": 28.671989932865635,
        "vsyn_ee": 18.523771753833184,
        "vsyn_ei": 14.48724648400051,
        "vsyn_ie": -56.339644191636246,
        "vsyn_ii": -33.92437248418866
    },
    "timestamp": 1746279088
}