{
    "fitness": 61.38739727049273,
    "generation": 0,
    "parameters": {
        "alphaee": 0.278253348367364,
        "alphaei": 0.7289414131231717,
        "alphaie": 0.249513570803235,
        "alphaii": 0.32927598206783176,
        "deltae": 0.32120290012197206,
        "deltai": 0.5888621104971415,
        "eta0e": 0.5783515349379609,
        "eta0i": 3.3452544123880905,
        "kappa_gapee": 0.06210107522978519,
        "kappa_gapei": 0.4566644983295888,
        "kappa_gapii": 0.4978383073229951,
        "kappa_see": 1.0780008683361773,
        "kappa_sei": 5.107530809567122,
        "kappa_sie": 7.662702276830202,
        "kappa_sii": 0.17035025487226796,
        "sigma_se": 0.01,
        "sigma_si": 0.01,
        "taue": 15.519309496397849,
        "taui": 17.741526345493938,
        "tauxe": 41.949387433297744,
        "tauxi": 41.478854085898746,
        "vsyn_ee": 18.984335585565866,
        "vsyn_ei": 6.482832760187893,
        "vsyn_ie": -56.339644191636246,
        "vsyn_ii": -53.854938199410796
    },
    "timestamp": 1746279064
}