{
    "fitness": 175.28697586933254,
    "generation": 0,
    "parameters": {
        "alphaee": 0.6408986996066716,
        "alphaei": 0.6116570871324926,
        "alphaie": 0.6169265101221042,
        "alphaii": 0.509648253347065,
        "deltae": 0.09258330930460941,
        "deltai": 0.123392964394358,
        "eta0e": 4.4189202036502095,
        "eta0i": 4.188511616957408,
        "kappa_gapee": 0.10611547872915313,
        "kappa_gapei": 0.21260148145493132,
        "kappa_gapii": 0.3113854407189651,
        "kappa_see": 0.8100241276559434,
        "kappa_sei": 0.3442637092707611,
        "kappa_sie": 1.8873034332568044,
        "kappa_sii": 4.46601544567889,
        "sigma_se": 0.040796556886224807,
        "sigma_si": 0.03215692090088878,
        "taue": 22.832720358802835,
        "taui": 16.780843428628845,
        "tauxe": 43.28618863735378,
        "tauxi": 45.58609609544969,
        "vsyn_ee": 17.148481941549747,
        "vsyn_ei": 16.505911855647053,
        "vsyn_ie": -42.1105061306561,
        "vsyn_ii": -39.971348190587335
    },
    "timestamp": 1746279343
}