{
    "fitness": 119.6304958262966,
    "generation": 0,
    "parameters": {
        "alphaee": 0.5243560819734735,
        "alphaei": 0.14585707403742454,
        "alphaie": 0.20272820058641602,
        "alphaii": 0.9947887987178162,
        "deltae": 0.4324042387854307,
        "deltai": 0.33315907520148963,
        "eta0e": 0.6990146459068282,
        "eta0i": 4.764613311147367,
        "kappa_gapee": 0.1645634896656365,
        "kappa_gapei": 0.1821014548464696,
        "kappa_gapii": 0.22588960173405523,
        "kappa_see": 5.874368199808246,
        "kappa_sei": 4.454383224289004,
        "kappa_sie": 4.185997800834345,
        "kappa_sii": 3.775406138135152,
        "sigma_se": 0.03522817710058384,
        "sigma_si": 0.024462959473771397,
        "taue": 6.439732186514646,
        "taui": 20.26268417474455,
        "tauxe": 88.96828347619139,
        "tauxi": 34.708727361693505,
        "vsyn_ee": 19.102527995416388,
        "vsyn_ei": 19.132794738711926,
        "vsyn_ie": -17.055443507426446,
        "vsyn_ii": -91.45942343562855
    },
    "timestamp": 1746279306
}