{
    "fitness": 110.86669456482024,
    "generation": 0,
    "parameters": {
        "alphaee": 0.9603597753326945,
        "alphaei": 0.9214930755945574,
        "alphaie": 0.17527355865019062,
        "alphaii": 0.6147816190213041,
        "deltae": 0.2483111039308628,
        "deltai": 0.49231158966429883,
        "eta0e": 3.379450892394603,
        "eta0i": 4.029138767485812,
        "kappa_gapee": 0.1525924683016332,
        "kappa_gapei": 0.0345229792967556,
        "kappa_gapii": 0.5794464466663328,
        "kappa_see": 3.7359337980083067,
        "kappa_sei": 8.72986444414697,
        "kappa_sie": 7.016957015905069,
        "kappa_sii": 0.3896549858891567,
        "sigma_se": 0.07636376798126723,
        "sigma_si": 0.016458088279420465,
        "taue": 23.977694679400507,
        "taui": 8.87253344299772,
        "tauxe": 29.005611054653464,
        "tauxi": 86.06522237903224,
        "vsyn_ee": 12.954510856774732,
        "vsyn_ei": 17.466177467932322,
        "vsyn_ie": -76.12410321145101,
        "vsyn_ii": -58.91226565860407
    },
    "timestamp": 1746279416
}