{
    "fitness": 173.8931658110298,
    "generation": 0,
    "parameters": {
        "alphaee": 0.6361339720829335,
        "alphaei": 0.08470664407353647,
        "alphaie": 0.07359483934440395,
        "alphaii": 0.8594401410723562,
        "deltae": 0.3287680902717963,
        "deltai": 0.1912501672796632,
        "eta0e": 0.4793527395542271,
        "eta0i": 0.3140525702190166,
        "kappa_gapee": 0.04326368932383459,
        "kappa_gapei": 0.17533314224803875,
        "kappa_gapii": 0.5289432129420985,
        "kappa_see": 1.3515226978604813,
        "kappa_sei": 1.7038550308750526,
        "kappa_sie": 7.256978572851396,
        "kappa_sii": 9.776704491746596,
        "sigma_se": 0.05346798220929899,
        "sigma_si": 0.06495968943095295,
        "taue": 21.812735154036087,
        "taui": 10.932729428810028,
        "tauxe": 61.088216267758206,
        "tauxi": 22.346424221917317,
        "vsyn_ee": 2.4972295898913517,
        "vsyn_ei": 15.70852142982605,
        "vsyn_ie": -71.85992663150809,
        "vsyn_ii": -60.57593589644715
    },
    "timestamp": 1746279355
}