{
    "fitness": 66.8079531786518,
    "generation": 0,
    "parameters": {
        "alphaee": 0.8704428463464127,
        "alphaei": 0.24714378509332555,
        "alphaie": 0.3596229962701588,
        "alphaii": 0.8462292929958949,
        "deltae": 0.1258173679116062,
        "deltai": 0.5635681151694439,
        "eta0e": 0.7045320266633193,
        "eta0i": 4.193105743590023,
        "kappa_gapee": 0.0,
        "kappa_gapei": 0.4566644983295888,
        "kappa_gapii": 0.4978383073229951,
        "kappa_see": 1.0780008683361773,
        "kappa_sei": 8.511816206327671,
        "kappa_sie": 7.662702276830202,
        "kappa_sii": 0.34055315999003966,
        "sigma_se": 0.1,
        "sigma_si": 0.01,
        "taue": 15.519309496397849,
        "taui": 19.192192830555626,
        "tauxe": 41.74962276263436,
        "tauxi": 41.478854085898746,
        "vsyn_ee": 18.984335585565866,
        "vsyn_ei": 14.48724648400051,
        "vsyn_ie": -56.339644191636246,
        "vsyn_ii": -33.64184798177004
    },
    "timestamp": 1746278497
}