{
    "fitness": 45.60610001512069,
    "generation": 0,
    "parameters": {
        "alphaee": 0.278253348367364,
        "alphaei": 0.24714378509332555,
        "alphaie": 0.23840817380117313,
        "alphaii": 0.8462292929958949,
        "deltae": 0.1258173679116062,
        "deltai": 0.46110828317713837,
        "eta0e": 1.375091669915201,
        "eta0i": 0.24346614338545955,
        "kappa_gapee": 0.0,
        "kappa_gapei": 0.4956466460342629,
        "kappa_gapii": 0.61625404935884,
        "kappa_see": 9.423176075934641,
        "kappa_sei": 8.511816206327671,
        "kappa_sie": 7.662702276830202,
        "kappa_sii": 0.17035025487226796,
        "sigma_se": 0.1,
        "sigma_si": 0.09874504435076333,
        "taue": 15.519309496397849,
        "taui": 19.192192830555626,
        "tauxe": 41.74962276263436,
        "tauxi": 55.25122352709719,
        "vsyn_ee": 7.807970284980439,
        "vsyn_ei": 14.48724648400051,
        "vsyn_ie": -56.339644191636246,
        "vsyn_ii": -81.59572925075578
    },
    "timestamp": 1746278898
}