{
    "fitness": 43.59869305076685,
    "generation": 0,
    "parameters": {
        "alphaee": 0.793584208786106,
        "alphaei": 0.01,
        "alphaie": 0.23840817380117313,
        "alphaii": 0.8462292929958949,
        "deltae": 0.1258173679116062,
        "deltai": 0.46110828317713837,
        "eta0e": 1.375091669915201,
        "eta0i": 0.24346614338545955,
        "kappa_gapee": 0.0,
        "kappa_gapei": 0.4956466460342629,
        "kappa_gapii": 0.61625404935884,
        "kappa_see": 7.082833044228134,
        "kappa_sei": 6.449039871150585,
        "kappa_sie": 7.662702276830202,
        "kappa_sii": 8.987456423840149,
        "sigma_se": 0.1,
        "sigma_si": 0.09874504435076333,
        "taue": 15.519309496397849,
        "taui": 10.001240020453467,
        "tauxe": 31.187032079354434,
        "tauxi": 55.0779469925719,
        "vsyn_ee": 7.807970284980439,
        "vsyn_ei": 14.442493093752622,
        "vsyn_ie": -56.339644191636246,
        "vsyn_ii": -33.83869026096831
    },
    "timestamp": 1746278638
}