{
    "fitness": 126.63595822458552,
    "generation": 0,
    "parameters": {
        "alphaee": 0.3258020615240513,
        "alphaei": 0.3373554374499787,
        "alphaie": 0.8563541088982268,
        "alphaii": 0.7121011212522645,
        "deltae": 0.37494422651355314,
        "deltai": 0.2293342464449465,
        "eta0e": 3.3511770114481134,
        "eta0i": 1.661359005695223,
        "kappa_gapee": 0.18815298641866762,
        "kappa_gapei": 0.1856538226128108,
        "kappa_gapii": 0.5818132757357214,
        "kappa_see": 8.945475237993326,
        "kappa_sei": 1.0205715811899885,
        "kappa_sie": 4.77900939041199,
        "kappa_sii": 0.5461719901012001,
        "sigma_se": 0.02375483250947618,
        "sigma_si": 0.039694122140074506,
        "taue": 9.485915378621431,
        "taui": 22.626233073722556,
        "tauxe": 76.50939906729974,
        "tauxi": 59.22842777220378,
        "vsyn_ee": 19.518214391685486,
        "vsyn_ei": 11.900397166654425,
        "vsyn_ie": -75.3125211297882,
        "vsyn_ii": -92.67437916429165
    },
    "timestamp": 1746279257
}