{
    "fitness": 69.37927314514556,
    "generation": 0,
    "parameters": {
        "alphaee": 0.8484601565013821,
        "alphaei": 0.01,
        "alphaie": 0.23840817380117313,
        "alphaii": 0.8462292929958949,
        "deltae": 0.1258173679116062,
        "deltai": 0.46110828317713837,
        "eta0e": 1.375091669915201,
        "eta0i": 4.867742767332486,
        "kappa_gapee": 0.2,
        "kappa_gapei": 0.4785952439849098,
        "kappa_gapii": 0.6832649307015792,
        "kappa_see": 9.423176075934641,
        "kappa_sei": 3.761899286400282,
        "kappa_sie": 7.659376359954293,
        "kappa_sii": 9.004536317902419,
        "sigma_se": 0.08641773746246027,
        "sigma_si": 0.09874504435076333,
        "taue": 15.529273385841805,
        "taui": 19.192192830555626,
        "tauxe": 31.187032079354434,
        "tauxi": 54.792888118968705,
        "vsyn_ee": 7.807970284980439,
        "vsyn_ei": 14.582299160408033,
        "vsyn_ie": -56.339644191636246,
        "vsyn_ii": -33.47124062196486
    },
    "timestamp": 1746278780
}