{
    "fitness": 51.789628033491525,
    "generation": 0,
    "parameters": {
        "alphaee": 0.9518642227481767,
        "alphaei": 0.846752345731288,
        "alphaie": 0.249513570803235,
        "alphaii": 0.5400836292834816,
        "deltae": 0.1258173679116062,
        "deltai": 0.5888621104971415,
        "eta0e": 1.1735730954831567,
        "eta0i": 0.24346614338545955,
        "kappa_gapee": 0.0,
        "kappa_gapei": 0.43707049122159736,
        "kappa_gapii": 0.12463267859714432,
        "kappa_see": 3.5722890314716844,
        "kappa_sei": 5.107530809567122,
        "kappa_sie": 7.662702276830202,
        "kappa_sii": 6.307825196477858,
        "sigma_se": 0.08926333756018999,
        "sigma_si": 0.01,
        "taue": 6.292650706822011,
        "taui": 18.550740300839372,
        "tauxe": 84.6071097473028,
        "tauxi": 45.46268103360662,
        "vsyn_ee": 11.656156721091504,
        "vsyn_ei": 6.458480304078836,
        "vsyn_ie": -77.32674805330429,
        "vsyn_ii": -34.18001303599455
    },
    "timestamp": 1746285042
}