{
    "fitness": 52.449233922419126,
    "generation": 0,
    "parameters": {
        "alphaee": 0.639271341613104,
        "alphaei": 0.846752345731288,
        "alphaie": 0.205198234841609,
        "alphaii": 0.6385747965311135,
        "deltae": 0.137669922185731,
        "deltai": 0.13524451023943768,
        "eta0e": 1.1735730954831567,
        "eta0i": 4.596682290371268,
        "kappa_gapee": 0.0,
        "kappa_gapei": 0.43707049122159736,
        "kappa_gapii": 0.12463267859714432,
        "kappa_see": 3.48615197067594,
        "kappa_sei": 5.107530809567122,
        "kappa_sie": 7.662702276830202,
        "kappa_sii": 6.792715286177563,
        "sigma_se": 0.1,
        "sigma_si": 0.1,
        "taue": 6.292650706822011,
        "taui": 18.550740300839372,
        "tauxe": 84.6071097473028,
        "tauxi": 55.25122352709719,
        "vsyn_ee": 7.807970284980439,
        "vsyn_ei": 15.51873505894248,
        "vsyn_ie": -89.40618665099603,
        "vsyn_ii": -34.18001303599455
    },
    "timestamp": 1746285127
}