{
    "fitness": 38.04085957235954,
    "generation": 0,
    "parameters": {
        "alphaee": 1.0,
        "alphaei": 0.5990797106169313,
        "alphaie": 0.627700705092151,
        "alphaii": 0.5400836292834816,
        "deltae": 0.1258173679116062,
        "deltai": 0.46110828317713837,
        "eta0e": 0.5759496082758016,
        "eta0i": 0.24346614338545955,
        "kappa_gapee": 0.0,
        "kappa_gapei": 0.4566644983295888,
        "kappa_gapii": 0.12463267859714432,
        "kappa_see": 9.686910996151749,
        "kappa_sei": 5.107530809567122,
        "kappa_sie": 7.662702276830202,
        "kappa_sii": 6.307825196477858,
        "sigma_se": 0.1,
        "sigma_si": 0.01,
        "taue": 6.297632596103627,
        "taui": 18.202370550676218,
        "tauxe": 84.62455382323516,
        "tauxi": 55.489161532860045,
        "vsyn_ee": 11.656156721091504,
        "vsyn_ei": 6.482832760187893,
        "vsyn_ie": -77.32674805330429,
        "vsyn_ii": -34.18001303599455
    },
    "timestamp": 1746284778
}