{
    "fitness": 77.87755190575783,
    "generation": 0,
    "parameters": {
        "alphaee": 1.0,
        "alphaei": 0.846752345731288,
        "alphaie": 0.23840817380117313,
        "alphaii": 0.5400836292834816,
        "deltae": 0.1258173679116062,
        "deltai": 0.46110828317713837,
        "eta0e": 1.1735730954831567,
        "eta0i": 0.24346614338545955,
        "kappa_gapee": 0.0,
        "kappa_gapei": 0.4566644983295888,
        "kappa_gapii": 0.4641321728724396,
        "kappa_see": 3.48615197067594,
        "kappa_sei": 5.107530809567122,
        "kappa_sie": 7.662702276830202,
        "kappa_sii": 6.792715286177563,
        "sigma_se": 0.1,
        "sigma_si": 0.1,
        "taue": 6.292650706822011,
        "taui": 19.192192830555626,
        "tauxe": 84.6071097473028,
        "tauxi": 55.489161532860045,
        "vsyn_ee": 11.656156721091504,
        "vsyn_ei": 6.482832760187893,
        "vsyn_ie": -77.32674805330429,
        "vsyn_ii": -34.18001303599455
    },
    "timestamp": 1746284668
}