{
    "fitness": 92.43545083557389,
    "generation": 0,
    "parameters": {
        "alphaee": 0.639271341613104,
        "alphaei": 0.7289414131231717,
        "alphaie": 0.5497372562612568,
        "alphaii": 0.5400836292834816,
        "deltae": 0.05,
        "deltai": 0.46110828317713837,
        "eta0e": 1.1735730954831567,
        "eta0i": 0.24346614338545955,
        "kappa_gapee": 0.0,
        "kappa_gapei": 0.43707049122159736,
        "kappa_gapii": 0.257547775716015,
        "kappa_see": 3.48615197067594,
        "kappa_sei": 5.345476796330887,
        "kappa_sie": 9.937803620501718,
        "kappa_sii": 6.307825196477858,
        "sigma_se": 0.1,
        "sigma_si": 0.1,
        "taue": 6.6487236054695185,
        "taui": 19.192192830555626,
        "tauxe": 84.6071097473028,
        "tauxi": 45.119755932898556,
        "vsyn_ee": 11.656156721091504,
        "vsyn_ei": 6.482832760187893,
        "vsyn_ie": -77.16439743409263,
        "vsyn_ii": -53.854938199410796
    },
    "timestamp": 1746284992
}