{
    "fitness": 37.08285506665175,
    "generation": 0,
    "parameters": {
        "alphaee": 0.639271341613104,
        "alphaei": 0.846752345731288,
        "alphaie": 0.23840817380117313,
        "alphaii": 0.5400836292834816,
        "deltae": 0.1258173679116062,
        "deltai": 0.46110828317713837,
        "eta0e": 1.1735730954831567,
        "eta0i": 0.24182469796948322,
        "kappa_gapee": 0.0,
        "kappa_gapei": 0.43707049122159736,
        "kappa_gapii": 0.12463267859714432,
        "kappa_see": 3.5722890314716844,
        "kappa_sei": 5.188134128142617,
        "kappa_sie": 7.692560058062522,
        "kappa_sii": 6.792715286177563,
        "sigma_se": 0.1,
        "sigma_si": 0.1,
        "taue": 6.48603422516504,
        "taui": 18.550740300839372,
        "tauxe": 84.6071097473028,
        "tauxi": 45.46268103360662,
        "vsyn_ee": 11.43372491427763,
        "vsyn_ei": 6.458480304078836,
        "vsyn_ie": -77.32674805330429,
        "vsyn_ii": -34.18001303599455
    },
    "timestamp": 1746285103
}