{
    "fitness": 114.32027254767873,
    "generation": 0,
    "parameters": {
        "alphaee": 0.639271341613104,
        "alphaei": 0.10973630163266242,
        "alphaie": 0.627700705092151,
        "alphaii": 0.5400836292834816,
        "deltae": 0.1258173679116062,
        "deltai": 0.5888621104971415,
        "eta0e": 0.4823127226174722,
        "eta0i": 0.24346614338545955,
        "kappa_gapee": 0.0,
        "kappa_gapei": 0.43707049122159736,
        "kappa_gapii": 0.12463267859714432,
        "kappa_see": 9.686910996151749,
        "kappa_sei": 5.107530809567122,
        "kappa_sie": 7.662702276830202,
        "kappa_sii": 9.004536317902419,
        "sigma_se": 0.01,
        "sigma_si": 0.1,
        "taue": 6.48603422516504,
        "taui": 18.550740300839372,
        "tauxe": 84.6071097473028,
        "tauxi": 45.46268103360662,
        "vsyn_ee": 11.656156721091504,
        "vsyn_ei": 6.482832760187893,
        "vsyn_ie": -56.951086486989766,
        "vsyn_ii": -34.18001303599455
    },
    "timestamp": 1746284658
}