{
    "fitness": 36.30115547873145,
    "generation": 0,
    "parameters": {
        "alphaee": 0.639271341613104,
        "alphaei": 0.7289414131231717,
        "alphaie": 0.23840817380117313,
        "alphaii": 0.32196349747103814,
        "deltae": 0.1258173679116062,
        "deltai": 0.5888621104971415,
        "eta0e": 1.1735730954831567,
        "eta0i": 0.24346614338545955,
        "kappa_gapee": 0.0,
        "kappa_gapei": 0.43707049122159736,
        "kappa_gapii": 0.12463267859714432,
        "kappa_see": 3.48615197067594,
        "kappa_sei": 5.345476796330887,
        "kappa_sie": 7.662702276830202,
        "kappa_sii": 6.307825196477858,
        "sigma_se": 0.1,
        "sigma_si": 0.1,
        "taue": 6.292650706822011,
        "taui": 18.202370550676218,
        "tauxe": 84.63545888051848,
        "tauxi": 45.46268103360662,
        "vsyn_ee": 11.656156721091504,
        "vsyn_ei": 6.482832760187893,
        "vsyn_ie": -77.32674805330429,
        "vsyn_ii": -34.18001303599455
    },
    "timestamp": 1746285067
}