{
    "fitness": 52.69432180854005,
    "generation": 0,
    "parameters": {
        "alphaee": 0.639271341613104,
        "alphaei": 0.846752345731288,
        "alphaie": 0.23840817380117313,
        "alphaii": 0.5400836292834816,
        "deltae": 0.1258173679116062,
        "deltai": 0.46110828317713837,
        "eta0e": 1.1733601553298756,
        "eta0i": 0.24346614338545955,
        "kappa_gapee": 0.0,
        "kappa_gapei": 0.49524106501013654,
        "kappa_gapii": 0.12463267859714432,
        "kappa_see": 3.48615197067594,
        "kappa_sei": 5.107530809567122,
        "kappa_sie": 7.662702276830202,
        "kappa_sii": 6.792715286177563,
        "sigma_se": 0.1,
        "sigma_si": 0.01723235407239098,
        "taue": 6.292650706822011,
        "taui": 18.550740300839372,
        "tauxe": 84.66338409769769,
        "tauxi": 55.43726937657753,
        "vsyn_ee": 11.727926220498345,
        "vsyn_ei": 6.269887321317123,
        "vsyn_ie": -77.32674805330429,
        "vsyn_ii": -53.755117462726325
    },
    "timestamp": 1746285247
}