{
    "fitness": 36.66597770577589,
    "generation": 0,
    "parameters": {
        "alphaee": 0.639271341613104,
        "alphaei": 0.846752345731288,
        "alphaie": 0.249513570803235,
        "alphaii": 0.5400836292834816,
        "deltae": 0.1258173679116062,
        "deltai": 0.5888621104971415,
        "eta0e": 1.1735730954831567,
        "eta0i": 0.24346614338545955,
        "kappa_gapee": 0.0,
        "kappa_gapei": 0.43707049122159736,
        "kappa_gapii": 0.12463267859714432,
        "kappa_see": 3.48615197067594,
        "kappa_sei": 5.107530809567122,
        "kappa_sie": 10.0,
        "kappa_sii": 6.630467244134148,
        "sigma_se": 0.08926333756018999,
        "sigma_si": 0.1,
        "taue": 6.292650706822011,
        "taui": 19.289865605907504,
        "tauxe": 84.6071097473028,
        "tauxi": 55.12918392809358,
        "vsyn_ee": 11.656156721091504,
        "vsyn_ei": 6.482832760187893,
        "vsyn_ie": -56.339644191636246,
        "vsyn_ii": -34.18001303599455
    },
    "timestamp": 1746285115
}