{
    "fitness": 175.28697586933254,
    "generation": 0,
    "parameters": {
        "alphaee": 0.8704428463464127,
        "alphaei": 0.01,
        "alphaie": 0.205198234841609,
        "alphaii": 0.5554401890046133,
        "deltae": 0.1258173679116062,
        "deltai": 0.13524451023943768,
        "eta0e": 1.1735730954831567,
        "eta0i": 4.596682290371268,
        "kappa_gapee": 0.0,
        "kappa_gapei": 0.43707049122159736,
        "kappa_gapii": 0.0,
        "kappa_see": 3.524183492834741,
        "kappa_sei": 5.107530809567122,
        "kappa_sie": 9.937803620501718,
        "kappa_sii": 2.5750655955165214,
        "sigma_se": 0.1,
        "sigma_si": 0.1,
        "taue": 6.650413836956819,
        "taui": 19.192192830555626,
        "tauxe": 84.6071097473028,
        "tauxi": 55.25122352709719,
        "vsyn_ee": 11.656156721091504,
        "vsyn_ei": 15.51873505894248,
        "vsyn_ie": -89.40618665099603,
        "vsyn_ii": -33.5305706619113
    },
    "timestamp": 1746285151
}