{
    "fitness": 56.024849791624945,
    "generation": 0,
    "parameters": {
        "alphaee": 0.639271341613104,
        "alphaei": 0.846752345731288,
        "alphaie": 0.249513570803235,
        "alphaii": 0.5197362024802112,
        "deltae": 0.1258173679116062,
        "deltai": 0.46110828317713837,
        "eta0e": 1.1735730954831567,
        "eta0i": 0.23459184111559087,
        "kappa_gapee": 0.05341631674012696,
        "kappa_gapei": 0.43707049122159736,
        "kappa_gapii": 0.12463267859714432,
        "kappa_see": 3.5722890314716844,
        "kappa_sei": 5.107530809567122,
        "kappa_sie": 9.937803620501718,
        "kappa_sii": 6.307825196477858,
        "sigma_se": 0.08926333756018999,
        "sigma_si": 0.1,
        "taue": 6.458547411395464,
        "taui": 19.27256272491882,
        "tauxe": 84.6071097473028,
        "tauxi": 55.12918392809358,
        "vsyn_ee": 11.656156721091504,
        "vsyn_ei": 6.458480304078836,
        "vsyn_ie": -77.16439743409263,
        "vsyn_ii": -34.18001303599455
    },
    "timestamp": 1746284955
}