{
    "fitness": 37.40583663165524,
    "generation": 0,
    "parameters": {
        "alphaee": 0.639271341613104,
        "alphaei": 0.7289414131231717,
        "alphaie": 0.23840817380117313,
        "alphaii": 0.32927598206783176,
        "deltae": 0.1258173679116062,
        "deltai": 0.46110828317713837,
        "eta0e": 1.1735730954831567,
        "eta0i": 0.24346614338545955,
        "kappa_gapee": 0.0,
        "kappa_gapei": 0.43707049122159736,
        "kappa_gapii": 0.257547775716015,
        "kappa_see": 3.48615197067594,
        "kappa_sei": 5.345476796330887,
        "kappa_sie": 7.623420332202307,
        "kappa_sii": 6.307825196477858,
        "sigma_se": 0.08926333756018999,
        "sigma_si": 0.01723235407239098,
        "taue": 6.458547411395464,
        "taui": 19.192192830555626,
        "tauxe": 84.6071097473028,
        "tauxi": 45.46268103360662,
        "vsyn_ee": 11.656156721091504,
        "vsyn_ei": 6.482832760187893,
        "vsyn_ie": -77.16439743409263,
        "vsyn_ii": -53.854938199410796
    },
    "timestamp": 1746284359
}