{
    "fitness": 51.5473019851525,
    "generation": 0,
    "parameters": {
        "alphaee": 0.639271341613104,
        "alphaei": 0.01,
        "alphaie": 0.249513570803235,
        "alphaii": 0.5400836292834816,
        "deltae": 0.1258173679116062,
        "deltai": 0.05,
        "eta0e": 1.1733601553298756,
        "eta0i": 0.24346614338545955,
        "kappa_gapee": 0.0,
        "kappa_gapei": 0.43707049122159736,
        "kappa_gapii": 0.257547775716015,
        "kappa_see": 3.48615197067594,
        "kappa_sei": 5.107530809567122,
        "kappa_sie": 7.662702276830202,
        "kappa_sii": 6.149185225115514,
        "sigma_se": 0.1,
        "sigma_si": 0.1,
        "taue": 6.650413836956819,
        "taui": 19.192192830555626,
        "tauxe": 84.6071097473028,
        "tauxi": 55.25122352709719,
        "vsyn_ee": 11.656156721091504,
        "vsyn_ei": 6.482832760187893,
        "vsyn_ie": -56.339644191636246,
        "vsyn_ii": -34.18001303599455
    },
    "timestamp": 1746284716
}