{
    "fitness": 90.15955660609619,
    "generation": 0,
    "parameters": {
        "alphaee": 0.8704428463464127,
        "alphaei": 0.8064642025622447,
        "alphaie": 0.205198234841609,
        "alphaii": 0.5400836292834816,
        "deltae": 0.137669922185731,
        "deltai": 0.5888621104971415,
        "eta0e": 1.1735730954831567,
        "eta0i": 4.596682290371268,
        "kappa_gapee": 0.0,
        "kappa_gapei": 0.43707049122159736,
        "kappa_gapii": 0.3191972758685142,
        "kappa_see": 3.48615197067594,
        "kappa_sei": 5.107530809567122,
        "kappa_sie": 7.662702276830202,
        "kappa_sii": 2.5750655955165214,
        "sigma_se": 0.1,
        "sigma_si": 0.1,
        "taue": 6.292650706822011,
        "taui": 19.192192830555626,
        "tauxe": 84.6071097473028,
        "tauxi": 55.25122352709719,
        "vsyn_ee": 7.807970284980439,
        "vsyn_ei": 6.482832760187893,
        "vsyn_ie": -77.32674805330429,
        "vsyn_ii": -33.5305706619113
    },
    "timestamp": 1746284867
}