{
    "fitness": 61.590029072259185,
    "generation": 0,
    "parameters": {
        "alphaee": 0.6290431241123909,
        "alphaei": 0.846752345731288,
        "alphaie": 0.23840817380117313,
        "alphaii": 0.5400836292834816,
        "deltae": 0.1258173679116062,
        "deltai": 0.46110828317713837,
        "eta0e": 1.1735730954831567,
        "eta0i": 0.24346614338545955,
        "kappa_gapee": 0.0,
        "kappa_gapei": 0.43707049122159736,
        "kappa_gapii": 0.17601315928470396,
        "kappa_see": 3.5722890314716844,
        "kappa_sei": 5.107530809567122,
        "kappa_sie": 9.937803620501718,
        "kappa_sii": 6.307825196477858,
        "sigma_se": 0.08926333756018999,
        "sigma_si": 0.01723235407239098,
        "taue": 6.458547411395464,
        "taui": 19.469825285657393,
        "tauxe": 84.6071097473028,
        "tauxi": 55.25122352709719,
        "vsyn_ee": 11.656156721091504,
        "vsyn_ei": 6.482832760187893,
        "vsyn_ie": -77.32674805330429,
        "vsyn_ii": -34.234701042018855
    },
    "timestamp": 1746284842
}