{
    "fitness": 52.78441702369496,
    "generation": 0,
    "parameters": {
        "alphaee": 0.8704428463464127,
        "alphaei": 0.9960410050675615,
        "alphaie": 0.205198234841609,
        "alphaii": 0.6385747965311135,
        "deltae": 0.1258173679116062,
        "deltai": 0.13524451023943768,
        "eta0e": 1.1735730954831567,
        "eta0i": 0.24346614338545955,
        "kappa_gapee": 0.0,
        "kappa_gapei": 0.43707049122159736,
        "kappa_gapii": 0.27201311393035205,
        "kappa_see": 3.48615197067594,
        "kappa_sei": 5.107530809567122,
        "kappa_sie": 7.792342083004899,
        "kappa_sii": 6.307825196477858,
        "sigma_se": 0.08926333756018999,
        "sigma_si": 0.01723235407239098,
        "taue": 15.295747913355804,
        "taui": 19.192192830555626,
        "tauxe": 84.40090988795923,
        "tauxi": 55.25122352709719,
        "vsyn_ee": 7.807970284980439,
        "vsyn_ei": 15.51873505894248,
        "vsyn_ie": -77.56451925091558,
        "vsyn_ii": -33.5305706619113
    },
    "timestamp": 1746285079
}