{
    "fitness": 46.06990270842448,
    "generation": 0,
    "parameters": {
        "alphaee": 0.639271341613104,
        "alphaei": 0.01,
        "alphaie": 0.249513570803235,
        "alphaii": 0.6385747965311135,
        "deltae": 0.1258173679116062,
        "deltai": 0.46110828317713837,
        "eta0e": 1.1398081009725185,
        "eta0i": 0.24346614338545955,
        "kappa_gapee": 0.0,
        "kappa_gapei": 0.43707049122159736,
        "kappa_gapii": 0.12463267859714432,
        "kappa_see": 3.48615197067594,
        "kappa_sei": 5.074671185490651,
        "kappa_sie": 7.662702276830202,
        "kappa_sii": 2.5750655955165214,
        "sigma_se": 0.1,
        "sigma_si": 0.1,
        "taue": 6.650413836956819,
        "taui": 19.192192830555626,
        "tauxe": 84.6071097473028,
        "tauxi": 55.25122352709719,
        "vsyn_ee": 11.700487325672762,
        "vsyn_ei": 15.51873505894248,
        "vsyn_ie": -89.40618665099603,
        "vsyn_ii": -33.5305706619113
    },
    "timestamp": 1746285236
}