{
    "fitness": 67.7282032967372,
    "generation": 0,
    "parameters": {
        "alphaee": 0.639271341613104,
        "alphaei": 0.7289414131231717,
        "alphaie": 0.23840817380117313,
        "alphaii": 0.15390805717720998,
        "deltae": 0.12177292075778347,
        "deltai": 0.46110828317713837,
        "eta0e": 1.0728957734431022,
        "eta0i": 0.2410508627411624,
        "kappa_gapee": 0.0,
        "kappa_gapei": 0.43707049122159736,
        "kappa_gapii": 0.12463267859714432,
        "kappa_see": 3.5722890314716844,
        "kappa_sei": 5.107530809567122,
        "kappa_sie": 7.623420332202307,
        "kappa_sii": 6.307825196477858,
        "sigma_se": 0.08926333756018999,
        "sigma_si": 0.1,
        "taue": 6.48603422516504,
        "taui": 19.192192830555626,
        "tauxe": 84.85142446749572,
        "tauxi": 45.63373180961123,
        "vsyn_ee": 11.512176100262904,
        "vsyn_ei": 6.482832760187893,
        "vsyn_ie": -56.189252619700845,
        "vsyn_ii": -33.97824437220045
    },
    "timestamp": 1746284967
}