{
    "fitness": 64.35690479631597,
    "generation": 0,
    "parameters": {
        "alphaee": 0.8642103563924322,
        "alphaei": 0.846752345731288,
        "alphaie": 0.23840817380117313,
        "alphaii": 0.5400836292834816,
        "deltae": 0.08720766778122613,
        "deltai": 0.5888621104971415,
        "eta0e": 1.1735730954831567,
        "eta0i": 0.24346614338545955,
        "kappa_gapee": 0.0,
        "kappa_gapei": 0.43707049122159736,
        "kappa_gapii": 0.12463267859714432,
        "kappa_see": 3.48615197067594,
        "kappa_sei": 5.107530809567122,
        "kappa_sie": 7.662702276830202,
        "kappa_sii": 2.5750655955165214,
        "sigma_se": 0.1,
        "sigma_si": 0.1,
        "taue": 15.519309496397849,
        "taui": 19.27571685290594,
        "tauxe": 84.6071097473028,
        "tauxi": 45.46268103360662,
        "vsyn_ee": 11.656156721091504,
        "vsyn_ei": 6.669284496177552,
        "vsyn_ie": -77.32674805330429,
        "vsyn_ii": -33.5305706619113
    },
    "timestamp": 1746285139
}