{
    "fitness": 59.43333784174742,
    "generation": 0,
    "parameters": {
        "alphaee": 0.639271341613104,
        "alphaei": 0.7289414131231717,
        "alphaie": 0.1923503898600994,
        "alphaii": 0.5400836292834816,
        "deltae": 0.1258173679116062,
        "deltai": 0.46110828317713837,
        "eta0e": 1.1284558880344822,
        "eta0i": 0.24346614338545955,
        "kappa_gapee": 0.0,
        "kappa_gapei": 0.18525879535053175,
        "kappa_gapii": 0.12463267859714432,
        "kappa_see": 3.5722890314716844,
        "kappa_sei": 5.345476796330887,
        "kappa_sie": 7.623420332202307,
        "kappa_sii": 6.307825196477858,
        "sigma_se": 0.08926333756018999,
        "sigma_si": 0.1,
        "taue": 6.48603422516504,
        "taui": 19.27256272491882,
        "tauxe": 84.6071097473028,
        "tauxi": 55.12918392809358,
        "vsyn_ee": 11.656156721091504,
        "vsyn_ei": 6.458480304078836,
        "vsyn_ie": -56.339644191636246,
        "vsyn_ii": -53.854938199410796
    },
    "timestamp": 1746284728
}