{
    "fitness": 58.83389519779438,
    "generation": 0,
    "parameters": {
        "alphaee": 0.9276567001523963,
        "alphaei": 0.05259644072900218,
        "alphaie": 0.1871752717112111,
        "alphaii": 0.15140977328200134,
        "deltae": 0.40417143348262835,
        "deltai": 0.5159937080113224,
        "eta0e": 1.5964314104534505,
        "eta0i": 4.193105743590023,
        "kappa_gapee": 0.11236499112222641,
        "kappa_gapei": 0.016270290229049803,
        "kappa_gapii": 0.2488148209688936,
        "kappa_see": 1.2837902364438403,
        "kappa_sei": 8.17343414790981,
        "kappa_sie": 9.315025748092962,
        "kappa_sii": 3.755373120111965,
        "sigma_se": 0.09109506557145501,
        "sigma_si": 0.08735413138321653,
        "taue": 21.769878318791747,
        "taui": 5.8819582274117055,
        "tauxe": 41.74962276263436,
        "tauxi": 32.02419148495647,
        "vsyn_ee": 14.268781544624265,
        "vsyn_ei": 10.234906586072837,
        "vsyn_ie": -10.783820625601123,
        "vsyn_ii": -23.563440123512734
    },
    "timestamp": 1746273836
}