{
    "fitness": 51.675395727418085,
    "generation": 0,
    "parameters": {
        "alphaee": 0.5209303159498393,
        "alphaei": 0.12898172704266644,
        "alphaie": 0.43836512226066016,
        "alphaii": 0.2513007855952211,
        "deltae": 0.0899775558706078,
        "deltai": 0.49744538198419347,
        "eta0e": 1.4271648808223623,
        "eta0i": 0.1954814027449933,
        "kappa_gapee": 0.0153323500407243,
        "kappa_gapei": 0.3141019892739393,
        "kappa_gapii": 0.5214291934741475,
        "kappa_see": 4.012408587370582,
        "kappa_sei": 2.190032210993341,
        "kappa_sie": 9.012385684911099,
        "kappa_sii": 5.791433440684773,
        "sigma_se": 0.022551421871319352,
        "sigma_si": 0.045966893890203704,
        "taue": 8.573012882784775,
        "taui": 16.710851087349067,
        "tauxe": 66.02789528852101,
        "tauxi": 27.39019709079178,
        "vsyn_ee": 14.481630609548649,
        "vsyn_ei": 17.968341536316377,
        "vsyn_ie": -86.75254462813824,
        "vsyn_ii": -44.12832902986593
    },
    "timestamp": 1746274559
}