{
    "fitness": 49.397626067241326,
    "generation": 0,
    "parameters": {
        "alphaee": 0.9276567001523963,
        "alphaei": 0.05259644072900218,
        "alphaie": 0.1871752717112111,
        "alphaii": 0.15053774455268323,
        "deltae": 0.5136889649129339,
        "deltai": 0.46110828317713837,
        "eta0e": 0.14238999401216662,
        "eta0i": 0.24141964423071435,
        "kappa_gapee": 0.11236499112222641,
        "kappa_gapei": 0.0716532773908472,
        "kappa_gapii": 0.7519754783863452,
        "kappa_see": 7.282205928726163,
        "kappa_sei": 3.761899286400282,
        "kappa_sie": 0.22051056076986528,
        "kappa_sii": 0.7141780171164447,
        "sigma_se": 0.06572510601463945,
        "sigma_si": 0.039058510997416154,
        "taue": 20.932397205815228,
        "taui": 12.594655796093413,
        "tauxe": 31.230125631250242,
        "tauxi": 59.05080362864214,
        "vsyn_ee": 10.531183859156261,
        "vsyn_ei": 13.817529681175463,
        "vsyn_ie": -76.51839078610047,
        "vsyn_ii": -5.128771725193232
    },
    "timestamp": 1746273694
}