{
    "fitness": 53.34286607464062,
    "generation": 0,
    "parameters": {
        "alphaee": 0.23584784401604386,
        "alphaei": 0.881331037898994,
        "alphaie": 0.6993081342873176,
        "alphaii": 0.4255851375407578,
        "deltae": 0.14035582283494197,
        "deltai": 0.34535156343924395,
        "eta0e": 1.9539821591147173,
        "eta0i": 3.3571601216946823,
        "kappa_gapee": 0.17161994965564595,
        "kappa_gapei": 0.16123886635249196,
        "kappa_gapii": 0.1503461614455488,
        "kappa_see": 1.7313905580009974,
        "kappa_sei": 4.789091593460344,
        "kappa_sie": 2.005755856586164,
        "kappa_sii": 2.415467665503217,
        "sigma_se": 0.03564229831610422,
        "sigma_si": 0.02852063711614823,
        "taue": 13.52500870375962,
        "taui": 12.836943540170939,
        "tauxe": 38.59611689643014,
        "tauxi": 60.518242375243,
        "vsyn_ee": 7.5409083349220625,
        "vsyn_ei": 6.8669229754901355,
        "vsyn_ie": -83.71743815985447,
        "vsyn_ii": -56.40725616086506
    },
    "timestamp": 1746274607
}