{
    "fitness": 48.95065469156337,
    "generation": 0,
    "parameters": {
        "alphaee": 0.13075900498405213,
        "alphaei": 0.05259644072900218,
        "alphaie": 0.9332056231877633,
        "alphaii": 0.15140977328200134,
        "deltae": 0.40417143348262835,
        "deltai": 0.4187165357609228,
        "eta0e": 1.5964314104534505,
        "eta0i": 4.867742767332486,
        "kappa_gapee": 0.15292259367294675,
        "kappa_gapei": 0.016270290229049803,
        "kappa_gapii": 0.2488148209688936,
        "kappa_see": 9.417924015913876,
        "kappa_sei": 3.761899286400282,
        "kappa_sie": 9.315025748092962,
        "kappa_sii": 0.17035025487226796,
        "sigma_se": 0.024478550802112017,
        "sigma_si": 0.09362943619854872,
        "taue": 21.922924808931725,
        "taui": 5.8819582274117055,
        "tauxe": 47.7052114992941,
        "tauxi": 32.02419148495647,
        "vsyn_ee": 10.531183859156261,
        "vsyn_ei": 10.234906586072837,
        "vsyn_ie": -76.56660439505194,
        "vsyn_ii": -24.4830612351264
    },
    "timestamp": 1746274488
}