{
    "fitness": 48.987732916239366,
    "generation": 0,
    "parameters": {
        "alphaee": 0.27522345275072513,
        "alphaei": 0.5514306139651574,
        "alphaie": 0.38530824372598477,
        "alphaii": 0.157094733290979,
        "deltae": 0.5778932610833919,
        "deltai": 0.35850367919820453,
        "eta0e": 1.949648464664338,
        "eta0i": 4.598057389171414,
        "kappa_gapee": 0.17290025197586373,
        "kappa_gapei": 0.32582465383771575,
        "kappa_gapii": 0.7519754783863452,
        "kappa_see": 7.282205928726163,
        "kappa_sei": 9.466159542770006,
        "kappa_sie": 0.6687446931665117,
        "kappa_sii": 0.7141780171164447,
        "sigma_se": 0.06572510601463945,
        "sigma_si": 0.022152329868159203,
        "taue": 20.932397205815228,
        "taui": 12.594655796093413,
        "tauxe": 31.230125631250242,
        "tauxi": 62.27748438980244,
        "vsyn_ee": 11.627808495997092,
        "vsyn_ei": 2.2269225617529047,
        "vsyn_ie": -6.218199922904191,
        "vsyn_ii": -1.960428864096196
    },
    "timestamp": 1746273813
}