{
    "fitness": 54.10196434969416,
    "generation": 0,
    "parameters": {
        "alphaee": 0.3545812890408597,
        "alphaei": 0.32173928794994633,
        "alphaie": 0.6982567714771025,
        "alphaii": 0.5054860793656807,
        "deltae": 0.14130553732108775,
        "deltai": 0.5118969696840224,
        "eta0e": 1.1763836822618483,
        "eta0i": 2.683714005687437,
        "kappa_gapee": 0.1113476943434149,
        "kappa_gapei": 0.3235404251482882,
        "kappa_gapii": 0.49591136493602717,
        "kappa_see": 0.2318687343402701,
        "kappa_sei": 2.862855799190931,
        "kappa_sie": 5.722063863524929,
        "kappa_sii": 6.396735948889556,
        "sigma_se": 0.02849576962588822,
        "sigma_si": 0.01320902304945021,
        "taue": 23.96796900144198,
        "taui": 6.394768193372782,
        "tauxe": 22.84449142403979,
        "tauxi": 92.4170946230081,
        "vsyn_ee": 12.486595215473514,
        "vsyn_ei": 5.179001889597729,
        "vsyn_ie": -73.15528769098341,
        "vsyn_ii": -30.175536782087732
    },
    "timestamp": 1746274536
}