{
    "fitness": 50.43354241071141,
    "generation": 0,
    "parameters": {
        "alphaee": 0.2959905712135455,
        "alphaei": 0.24714378509332555,
        "alphaie": 0.4195687491082951,
        "alphaii": 0.15140977328200134,
        "deltae": 0.40417143348262835,
        "deltai": 0.4187165357609228,
        "eta0e": 2.297908678119138,
        "eta0i": 4.193105743590023,
        "kappa_gapee": 0.11236499112222641,
        "kappa_gapei": 0.0716532773908472,
        "kappa_gapii": 0.2488148209688936,
        "kappa_see": 9.138868931455624,
        "kappa_sei": 3.761899286400282,
        "kappa_sie": 3.882643119368531,
        "kappa_sii": 3.755373120111965,
        "sigma_se": 0.09109506557145501,
        "sigma_si": 0.08735413138321653,
        "taue": 21.922924808931725,
        "taui": 5.8819582274117055,
        "tauxe": 41.74962276263436,
        "tauxi": 78.79892413287334,
        "vsyn_ee": 18.984335585565866,
        "vsyn_ei": 13.817529681175463,
        "vsyn_ie": -10.63594188953832,
        "vsyn_ii": -81.6975681162117
    },
    "timestamp": 1746273919
}