{
    "fitness": 48.88845466003635,
    "generation": 0,
    "parameters": {
        "alphaee": 0.4446947849550159,
        "alphaei": 0.08310201183233125,
        "alphaie": 0.13968700731029662,
        "alphaii": 0.835278073148985,
        "deltae": 0.2849936980251362,
        "deltai": 0.5159937080113224,
        "eta0e": 2.297908678119138,
        "eta0i": 4.021850319720298,
        "kappa_gapee": 0.05017843323861457,
        "kappa_gapei": 0.4566644983295888,
        "kappa_gapii": 0.10220102893685919,
        "kappa_see": 3.8673891762485146,
        "kappa_sei": 8.566638415585498,
        "kappa_sie": 6.827567519380796,
        "kappa_sii": 2.8412363389956607,
        "sigma_se": 0.06724993521136456,
        "sigma_si": 0.039058510997416154,
        "taue": 15.519309496397849,
        "taui": 18.99603575332671,
        "tauxe": 98.19897176925426,
        "tauxi": 53.19948720707339,
        "vsyn_ee": 7.765189871495194,
        "vsyn_ei": 15.517851873695502,
        "vsyn_ie": -10.783820625601123,
        "vsyn_ii": -33.64184798177004
    },
    "timestamp": 1746274133
}