{
    "fitness": 51.63031433650251,
    "generation": 0,
    "parameters": {
        "alphaee": 0.368553264935762,
        "alphaei": 0.6941311318972353,
        "alphaie": 0.4482212745055145,
        "alphaii": 0.26817067892891666,
        "deltae": 0.45069410577594127,
        "deltai": 0.32196556225076794,
        "eta0e": 2.826892743551382,
        "eta0i": 4.183870650212908,
        "kappa_gapee": 0.11945201373617194,
        "kappa_gapei": 0.4169153877358334,
        "kappa_gapii": 0.07575051142080722,
        "kappa_see": 1.2475253415049077,
        "kappa_sei": 0.28754101863992837,
        "kappa_sie": 3.4917288610593045,
        "kappa_sii": 5.64040896285748,
        "sigma_se": 0.05256572646493172,
        "sigma_si": 0.02840653062511899,
        "taue": 11.05880730485264,
        "taui": 6.047157486224942,
        "tauxe": 88.50731704352272,
        "tauxi": 94.0004435913916,
        "vsyn_ee": 2.231450758834067,
        "vsyn_ei": 10.113810846619181,
        "vsyn_ie": -65.56191417455697,
        "vsyn_ii": -53.66217829215704
    },
    "timestamp": 1746274654
}