{
    "fitness": 175.28697586933254,
    "generation": 0,
    "parameters": {
        "alphaee": 0.6519376909452116,
        "alphaei": 0.24714378509332555,
        "alphaie": 0.5755492526096276,
        "alphaii": 0.30030853015112574,
        "deltae": 0.5055680926341707,
        "deltai": 0.35850367919820453,
        "eta0e": 1.949648464664338,
        "eta0i": 4.54790773380211,
        "kappa_gapee": 0.13659645394499267,
        "kappa_gapei": 0.3803170399427421,
        "kappa_gapii": 0.1152638058344341,
        "kappa_see": 9.961061714134093,
        "kappa_sei": 8.566638415585498,
        "kappa_sie": 9.315025748092962,
        "kappa_sii": 3.770786387984766,
        "sigma_se": 0.09109506557145501,
        "sigma_si": 0.09362943619854872,
        "taue": 23.59768345077077,
        "taui": 10.705252682687547,
        "tauxe": 41.74962276263436,
        "tauxi": 62.27748438980244,
        "vsyn_ee": 1.6620303510211838,
        "vsyn_ei": 12.329920167250322,
        "vsyn_ie": -10.783820625601123,
        "vsyn_ii": -2.1871078531691754
    },
    "timestamp": 1746274370
}