{
    "fitness": 49.277638632703265,
    "generation": 0,
    "parameters": {
        "alphaee": 0.4446947849550159,
        "alphaei": 0.24714378509332555,
        "alphaie": 0.13968700731029662,
        "alphaii": 0.6663737357751254,
        "deltae": 0.29620995593975064,
        "deltai": 0.5159937080113224,
        "eta0e": 2.297908678119138,
        "eta0i": 2.422453979383975,
        "kappa_gapee": 0.15292259367294675,
        "kappa_gapei": 0.4566644983295888,
        "kappa_gapii": 0.10220102893685919,
        "kappa_see": 0.9545206699833062,
        "kappa_sei": 8.566638415585498,
        "kappa_sie": 3.882643119368531,
        "kappa_sii": 0.17035025487226796,
        "sigma_se": 0.06724993521136456,
        "sigma_si": 0.09362943619854872,
        "taue": 8.514639557774967,
        "taui": 17.741526345493938,
        "tauxe": 41.74962276263436,
        "tauxi": 79.28423343493968,
        "vsyn_ee": 19.135686744257143,
        "vsyn_ei": 15.517851873695502,
        "vsyn_ie": -10.783820625601123,
        "vsyn_ii": -81.6975681162117
    },
    "timestamp": 1746274512
}