{
    "fitness": 165.79823958601764,
    "generation": 0,
    "parameters": {
        "alphaee": 0.27522345275072513,
        "alphaei": 0.5514306139651574,
        "alphaie": 0.38530824372598477,
        "alphaii": 0.9989116648762919,
        "deltae": 0.05,
        "deltai": 0.46110828317713837,
        "eta0e": 2.297908678119138,
        "eta0i": 0.24346614338545955,
        "kappa_gapee": 0.15292259367294675,
        "kappa_gapei": 0.4566644983295888,
        "kappa_gapii": 0.7519754783863452,
        "kappa_see": 1.0356673456808054,
        "kappa_sei": 8.566638415585498,
        "kappa_sie": 3.882643119368531,
        "kappa_sii": 0.17035025487226796,
        "sigma_se": 0.06572510601463945,
        "sigma_si": 0.039058510997416154,
        "taue": 20.932397205815228,
        "taui": 12.594655796093413,
        "tauxe": 31.230125631250242,
        "tauxi": 79.28423343493968,
        "vsyn_ee": 11.780025877781373,
        "vsyn_ei": 2.2269225617529047,
        "vsyn_ie": -10.783820625601123,
        "vsyn_ii": -81.6975681162117
    },
    "timestamp": 1746274405
}