{
    "fitness": 53.81055981600448,
    "generation": 0,
    "parameters": {
        "alphaee": 0.793584208786106,
        "alphaei": 0.29345048308796395,
        "alphaie": 0.739587480112186,
        "alphaii": 0.7116293752100986,
        "deltae": 0.5136889649129339,
        "deltai": 0.46110828317713837,
        "eta0e": 0.14238999401216662,
        "eta0i": 1.4883883435997989,
        "kappa_gapee": 0.17290025197586373,
        "kappa_gapei": 0.32582465383771575,
        "kappa_gapii": 0.7519754783863452,
        "kappa_see": 5.40415035084021,
        "kappa_sei": 3.541382489763027,
        "kappa_sie": 5.279879069012511,
        "kappa_sii": 0.7141780171164447,
        "sigma_se": 0.03638169161089851,
        "sigma_si": 0.09874504435076333,
        "taue": 15.440478643439496,
        "taui": 13.064460153795434,
        "tauxe": 69.26823291061386,
        "tauxi": 59.05080362864214,
        "vsyn_ee": 12.035177065268778,
        "vsyn_ei": 2.2269225617529047,
        "vsyn_ie": -56.339644191636246,
        "vsyn_ii": -5.128771725193232
    },
    "timestamp": 1746274145
}