{
    "fitness": 52.17707539538134,
    "generation": 0,
    "parameters": {
        "alphaee": 0.27522345275072513,
        "alphaei": 0.8178713827191144,
        "alphaie": 0.38530824372598477,
        "alphaii": 0.170099193518327,
        "deltae": 0.39652105152755013,
        "deltai": 0.5635681151694439,
        "eta0e": 0.7045320266633193,
        "eta0i": 0.24346614338545955,
        "kappa_gapee": 0.11467967219392804,
        "kappa_gapei": 0.10117239618414976,
        "kappa_gapii": 0.5523242674914834,
        "kappa_see": 7.282205928726163,
        "kappa_sei": 6.942388682380175,
        "kappa_sie": 6.111098501389883,
        "kappa_sii": 9.004536317902419,
        "sigma_se": 0.06572510601463945,
        "sigma_si": 0.039058510997416154,
        "taue": 20.996875627535836,
        "taui": 9.62563429493678,
        "tauxe": 31.230125631250242,
        "tauxi": 41.478854085898746,
        "vsyn_ee": 11.588472877933073,
        "vsyn_ei": 10.475328257561664,
        "vsyn_ie": -6.218199922904191,
        "vsyn_ii": -21.58225759664211
    },
    "timestamp": 1746274157
}