{
    "fitness": 53.01486415245565,
    "generation": 0,
    "parameters": {
        "alphaee": 0.4446947849550159,
        "alphaei": 0.3474346388216449,
        "alphaie": 0.13968700731029662,
        "alphaii": 0.6663737357751254,
        "deltae": 0.29620995593975064,
        "deltai": 0.5159937080113224,
        "eta0e": 2.297908678119138,
        "eta0i": 2.422453979383975,
        "kappa_gapee": 0.15292259367294675,
        "kappa_gapei": 0.4566644983295888,
        "kappa_gapii": 0.10220102893685919,
        "kappa_see": 3.9358810392050585,
        "kappa_sei": 8.566638415585498,
        "kappa_sie": 6.827567519380796,
        "kappa_sii": 0.17035025487226796,
        "sigma_se": 0.06724993521136456,
        "sigma_si": 0.0852425744926826,
        "taue": 8.514639557774967,
        "taui": 17.741526345493938,
        "tauxe": 98.19897176925426,
        "tauxi": 53.19948720707339,
        "vsyn_ee": 19.05888734702373,
        "vsyn_ei": 15.526374605583328,
        "vsyn_ie": -10.653058618068235,
        "vsyn_ii": -81.6975681162117
    },
    "timestamp": 1746274039
}