{
    "fitness": 47.969145777682755,
    "generation": 0,
    "parameters": {
        "alphaee": 0.13075900498405213,
        "alphaei": 0.24714378509332555,
        "alphaie": 0.9332056231877633,
        "alphaii": 0.5676496781107023,
        "deltae": 0.5055680926341707,
        "deltai": 0.4187165357609228,
        "eta0e": 2.297908678119138,
        "eta0i": 4.867742767332486,
        "kappa_gapee": 0.15292259367294675,
        "kappa_gapei": 0.0716532773908472,
        "kappa_gapii": 0.10220102893685919,
        "kappa_see": 9.417924015913876,
        "kappa_sei": 3.761899286400282,
        "kappa_sie": 0.023097954931840282,
        "kappa_sii": 0.17035025487226796,
        "sigma_se": 0.024478550802112017,
        "sigma_si": 0.1,
        "taue": 12.913264812294168,
        "taui": 17.741526345493938,
        "tauxe": 47.7052114992941,
        "tauxi": 55.058301940320234,
        "vsyn_ee": 10.531183859156261,
        "vsyn_ei": 13.817529681175463,
        "vsyn_ie": -76.51839078610047,
        "vsyn_ii": -24.4830612351264
    },
    "timestamp": 1746273849
}