{
    "fitness": 175.28697586933254,
    "generation": 0,
    "parameters": {
        "alphaee": 0.278253348367364,
        "alphaei": 0.08310201183233125,
        "alphaie": 0.9332056231877633,
        "alphaii": 0.5676496781107023,
        "deltae": 0.1258173679116062,
        "deltai": 0.46110828317713837,
        "eta0e": 2.297908678119138,
        "eta0i": 3.8623921815011535,
        "kappa_gapee": 0.05017843323861457,
        "kappa_gapei": 0.38806124644023093,
        "kappa_gapii": 0.35677413940522834,
        "kappa_see": 1.0780008683361773,
        "kappa_sei": 6.449039871150585,
        "kappa_sie": 9.315025748092962,
        "kappa_sii": 2.701089274145471,
        "sigma_se": 0.06572510601463945,
        "sigma_si": 0.09362943619854872,
        "taue": 15.519309496397849,
        "taui": 19.192192830555626,
        "tauxe": 41.74962276263436,
        "tauxi": 32.02419148495647,
        "vsyn_ee": 7.765189871495194,
        "vsyn_ei": 10.152087498041668,
        "vsyn_ie": -89.40618665099603,
        "vsyn_ii": -24.4830612351264
    },
    "timestamp": 1746274239
}