{
    "fitness": 125.68866343467037,
    "generation": 0,
    "parameters": {
        "alphaee": 0.6393487673928622,
        "alphaei": 0.11018615386978924,
        "alphaie": 0.6304714385898461,
        "alphaii": 0.6726165450403192,
        "deltae": 0.16082930252476357,
        "deltai": 0.25066235414103466,
        "eta0e": 1.6683229647013678,
        "eta0i": 2.9992772847443567,
        "kappa_gapee": 0.0636964409125322,
        "kappa_gapei": 0.301066503774824,
        "kappa_gapii": 0.3169194434255928,
        "kappa_see": 3.6840285487005273,
        "kappa_sei": 3.2405836062629394,
        "kappa_sie": 5.285369773701202,
        "kappa_sii": 3.0312130540409448,
        "sigma_se": 0.06396233777331765,
        "sigma_si": 0.06818683674427485,
        "taue": 14.167271170043495,
        "taui": 10.315053754871473,
        "tauxe": 38.47191068330466,
        "tauxi": 71.99719285902735,
        "vsyn_ee": 7.7261688925076655,
        "vsyn_ei": 6.2449014268507455,
        "vsyn_ie": -71.56229647860076,
        "vsyn_ii": -2.130951736591257
    },
    "timestamp": 1746274737
}