{
    "fitness": 48.9672902784714,
    "generation": 0,
    "parameters": {
        "alphaee": 0.278253348367364,
        "alphaei": 0.8178713827191144,
        "alphaie": 0.14753984480757415,
        "alphaii": 0.170099193518327,
        "deltae": 0.18320844573162448,
        "deltai": 0.46110828317713837,
        "eta0e": 0.7045320266633193,
        "eta0i": 1.4883883435997989,
        "kappa_gapee": 0.05017843323861457,
        "kappa_gapei": 0.10117239618414976,
        "kappa_gapii": 0.12463267859714432,
        "kappa_see": 7.282205928726163,
        "kappa_sei": 6.449039871150585,
        "kappa_sie": 5.279879069012511,
        "kappa_sii": 2.8412363389956607,
        "sigma_se": 0.06572510601463945,
        "sigma_si": 0.09874504435076333,
        "taue": 15.319233814194392,
        "taui": 9.62563429493678,
        "tauxe": 69.26823291061386,
        "tauxi": 28.671989932865635,
        "vsyn_ee": 12.053783764156556,
        "vsyn_ei": 10.919811747176606,
        "vsyn_ie": -89.40618665099603,
        "vsyn_ii": -21.58225759664211
    },
    "timestamp": 1746274180
}