{
    "fitness": 96.83857489457668,
    "generation": 0,
    "parameters": {
        "alphaee": 0.7410150751836628,
        "alphaei": 0.40465825648478393,
        "alphaie": 0.01754842745915451,
        "alphaii": 0.2695464742092372,
        "deltae": 0.16362963140601708,
        "deltai": 0.07868448659238188,
        "eta0e": 0.9377657952857971,
        "eta0i": 3.324596895662559,
        "kappa_gapee": 0.1161918972757584,
        "kappa_gapei": 0.017145349184741587,
        "kappa_gapii": 0.5448014252243875,
        "kappa_see": 0.29268120553224564,
        "kappa_sei": 8.977508417139864,
        "kappa_sie": 7.036110135805182,
        "kappa_sii": 6.526490671171665,
        "sigma_se": 0.04414898834016049,
        "sigma_si": 0.02476071640093965,
        "taue": 5.321637871994658,
        "taui": 12.704906691057705,
        "tauxe": 83.5081811860357,
        "tauxi": 53.40467473390878,
        "vsyn_ee": 16.05714214826692,
        "vsyn_ei": 15.868309979903044,
        "vsyn_ie": -95.30514360746415,
        "vsyn_ii": -36.7227306308169
    },
    "timestamp": 1746274678
}