{
    "fitness": 59.182871598792474,
    "generation": 0,
    "parameters": {
        "alphaee": 0.9276567001523963,
        "alphaei": 0.05259644072900218,
        "alphaie": 0.1871752717112111,
        "alphaii": 0.9989116648762919,
        "deltae": 0.29620995593975064,
        "deltai": 0.5159937080113224,
        "eta0e": 1.5964314104534505,
        "eta0i": 4.867742767332486,
        "kappa_gapee": 0.15292259367294675,
        "kappa_gapei": 0.4566644983295888,
        "kappa_gapii": 0.10220102893685919,
        "kappa_see": 1.0780008683361773,
        "kappa_sei": 8.566638415585498,
        "kappa_sie": 0.023097954931840282,
        "kappa_sii": 0.17035025487226796,
        "sigma_se": 0.024478550802112017,
        "sigma_si": 0.09362943619854872,
        "taue": 13.261941683760952,
        "taui": 17.741526345493938,
        "tauxe": 47.7052114992941,
        "tauxi": 55.058301940320234,
        "vsyn_ee": 10.531183859156261,
        "vsyn_ei": 15.51873505894248,
        "vsyn_ie": -76.51351054237773,
        "vsyn_ii": -23.563440123512734
    },
    "timestamp": 1746273908
}