{
    "fitness": 47.96327019192363,
    "generation": 0,
    "parameters": {
        "alphaee": 0.6519376909452116,
        "alphaei": 0.6265471517726466,
        "alphaie": 0.5755492526096276,
        "alphaii": 0.8462292929958949,
        "deltae": 0.2849936980251362,
        "deltai": 0.25125756921308606,
        "eta0e": 1.949648464664338,
        "eta0i": 4.021850319720298,
        "kappa_gapee": 0.05017843323861457,
        "kappa_gapei": 0.3803170399427421,
        "kappa_gapii": 0.1152638058344341,
        "kappa_see": 9.961061714134093,
        "kappa_sei": 9.466159542770006,
        "kappa_sie": 0.6687446931665117,
        "kappa_sii": 2.8412363389956607,
        "sigma_se": 0.1,
        "sigma_si": 0.039058510997416154,
        "taue": 15.519309496397849,
        "taui": 10.705252682687547,
        "tauxe": 39.03605412557654,
        "tauxi": 62.27748438980244,
        "vsyn_ee": 7.765189871495194,
        "vsyn_ei": 12.38341061884062,
        "vsyn_ie": -31.1771732798138,
        "vsyn_ii": -2.107735797321311
    },
    "timestamp": 1746274382
}