{
    "fitness": 132.54239054902973,
    "generation": 0,
    "parameters": {
        "alphaee": 0.4446947849550159,
        "alphaei": 0.24714378509332555,
        "alphaie": 0.739587480112186,
        "alphaii": 0.6663737357751254,
        "deltae": 0.29620995593975064,
        "deltai": 0.5635681151694439,
        "eta0e": 0.7045320266633193,
        "eta0i": 2.422453979383975,
        "kappa_gapee": 0.11467967219392804,
        "kappa_gapei": 0.4566644983295888,
        "kappa_gapii": 0.10220102893685919,
        "kappa_see": 5.40415035084021,
        "kappa_sei": 3.541382489763027,
        "kappa_sie": 6.827567519380796,
        "kappa_sii": 0.17035025487226796,
        "sigma_se": 0.01,
        "sigma_si": 0.09874504435076333,
        "taue": 8.514639557774967,
        "taui": 17.741526345493938,
        "tauxe": 69.26823291061386,
        "tauxi": 53.19948720707339,
        "vsyn_ee": 19.05888734702373,
        "vsyn_ei": 15.517851873695502,
        "vsyn_ie": -10.783820625601123,
        "vsyn_ii": -81.6975681162117
    },
    "timestamp": 1746273991
}