{
    "fitness": 62.6958617145824,
    "generation": 0,
    "parameters": {
        "alphaee": 0.13238305502890416,
        "alphaei": 0.7458073877474923,
        "alphaie": 0.15280314915102197,
        "alphaii": 0.5647101539544533,
        "deltae": 0.538639452040659,
        "deltai": 0.06167163255822182,
        "eta0e": 0.6401079652255097,
        "eta0i": 2.593634837828493,
        "kappa_gapee": 0.017371387928782175,
        "kappa_gapei": 0.1447512256991096,
        "kappa_gapii": 0.1643600888798898,
        "kappa_see": 9.816524512421683,
        "kappa_sei": 7.9279403489233795,
        "kappa_sie": 1.858600014371802,
        "kappa_sii": 1.1970645607957386,
        "sigma_se": 0.07943985778260525,
        "sigma_si": 0.08768977050047504,
        "taue": 17.5832502649055,
        "taui": 10.416354727165183,
        "tauxe": 54.88648426444024,
        "tauxi": 76.37104012965128,
        "vsyn_ee": 16.645327822477952,
        "vsyn_ei": 15.184302605075175,
        "vsyn_ie": -54.98899658591839,
        "vsyn_ii": -17.64649003147568
    },
    "timestamp": 1746274547
}