{
    "fitness": 92.0473933801943,
    "generation": 0,
    "parameters": {
        "alphaee": 0.43955958046435634,
        "alphaei": 0.7068141097441923,
        "alphaie": 0.8491432497917407,
        "alphaii": 0.7202619278606223,
        "deltae": 0.17835000877630125,
        "deltai": 0.36479514690554926,
        "eta0e": 3.5129387605172537,
        "eta0i": 3.31821678137317,
        "kappa_gapee": 0.10749092876983307,
        "kappa_gapei": 0.3948462543709466,
        "kappa_gapii": 0.7195270948861356,
        "kappa_see": 5.1900938800190834,
        "kappa_sei": 6.999912014981803,
        "kappa_sie": 7.032498863084221,
        "kappa_sii": 1.5329162631355777,
        "sigma_se": 0.04487445748475095,
        "sigma_si": 0.04603401026912842,
        "taue": 19.212650440228153,
        "taui": 21.386373920199965,
        "tauxe": 68.03287240012763,
        "tauxi": 65.77146893356623,
        "vsyn_ee": 4.4722236524026755,
        "vsyn_ei": 11.604837403738149,
        "vsyn_ie": -63.232988993113295,
        "vsyn_ii": -6.529278905968582
    },
    "timestamp": 1746274725
}