{
    "fitness": 130.46423672212183,
    "generation": 0,
    "parameters": {
        "alphaee": 0.3567918857453703,
        "alphaei": 0.5072284314825467,
        "alphaie": 0.9366927184482359,
        "alphaii": 0.46206231853792024,
        "deltae": 0.22659660914461638,
        "deltai": 0.481327819761554,
        "eta0e": 4.48265722397252,
        "eta0i": 3.7674146473076457,
        "kappa_gapee": 0.18961029282166508,
        "kappa_gapei": 0.3216542101430643,
        "kappa_gapii": 0.27119405315295614,
        "kappa_see": 5.415566149354335,
        "kappa_sei": 9.801548147621004,
        "kappa_sie": 2.043955414902026,
        "kappa_sii": 5.63171331471367,
        "sigma_se": 0.02181698468304718,
        "sigma_si": 0.04250002590366004,
        "taue": 5.045394048430056,
        "taui": 8.958997568746904,
        "tauxe": 93.2413576694242,
        "tauxi": 28.927959819452827,
        "vsyn_ee": 19.740142061549342,
        "vsyn_ei": 10.439854131817771,
        "vsyn_ie": -58.75596263935463,
        "vsyn_ii": -99.90702341750819
    },
    "timestamp": 1746274701
}