{
    "fitness": 101.51554507252254,
    "generation": 0,
    "parameters": {
        "alphaee": 0.5852774572576316,
        "alphaei": 0.3891120299314739,
        "alphaie": 0.310631733776155,
        "alphaii": 0.40191699082314614,
        "deltae": 0.4791264182343791,
        "deltai": 0.5602844771042105,
        "eta0e": 2.3188954780398285,
        "eta0i": 4.854779067453123,
        "kappa_gapee": 0.028382662768065715,
        "kappa_gapei": 0.43177482112224713,
        "kappa_gapii": 0.6512852147572059,
        "kappa_see": 7.8973536848402075,
        "kappa_sei": 9.938296702229403,
        "kappa_sie": 9.67044792567792,
        "kappa_sii": 4.5307202009098875,
        "sigma_se": 0.07634031353523103,
        "sigma_si": 0.012583794705631271,
        "taue": 5.737176390080629,
        "taui": 23.20327080030047,
        "tauxe": 26.07299325808575,
        "tauxi": 75.45291929779565,
        "vsyn_ee": 18.911170111223598,
        "vsyn_ei": 18.777408559701115,
        "vsyn_ie": -94.59238912571678,
        "vsyn_ii": -92.5761585845246
    },
    "timestamp": 1746274619
}