{
    "fitness": 59.16958225343451,
    "generation": 0,
    "parameters": {
        "alphaee": 0.278253348367364,
        "alphaei": 0.08310201183233125,
        "alphaie": 0.23840817380117313,
        "alphaii": 1.0,
        "deltae": 0.2849936980251362,
        "deltai": 0.46110828317713837,
        "eta0e": 0.6760078839481342,
        "eta0i": 1.7034736173199543,
        "kappa_gapee": 0.11467967219392804,
        "kappa_gapei": 0.5,
        "kappa_gapii": 0.61625404935884,
        "kappa_see": 3.843735080425114,
        "kappa_sei": 6.449039871150585,
        "kappa_sie": 7.662702276830202,
        "kappa_sii": 9.004536317902419,
        "sigma_se": 0.03638169161089851,
        "sigma_si": 0.039058510997416154,
        "taue": 15.932333176422528,
        "taui": 19.192192830555626,
        "tauxe": 69.26823291061386,
        "tauxi": 41.60767098163395,
        "vsyn_ee": 7.765189871495194,
        "vsyn_ei": 10.620780018350139,
        "vsyn_ie": -31.1771732798138,
        "vsyn_ii": -33.64184798177004
    },
    "timestamp": 1746273872
}