{
    "fitness": 50.21347822872877,
    "generation": 0,
    "parameters": {
        "alphaee": 0.353074122716052,
        "alphaei": 0.24714378509332555,
        "alphaie": 0.4195687491082951,
        "alphaii": 0.11818033561300448,
        "deltae": 0.5136889649129339,
        "deltai": 0.5159937080113224,
        "eta0e": 0.14238999401216662,
        "eta0i": 4.193105743590023,
        "kappa_gapee": 0.17290025197586373,
        "kappa_gapei": 0.32582465383771575,
        "kappa_gapii": 0.10220102893685919,
        "kappa_see": 7.282205928726163,
        "kappa_sei": 6.942388682380175,
        "kappa_sie": 6.111098501389883,
        "kappa_sii": 0.7141780171164447,
        "sigma_se": 0.09109506557145501,
        "sigma_si": 0.04825537746925848,
        "taue": 13.261941683760952,
        "taui": 17.741526345493938,
        "tauxe": 41.74962276263436,
        "tauxi": 59.05080362864214,
        "vsyn_ee": 18.984335585565866,
        "vsyn_ei": 15.51873505894248,
        "vsyn_ie": -6.218199922904191,
        "vsyn_ii": -5.128771725193232
    },
    "timestamp": 1746274417
}