{
    "fitness": 70.17708309984823,
    "generation": 0,
    "parameters": {
        "alphaee": 0.6519376909452116,
        "alphaei": 0.24714378509332555,
        "alphaie": 0.4195687491082951,
        "alphaii": 0.157094733290979,
        "deltae": 0.29620995593975064,
        "deltai": 0.38002368767640704,
        "eta0e": 1.949648464664338,
        "eta0i": 4.193105743590023,
        "kappa_gapee": 0.13659645394499267,
        "kappa_gapei": 0.4566644983295888,
        "kappa_gapii": 0.10220102893685919,
        "kappa_see": 1.0780008683361773,
        "kappa_sei": 8.566638415585498,
        "kappa_sie": 3.882643119368531,
        "kappa_sii": 0.17035025487226796,
        "sigma_se": 0.052579803721821694,
        "sigma_si": 0.09362943619854872,
        "taue": 23.59768345077077,
        "taui": 17.741526345493938,
        "tauxe": 39.03605412557654,
        "tauxi": 62.27748438980244,
        "vsyn_ee": 1.6928710334696697,
        "vsyn_ei": 15.51873505894248,
        "vsyn_ie": -10.783820625601123,
        "vsyn_ii": -81.85689903154774
    },
    "timestamp": 1746274110
}