{
    "fitness": 54.201317580537186,
    "generation": 0,
    "parameters": {
        "alphaee": 0.278253348367364,
        "alphaei": 0.8178713827191144,
        "alphaie": 0.14753984480757415,
        "alphaii": 0.7116293752100986,
        "deltae": 0.39652105152755013,
        "deltai": 0.46110828317713837,
        "eta0e": 1.375091669915201,
        "eta0i": 1.4883883435997989,
        "kappa_gapee": 0.11467967219392804,
        "kappa_gapei": 0.10117239618414976,
        "kappa_gapii": 0.12463267859714432,
        "kappa_see": 5.40415035084021,
        "kappa_sei": 3.541382489763027,
        "kappa_sie": 7.662702276830202,
        "kappa_sii": 2.8412363389956607,
        "sigma_se": 0.03638169161089851,
        "sigma_si": 0.01,
        "taue": 15.519309496397849,
        "taui": 19.192192830555626,
        "tauxe": 31.16376365773922,
        "tauxi": 28.671989932865635,
        "vsyn_ee": 7.765189871495194,
        "vsyn_ei": 10.620780018350139,
        "vsyn_ie": -89.40618665099603,
        "vsyn_ii": -33.64184798177004
    },
    "timestamp": 1746274440
}