{
    "fitness": 54.561397969928514,
    "generation": 0,
    "parameters": {
        "alphaee": 0.556596116003462,
        "alphaei": 0.05259644072900218,
        "alphaie": 0.9332056231877633,
        "alphaii": 0.15140977328200134,
        "deltae": 0.5055680926341707,
        "deltai": 0.533859815609741,
        "eta0e": 1.5964314104534505,
        "eta0i": 4.138788219286199,
        "kappa_gapee": 0.15292259367294675,
        "kappa_gapei": 0.0716532773908472,
        "kappa_gapii": 0.2488148209688936,
        "kappa_see": 1.0780008683361773,
        "kappa_sei": 8.566638415585498,
        "kappa_sie": 0.023097954931840282,
        "kappa_sii": 0.17035025487226796,
        "sigma_se": 0.024478550802112017,
        "sigma_si": 0.09362943619854872,
        "taue": 21.922924808931725,
        "taui": 5.8819582274117055,
        "tauxe": 41.74962276263436,
        "tauxi": 32.02419148495647,
        "vsyn_ee": 14.268781544624265,
        "vsyn_ei": 10.234906586072837,
        "vsyn_ie": -10.783820625601123,
        "vsyn_ii": -24.4830612351264
    },
    "timestamp": 1746273955
}