{
    "fitness": 50.495475621606055,
    "generation": 0,
    "parameters": {
        "alphaee": 0.27522345275072513,
        "alphaei": 0.8178713827191144,
        "alphaie": 0.739587480112186,
        "alphaii": 0.7116293752100986,
        "deltae": 0.5136889649129339,
        "deltai": 0.46110828317713837,
        "eta0e": 0.14238999401216662,
        "eta0i": 1.4883883435997989,
        "kappa_gapee": 0.17290025197586373,
        "kappa_gapei": 0.10117239618414976,
        "kappa_gapii": 0.7519754783863452,
        "kappa_see": 7.282205928726163,
        "kappa_sei": 6.942388682380175,
        "kappa_sie": 6.111098501389883,
        "kappa_sii": 0.7141780171164447,
        "sigma_se": 0.06572510601463945,
        "sigma_si": 0.1,
        "taue": 20.932397205815228,
        "taui": 12.594655796093413,
        "tauxe": 31.230125631250242,
        "tauxi": 59.05080362864214,
        "vsyn_ee": 12.053783764156556,
        "vsyn_ei": 2.2269225617529047,
        "vsyn_ie": -6.218199922904191,
        "vsyn_ii": -21.61423604362116
    },
    "timestamp": 1746273931
}