{
    "fitness": 49.45931132058413,
    "generation": 0,
    "parameters": {
        "alphaee": 0.1081438532334205,
        "alphaei": 0.6013901851586345,
        "alphaie": 0.6300667386340276,
        "alphaii": 0.8625063850286059,
        "deltae": 0.28442366912443956,
        "deltai": 0.3824362592787674,
        "eta0e": 1.9132396083248953,
        "eta0i": 0.24205592849323349,
        "kappa_gapee": 0.16016353882405202,
        "kappa_gapei": 0.45912908581089323,
        "kappa_gapii": 0.7628560850779289,
        "kappa_see": 8.38378980929095,
        "kappa_sei": 7.055412321869016,
        "kappa_sie": 3.2364545046635906,
        "kappa_sii": 5.422918819251174,
        "sigma_se": 0.07726278656382327,
        "sigma_si": 0.07023249677973867,
        "taue": 20.01888947645539,
        "taui": 10.576487521664504,
        "tauxe": 33.795906016131646,
        "tauxi": 65.91624149441007,
        "vsyn_ee": 2.880961416207377,
        "vsyn_ei": 9.409725051104497,
        "vsyn_ie": -59.55517639417808,
        "vsyn_ii": -47.05755501169142
    },
    "timestamp": 1746274571
}