{
    "fitness": 141.0236301554326,
    "generation": 0,
    "parameters": {
        "alphaee": 0.278253348367364,
        "alphaei": 0.08310201183233125,
        "alphaie": 0.1634493302445262,
        "alphaii": 0.157094733290979,
        "deltae": 0.5778932610833919,
        "deltai": 0.35850367919820453,
        "eta0e": 1.375091669915201,
        "eta0i": 4.766295731158374,
        "kappa_gapee": 0.13659645394499267,
        "kappa_gapei": 0.5,
        "kappa_gapii": 0.61625404935884,
        "kappa_see": 3.965603911133742,
        "kappa_sei": 6.449039871150585,
        "kappa_sie": 7.662702276830202,
        "kappa_sii": 3.5286875402119695,
        "sigma_se": 0.1,
        "sigma_si": 0.022152329868159203,
        "taue": 23.59768345077077,
        "taui": 19.192192830555626,
        "tauxe": 31.16376365773922,
        "tauxi": 28.73437931396914,
        "vsyn_ee": 1.6957698369013157,
        "vsyn_ei": 12.01340343669313,
        "vsyn_ie": -48.192533557364115,
        "vsyn_ii": -33.64184798177004
    },
    "timestamp": 1746274394
}