{
    "fitness": 97.03048866349295,
    "generation": 0,
    "parameters": {
        "alphaee": 0.13075900498405213,
        "alphaei": 0.14834283501062837,
        "alphaie": 0.029232603302537477,
        "alphaii": 0.26512599187238417,
        "deltae": 0.5055680926341707,
        "deltai": 0.5159937080113224,
        "eta0e": 1.375091669915201,
        "eta0i": 4.021850319720298,
        "kappa_gapee": 0.05017843323861457,
        "kappa_gapei": 0.016270290229049803,
        "kappa_gapii": 0.61625404935884,
        "kappa_see": 3.9088011169610146,
        "kappa_sei": 6.449039871150585,
        "kappa_sie": 7.662702276830202,
        "kappa_sii": 0.17035025487226796,
        "sigma_se": 0.09109506557145501,
        "sigma_si": 0.08630133677740304,
        "taue": 12.958739468041278,
        "taui": 19.192192830555626,
        "tauxe": 26.578726939222186,
        "tauxi": 28.671989932865635,
        "vsyn_ee": 7.765189871495194,
        "vsyn_ei": 10.234906586072837,
        "vsyn_ie": -10.783820625601123,
        "vsyn_ii": -33.64184798177004
    },
    "timestamp": 1746274263
}