{
    "fitness": 55.42568602549481,
    "generation": 0,
    "parameters": {
        "alphaee": 0.278253348367364,
        "alphaei": 0.08310201183233125,
        "alphaie": 0.4195687491082951,
        "alphaii": 0.8462292929958949,
        "deltae": 0.29620995593975064,
        "deltai": 0.46110828317713837,
        "eta0e": 1.375091669915201,
        "eta0i": 4.193105743590023,
        "kappa_gapee": 0.05017843323861457,
        "kappa_gapei": 0.4956466460342629,
        "kappa_gapii": 0.10220102893685919,
        "kappa_see": 1.0780008683361773,
        "kappa_sei": 6.449039871150585,
        "kappa_sie": 3.882643119368531,
        "kappa_sii": 2.8412363389956607,
        "sigma_se": 0.09109506557145501,
        "sigma_si": 0.09362943619854872,
        "taue": 13.261941683760952,
        "taui": 17.741526345493938,
        "tauxe": 42.029630076223434,
        "tauxi": 28.52015296114201,
        "vsyn_ee": 7.765189871495194,
        "vsyn_ei": 15.51873505894248,
        "vsyn_ie": -10.783820625601123,
        "vsyn_ii": -81.6975681162117
    },
    "timestamp": 1746273753
}