{
    "fitness": 51.93466982233992,
    "generation": 0,
    "parameters": {
        "alphaee": 0.278253348367364,
        "alphaei": 0.08310201183233125,
        "alphaie": 0.14753984480757415,
        "alphaii": 0.170099193518327,
        "deltae": 0.5136889649129339,
        "deltai": 0.46110828317713837,
        "eta0e": 1.375091669915201,
        "eta0i": 0.6171716771895578,
        "kappa_gapee": 0.05017843323861457,
        "kappa_gapei": 0.32582465383771575,
        "kappa_gapii": 0.12463267859714432,
        "kappa_see": 7.282205928726163,
        "kappa_sei": 6.313556756998698,
        "kappa_sie": 7.662702276830202,
        "kappa_sii": 0.7141780171164447,
        "sigma_se": 0.06572510601463945,
        "sigma_si": 0.039058510997416154,
        "taue": 15.519309496397849,
        "taui": 12.594655796093413,
        "tauxe": 31.16376365773922,
        "tauxi": 59.05080362864214,
        "vsyn_ee": 11.588472877933073,
        "vsyn_ei": 2.2269225617529047,
        "vsyn_ie": -6.218199922904191,
        "vsyn_ii": -5.128771725193232
    },
    "timestamp": 1746273777
}