{
    "fitness": 193.15748490313982,
    "generation": 0,
    "parameters": {
        "alphaee": 0.793584208786106,
        "alphaei": 0.8178713827191144,
        "alphaie": 0.38530824372598477,
        "alphaii": 0.7116293752100986,
        "deltae": 0.39652105152755013,
        "deltai": 0.46110828317713837,
        "eta0e": 0.7045320266633193,
        "eta0i": 1.4883883435997989,
        "kappa_gapee": 0.17290025197586373,
        "kappa_gapei": 0.10117239618414976,
        "kappa_gapii": 0.7519754783863452,
        "kappa_see": 5.40415035084021,
        "kappa_sei": 6.942388682380175,
        "kappa_sie": 5.279879069012511,
        "kappa_sii": 0.7141780171164447,
        "sigma_se": 0.01,
        "sigma_si": 0.09874504435076333,
        "taue": 15.319233814194392,
        "taui": 9.62563429493678,
        "tauxe": 31.230125631250242,
        "tauxi": 59.05080362864214,
        "vsyn_ee": 11.588472877933073,
        "vsyn_ei": 10.620780018350139,
        "vsyn_ie": -6.218199922904191,
        "vsyn_ii": -5.128771725193232
    },
    "timestamp": 1746274322
}