{
    "fitness": 168.69739824941752,
    "generation": 0,
    "parameters": {
        "alphaee": 0.4446947849550159,
        "alphaei": 0.5514306139651574,
        "alphaie": 0.38530824372598477,
        "alphaii": 0.31798926274190686,
        "deltae": 0.5136889649129339,
        "deltai": 0.5159937080113224,
        "eta0e": 2.297908678119138,
        "eta0i": 2.422453979383975,
        "kappa_gapee": 0.2,
        "kappa_gapei": 0.4566644983295888,
        "kappa_gapii": 0.7519754783863452,
        "kappa_see": 7.282205928726163,
        "kappa_sei": 8.566638415585498,
        "kappa_sie": 6.827567519380796,
        "kappa_sii": 0.7141780171164447,
        "sigma_se": 0.06572510601463945,
        "sigma_si": 0.0852425744926826,
        "taue": 20.932397205815228,
        "taui": 17.741526345493938,
        "tauxe": 31.230125631250242,
        "tauxi": 53.19948720707339,
        "vsyn_ee": 11.467932241115927,
        "vsyn_ei": 15.517851873695502,
        "vsyn_ie": -6.218199922904191,
        "vsyn_ii": -81.6975681162117
    },
    "timestamp": 1746274074
}