{
    "fitness": 93.48503447837211,
    "generation": 0,
    "parameters": {
        "alphaee": 0.5030412774354672,
        "alphaei": 0.9697342439898227,
        "alphaie": 0.9166557736029897,
        "alphaii": 0.5130736663250801,
        "deltae": 0.5370664546434061,
        "deltai": 0.5337123936177309,
        "eta0e": 4.221918617751621,
        "eta0i": 2.2811047328511815,
        "kappa_gapee": 0.17507331541333887,
        "kappa_gapei": 0.234949951815129,
        "kappa_gapii": 0.28815378008851716,
        "kappa_see": 0.8723761117359861,
        "kappa_sei": 9.860463962272403,
        "kappa_sie": 5.602908976782296,
        "kappa_sii": 4.689115347183928,
        "sigma_se": 0.01635127798312292,
        "sigma_si": 0.045628393292471855,
        "taue": 6.345269577973472,
        "taui": 8.281632534334403,
        "tauxe": 31.75996925338942,
        "tauxi": 35.78624481844847,
        "vsyn_ee": 18.977960344100158,
        "vsyn_ei": 17.904460346409213,
        "vsyn_ie": -83.90550013986616,
        "vsyn_ii": -74.9954505176038
    },
    "timestamp": 1746274749
}