{
    "fitness": 48.99015034090743,
    "generation": 0,
    "parameters": {
        "alphaee": 0.27522345275072513,
        "alphaei": 0.5514306139651574,
        "alphaie": 0.9332056231877633,
        "alphaii": 0.170099193518327,
        "deltae": 0.5055680926341707,
        "deltai": 0.46110828317713837,
        "eta0e": 2.338827625602165,
        "eta0i": 0.24346614338545955,
        "kappa_gapee": 0.17290025197586373,
        "kappa_gapei": 0.32582465383771575,
        "kappa_gapii": 0.7519754783863452,
        "kappa_see": 1.0780008683361773,
        "kappa_sei": 6.942388682380175,
        "kappa_sie": 6.111098501389883,
        "kappa_sii": 0.17035025487226796,
        "sigma_se": 0.06572510601463945,
        "sigma_si": 0.039058510997416154,
        "taue": 12.913264812294168,
        "taui": 17.741526345493938,
        "tauxe": 31.230125631250242,
        "tauxi": 59.05080362864214,
        "vsyn_ee": 14.268781544624265,
        "vsyn_ei": 2.2269225617529047,
        "vsyn_ie": -10.783820625601123,
        "vsyn_ii": -24.4830612351264
    },
    "timestamp": 1746274215
}