{
    "fitness": 55.25618331752991,
    "generation": 0,
    "parameters": {
        "alphaee": 0.13075900498405213,
        "alphaei": 0.03238524433254911,
        "alphaie": 0.9332056231877633,
        "alphaii": 0.7116293752100986,
        "deltae": 0.39652105152755013,
        "deltai": 0.5635681151694439,
        "eta0e": 2.297908678119138,
        "eta0i": 1.4883883435997989,
        "kappa_gapee": 0.11467967219392804,
        "kappa_gapei": 0.016270290229049803,
        "kappa_gapii": 0.5523242674914834,
        "kappa_see": 1.0780008683361773,
        "kappa_sei": 3.541382489763027,
        "kappa_sie": 9.315025748092962,
        "kappa_sii": 9.004536317902419,
        "sigma_se": 0.03638169161089851,
        "sigma_si": 0.09362943619854872,
        "taue": 15.319233814194392,
        "taui": 17.741526345493938,
        "tauxe": 69.26823291061386,
        "tauxi": 41.478854085898746,
        "vsyn_ee": 12.053783764156556,
        "vsyn_ei": 10.620780018350139,
        "vsyn_ie": -10.783820625601123,
        "vsyn_ii": -24.4830612351264
    },
    "timestamp": 1746273801
}