{
    "fitness": 54.460655842100806,
    "generation": 0,
    "parameters": {
        "alphaee": 0.9460471585109266,
        "alphaei": 0.8537728821159724,
        "alphaie": 0.8964309749787871,
        "alphaii": 0.16024337311670722,
        "deltae": 0.5998511386737606,
        "deltai": 0.30224276975698533,
        "eta0e": 1.7506657263114218,
        "eta0i": 1.4029916453451887,
        "kappa_gapee": 0.09494736509924841,
        "kappa_gapei": 0.16124251428817687,
        "kappa_gapii": 0.7532589367810091,
        "kappa_see": 6.8594072413049,
        "kappa_sei": 2.544851202316119,
        "kappa_sie": 5.146170756613199,
        "kappa_sii": 5.559504113974394,
        "sigma_se": 0.03341783535430014,
        "sigma_si": 0.05420209516938009,
        "taue": 24.671684196312732,
        "taui": 12.77689494563483,
        "tauxe": 64.58255918225085,
        "tauxi": 30.221335364303595,
        "vsyn_ee": 18.82142885999165,
        "vsyn_ei": 3.429267976608807,
        "vsyn_ie": -4.596228814963396,
        "vsyn_ii": -2.6905957154735205
    },
    "timestamp": 1746274583
}