{
    "fitness": 48.15097141257713,
    "generation": 0,
    "parameters": {
        "alphaee": 0.278253348367364,
        "alphaei": 0.08310201183233125,
        "alphaie": 0.23840817380117313,
        "alphaii": 0.8462292929958949,
        "deltae": 0.2849936980251362,
        "deltai": 0.24956119742856514,
        "eta0e": 1.1678934694828247,
        "eta0i": 4.021850319720298,
        "kappa_gapee": 0.05017843323861457,
        "kappa_gapei": 0.36985387150154914,
        "kappa_gapii": 0.61625404935884,
        "kappa_see": 3.9088011169610146,
        "kappa_sei": 6.449039871150585,
        "kappa_sie": 7.662702276830202,
        "kappa_sii": 2.8412363389956607,
        "sigma_se": 0.08641773746246027,
        "sigma_si": 0.08630133677740304,
        "taue": 15.475197425417223,
        "taui": 19.192192830555626,
        "tauxe": 31.16376365773922,
        "tauxi": 28.40465608326501,
        "vsyn_ee": 7.765189871495194,
        "vsyn_ei": 12.01340343669313,
        "vsyn_ie": -31.1771732798138,
        "vsyn_ii": -33.64184798177004
    },
    "timestamp": 1746274003
}