{
    "fitness": 55.81644720140999,
    "generation": 0,
    "parameters": {
        "alphaee": 0.27522345275072513,
        "alphaei": 0.05259644072900218,
        "alphaie": 0.38530824372598477,
        "alphaii": 0.15140977328200134,
        "deltae": 0.5136889649129339,
        "deltai": 0.4187165357609228,
        "eta0e": 1.5964314104534505,
        "eta0i": 0.24346614338545955,
        "kappa_gapee": 0.11236499112222641,
        "kappa_gapei": 0.32582465383771575,
        "kappa_gapii": 0.2488148209688936,
        "kappa_see": 9.260549417506658,
        "kappa_sei": 3.761899286400282,
        "kappa_sie": 6.111098501389883,
        "kappa_sii": 3.755373120111965,
        "sigma_se": 0.024478550802112017,
        "sigma_si": 0.039058510997416154,
        "taue": 20.932397205815228,
        "taui": 12.929360236482479,
        "tauxe": 47.7052114992941,
        "tauxi": 55.058301940320234,
        "vsyn_ee": 10.531183859156261,
        "vsyn_ei": 13.817529681175463,
        "vsyn_ie": -76.51839078610047,
        "vsyn_ii": -23.563440123512734
    },
    "timestamp": 1746273729
}