{
    "fitness": 75.72624163124478,
    "generation": 0,
    "parameters": {
        "alphaee": 0.9276567001523963,
        "alphaei": 0.5514306139651574,
        "alphaie": 0.1871752717112111,
        "alphaii": 0.15140977328200134,
        "deltae": 0.40417143348262835,
        "deltai": 0.46110828317713837,
        "eta0e": 0.14238999401216662,
        "eta0i": 4.867742767332486,
        "kappa_gapee": 0.11236499112222641,
        "kappa_gapei": 0.32582465383771575,
        "kappa_gapii": 0.6755246559961776,
        "kappa_see": 7.282205928726163,
        "kappa_sei": 3.761899286400282,
        "kappa_sie": 0.023097954931840282,
        "kappa_sii": 0.7141780171164447,
        "sigma_se": 0.024478550802112017,
        "sigma_si": 0.08735413138321653,
        "taue": 20.932397205815228,
        "taui": 12.594655796093413,
        "tauxe": 47.7052114992941,
        "tauxi": 59.05080362864214,
        "vsyn_ee": 11.588472877933073,
        "vsyn_ei": 13.817529681175463,
        "vsyn_ie": -76.51839078610047,
        "vsyn_ii": -23.563440123512734
    },
    "timestamp": 1746274287
}