{
    "fitness": 78.76027191571445,
    "generation": 0,
    "parameters": {
        "alphaee": 0.9143403647444888,
        "alphaei": 0.5905727178927692,
        "alphaie": 0.8198272274114983,
        "alphaii": 0.8422206404352359,
        "deltae": 0.33117033486309017,
        "deltai": 0.20710564112947127,
        "eta0e": 3.680712044545986,
        "eta0i": 2.2958382736210474,
        "kappa_gapee": 0.08431552217837107,
        "kappa_gapei": 0.12338111339125425,
        "kappa_gapii": 0.7615044461382419,
        "kappa_see": 3.4017874139047475,
        "kappa_sei": 8.24712843582097,
        "kappa_sie": 5.455719388912614,
        "kappa_sii": 8.21100360981092,
        "sigma_se": 0.08468203355636722,
        "sigma_si": 0.0342899620587244,
        "taue": 16.76781162805318,
        "taui": 16.003795250151093,
        "tauxe": 94.3937499832782,
        "tauxi": 71.27465244693397,
        "vsyn_ee": 7.890212545551606,
        "vsyn_ei": 16.724522527259964,
        "vsyn_ie": -89.21177829381563,
        "vsyn_ii": -29.31926150643433
    },
    "timestamp": 1746274630
}