{
    "fitness": 49.17053166497376,
    "generation": 0,
    "parameters": {
        "alphaee": 0.13075900498405213,
        "alphaei": 0.24714378509332555,
        "alphaie": 0.38530824372598477,
        "alphaii": 0.5676496781107023,
        "deltae": 0.5136889649129339,
        "deltai": 0.5159937080113224,
        "eta0e": 0.13869953253981665,
        "eta0i": 4.193105743590023,
        "kappa_gapee": 0.15292259367294675,
        "kappa_gapei": 0.016270290229049803,
        "kappa_gapii": 0.10220102893685919,
        "kappa_see": 7.282205928726163,
        "kappa_sei": 8.551837115056735,
        "kappa_sie": 9.315025748092962,
        "kappa_sii": 0.7141780171164447,
        "sigma_se": 0.09109506557145501,
        "sigma_si": 0.09362943619854872,
        "taue": 20.89437223433342,
        "taui": 12.594655796093413,
        "tauxe": 41.74962276263436,
        "tauxi": 32.02419148495647,
        "vsyn_ee": 11.588472877933073,
        "vsyn_ei": 10.234906586072837,
        "vsyn_ie": -6.218199922904191,
        "vsyn_ii": -5.128771725193232
    },
    "timestamp": 1746274227
}