{
    "fitness": 53.39444687641568,
    "generation": 0,
    "parameters": {
        "alphaee": 0.793584208786106,
        "alphaei": 0.8178713827191144,
        "alphaie": 0.13968700731029662,
        "alphaii": 0.7116293752100986,
        "deltae": 0.39652105152755013,
        "deltai": 0.5159937080113224,
        "eta0e": 2.297908678119138,
        "eta0i": 1.4883883435997989,
        "kappa_gapee": 0.15292259367294675,
        "kappa_gapei": 0.5,
        "kappa_gapii": 0.5523242674914834,
        "kappa_see": 3.8673891762485146,
        "kappa_sei": 8.566638415585498,
        "kappa_sie": 5.279879069012511,
        "kappa_sii": 9.004536317902419,
        "sigma_se": 0.06724993521136456,
        "sigma_si": 0.0852425744926826,
        "taue": 15.319233814194392,
        "taui": 9.62563429493678,
        "tauxe": 98.19897176925426,
        "tauxi": 41.478854085898746,
        "vsyn_ee": 12.053783764156556,
        "vsyn_ei": 10.620780018350139,
        "vsyn_ie": -56.339644191636246,
        "vsyn_ii": -21.177059654793634
    },
    "timestamp": 1746273979
}