{
    "fitness": 48.64390124451192,
    "generation": 0,
    "parameters": {
        "alphaee": 0.27522345275072513,
        "alphaei": 0.6265471517726466,
        "alphaie": 0.39762770925724256,
        "alphaii": 0.157094733290979,
        "deltae": 0.5778932610833919,
        "deltai": 0.35850367919820453,
        "eta0e": 1.949648464664338,
        "eta0i": 4.598057389171414,
        "kappa_gapee": 0.13659645394499267,
        "kappa_gapei": 0.32582465383771575,
        "kappa_gapii": 0.7519754783863452,
        "kappa_see": 10.0,
        "kappa_sei": 6.942388682380175,
        "kappa_sie": 6.111098501389883,
        "kappa_sii": 0.7141780171164447,
        "sigma_se": 0.06572510601463945,
        "sigma_si": 0.039058510997416154,
        "taue": 23.59768345077077,
        "taui": 10.705252682687547,
        "tauxe": 39.03605412557654,
        "tauxi": 59.05080362864214,
        "vsyn_ee": 1.6928710334696697,
        "vsyn_ei": 12.423503461005238,
        "vsyn_ie": -6.218199922904191,
        "vsyn_ii": -5.128771725193232
    },
    "timestamp": 1746274050
}