{
    "fitness": 48.48877278874108,
    "generation": 0,
    "parameters": {
        "alphaee": 0.9276567001523963,
        "alphaei": 0.5514306139651574,
        "alphaie": 0.1871752717112111,
        "alphaii": 0.170099193518327,
        "deltae": 0.40417143348262835,
        "deltai": 0.46110828317713837,
        "eta0e": 0.14238999401216662,
        "eta0i": 4.867742767332486,
        "kappa_gapee": 0.17290025197586373,
        "kappa_gapei": 0.0716532773908472,
        "kappa_gapii": 0.6976715007641704,
        "kappa_see": 7.282205928726163,
        "kappa_sei": 6.942388682380175,
        "kappa_sie": 0.023097954931840282,
        "kappa_sii": 0.7141780171164447,
        "sigma_se": 0.04333073258015742,
        "sigma_si": 0.08735413138321653,
        "taue": 21.922924808931725,
        "taui": 5.868530895603894,
        "tauxe": 31.230125631250242,
        "tauxi": 59.05080362864214,
        "vsyn_ee": 11.588472877933073,
        "vsyn_ei": 2.2269225617529047,
        "vsyn_ie": -6.218199922904191,
        "vsyn_ii": -5.128771725193232
    },
    "timestamp": 1746273717
}