{
    "fitness": 52.183886819866984,
    "generation": 0,
    "parameters": {
        "alphaee": 0.9276567001523963,
        "alphaei": 0.24714378509332555,
        "alphaie": 0.1871752717112111,
        "alphaii": 0.5676496781107023,
        "deltae": 0.40417143348262835,
        "deltai": 0.5159937080113224,
        "eta0e": 2.297908678119138,
        "eta0i": 4.867742767332486,
        "kappa_gapee": 0.11236499112222641,
        "kappa_gapei": 0.016270290229049803,
        "kappa_gapii": 0.10220102893685919,
        "kappa_see": 9.417924015913876,
        "kappa_sei": 3.761899286400282,
        "kappa_sie": 9.315025748092962,
        "kappa_sii": 3.755373120111965,
        "sigma_se": 0.09109506557145501,
        "sigma_si": 0.08735413138321653,
        "taue": 12.913264812294168,
        "taui": 17.741526345493938,
        "tauxe": 47.7052114992941,
        "tauxi": 55.058301940320234,
        "vsyn_ee": 10.531183859156261,
        "vsyn_ei": 13.817529681175463,
        "vsyn_ie": -76.51839078610047,
        "vsyn_ii": -23.563440123512734
    },
    "timestamp": 1746273967
}