{
    "fitness": 49.01767461811688,
    "generation": 0,
    "parameters": {
        "alphaee": 0.3735237109072063,
        "alphaei": 0.5463805404779094,
        "alphaie": 0.6535713468873889,
        "alphaii": 0.3793303793243473,
        "deltae": 0.30295226931028957,
        "deltai": 0.1301661268436671,
        "eta0e": 0.755942437202871,
        "eta0i": 1.0383042556201496,
        "kappa_gapee": 0.09189883628405507,
        "kappa_gapei": 0.17739739596120427,
        "kappa_gapii": 0.12228279253986028,
        "kappa_see": 2.9587657217836223,
        "kappa_sei": 0.2508873760240943,
        "kappa_sie": 8.788544957040497,
        "kappa_sii": 5.629650649889694,
        "sigma_se": 0.024259396940525285,
        "sigma_si": 0.09076655856914376,
        "taue": 12.38986924747142,
        "taui": 10.36749207933825,
        "tauxe": 95.54410005004092,
        "tauxi": 45.33721932404344,
        "vsyn_ee": 6.81094140903319,
        "vsyn_ei": 10.140590325229724,
        "vsyn_ie": -92.12965256864162,
        "vsyn_ii": -44.18252395740973
    },
    "timestamp": 1746274690
}