{
    "fitness": 48.37799431315011,
    "generation": 0,
    "parameters": {
        "alphaee": 0.6519376909452116,
        "alphaei": 0.5514306139651574,
        "alphaie": 0.6441600622662079,
        "alphaii": 0.170099193518327,
        "deltae": 0.5136889649129339,
        "deltai": 0.46110828317713837,
        "eta0e": 0.14238999401216662,
        "eta0i": 0.24346614338545955,
        "kappa_gapee": 0.17290025197586373,
        "kappa_gapei": 0.3803170399427421,
        "kappa_gapii": 0.1152638058344341,
        "kappa_see": 7.323243278583554,
        "kappa_sei": 9.466159542770006,
        "kappa_sie": 0.6687446931665117,
        "kappa_sii": 3.5286875402119695,
        "sigma_se": 0.04451751811330106,
        "sigma_si": 0.022152329868159203,
        "taue": 20.932397205815228,
        "taui": 12.594655796093413,
        "tauxe": 31.230125631250242,
        "tauxi": 62.27748438980244,
        "vsyn_ee": 11.588472877933073,
        "vsyn_ei": 2.112363753501315,
        "vsyn_ie": -48.192533557364115,
        "vsyn_ii": -2.2005809064264867
    },
    "timestamp": 1746274062
}