{
    "fitness": 48.56907051959166,
    "generation": 0,
    "parameters": {
        "alphaee": 0.3346722369221756,
        "alphaei": 0.8256879075692454,
        "alphaie": 0.6746622931519498,
        "alphaii": 0.27176817666201986,
        "deltae": 0.514454921963526,
        "deltai": 0.4351541211651215,
        "eta0e": 1.2493487995364414,
        "eta0i": 3.593635272429079,
        "kappa_gapee": 0.18211669376664344,
        "kappa_gapei": 0.47422345986946834,
        "kappa_gapii": 0.08460804749660539,
        "kappa_see": 7.93447869991681,
        "kappa_sei": 3.712170151621261,
        "kappa_sie": 7.5082621082197605,
        "kappa_sii": 8.064436785619684,
        "sigma_se": 0.046922505134023,
        "sigma_si": 0.03751598214813893,
        "taue": 21.310358514620756,
        "taui": 18.272776457952936,
        "tauxe": 34.275168570995895,
        "tauxi": 41.35633628432235,
        "vsyn_ee": 4.849186093102648,
        "vsyn_ei": 12.461005771651068,
        "vsyn_ie": -54.025299016675234,
        "vsyn_ii": -46.56577119726668
    },
    "timestamp": 1746274595
}