{
    "fitness": 49.11728101110587,
    "generation": 0,
    "parameters": {
        "alphaee": 0.6519376909452116,
        "alphaei": 0.6265471517726466,
        "alphaie": 0.5755492526096276,
        "alphaii": 0.170099193518327,
        "deltae": 0.5136889649129339,
        "deltai": 0.46110828317713837,
        "eta0e": 0.14238999401216662,
        "eta0i": 0.24346614338545955,
        "kappa_gapee": 0.13659645394499267,
        "kappa_gapei": 0.3803170399427421,
        "kappa_gapii": 0.1152638058344341,
        "kappa_see": 9.961061714134093,
        "kappa_sei": 6.942388682380175,
        "kappa_sie": 6.111098501389883,
        "kappa_sii": 3.5286875402119695,
        "sigma_se": 0.04451751811330106,
        "sigma_si": 0.039058510997416154,
        "taue": 23.59768345077077,
        "taui": 10.705252682687547,
        "tauxe": 39.03605412557654,
        "tauxi": 59.047414879340295,
        "vsyn_ee": 1.6928710334696697,
        "vsyn_ei": 12.38341061884062,
        "vsyn_ie": -48.192533557364115,
        "vsyn_ii": -5.128771725193232
    },
    "timestamp": 1746273824
}