{
    "fitness": 114.26010446879553,
    "generation": 0,
    "parameters": {
        "alphaee": 0.27522345275072513,
        "alphaei": 0.5514306139651574,
        "alphaie": 0.739587480112186,
        "alphaii": 0.170099193518327,
        "deltae": 0.5136889649129339,
        "deltai": 0.6,
        "eta0e": 0.11446600416072703,
        "eta0i": 0.24346614338545955,
        "kappa_gapee": 0.11467967219392804,
        "kappa_gapei": 0.32582465383771575,
        "kappa_gapii": 0.5523242674914834,
        "kappa_see": 7.282205928726163,
        "kappa_sei": 3.541382489763027,
        "kappa_sie": 6.111098501389883,
        "kappa_sii": 9.004536317902419,
        "sigma_se": 0.03638169161089851,
        "sigma_si": 0.039058510997416154,
        "taue": 20.932397205815228,
        "taui": 12.594655796093413,
        "tauxe": 69.26823291061386,
        "tauxi": 41.478854085898746,
        "vsyn_ee": 12.053783764156556,
        "vsyn_ei": 2.2269225617529047,
        "vsyn_ie": -56.339644191636246,
        "vsyn_ii": -21.58225759664211
    },
    "timestamp": 1746274310
}