{
    "fitness": 53.312003241672784,
    "generation": 0,
    "parameters": {
        "alphaee": 0.8704428463464127,
        "alphaei": 0.08310201183233125,
        "alphaie": 0.14753984480757415,
        "alphaii": 0.8462292929958949,
        "deltae": 0.2849936980251362,
        "deltai": 0.05,
        "eta0e": 1.375091669915201,
        "eta0i": 4.021850319720298,
        "kappa_gapee": 0.05017843323861457,
        "kappa_gapei": 0.17050403686704096,
        "kappa_gapii": 0.61625404935884,
        "kappa_see": 3.9088011169610146,
        "kappa_sei": 6.449039871150585,
        "kappa_sie": 7.662702276830202,
        "kappa_sii": 2.8412363389956607,
        "sigma_se": 0.08641773746246027,
        "sigma_si": 0.08630133677740304,
        "taue": 15.519309496397849,
        "taui": 19.104553359079276,
        "tauxe": 31.16376365773922,
        "tauxi": 28.671989932865635,
        "vsyn_ee": 7.765189871495194,
        "vsyn_ei": 12.01340343669313,
        "vsyn_ie": -89.40618665099603,
        "vsyn_ii": -33.70697917344519
    },
    "timestamp": 1746273896
}