{
    "fitness": 54.697374529984195,
    "generation": 0,
    "parameters": {
        "alphaee": 0.13075900498405213,
        "alphaei": 0.24714378509332555,
        "alphaie": 0.14753984480757415,
        "alphaii": 0.170099193518327,
        "deltae": 0.5055680926341707,
        "deltai": 0.5159937080113224,
        "eta0e": 1.375091669915201,
        "eta0i": 0.24346614338545955,
        "kappa_gapee": 0.15292259367294675,
        "kappa_gapei": 0.016270290229049803,
        "kappa_gapii": 0.10220102893685919,
        "kappa_see": 7.282205928726163,
        "kappa_sei": 8.566638415585498,
        "kappa_sie": 7.662702276830202,
        "kappa_sii": 0.17035025487226796,
        "sigma_se": 0.09109506557145501,
        "sigma_si": 0.039058510997416154,
        "taue": 12.913264812294168,
        "taui": 17.741526345493938,
        "tauxe": 31.16376365773922,
        "tauxi": 28.671989932865635,
        "vsyn_ee": 14.268781544624265,
        "vsyn_ei": 14.48724648400051,
        "vsyn_ie": -10.783820625601123,
        "vsyn_ii": -33.64184798177004
    },
    "timestamp": 1746274251
}