{
    "fitness": 50.48298684647234,
    "generation": 0,
    "parameters": {
        "alphaee": 0.2959905712135455,
        "alphaei": 0.24714378509332555,
        "alphaie": 0.23840817380117313,
        "alphaii": 0.9989116648762919,
        "deltae": 0.2849936980251362,
        "deltai": 0.5159937080113224,
        "eta0e": 2.297908678119138,
        "eta0i": 4.021850319720298,
        "kappa_gapee": 0.2,
        "kappa_gapei": 0.5,
        "kappa_gapii": 0.61625404935884,
        "kappa_see": 3.9088011169610146,
        "kappa_sei": 8.566638415585498,
        "kappa_sie": 7.662702276830202,
        "kappa_sii": 0.17035025487226796,
        "sigma_se": 0.08641773746246027,
        "sigma_si": 0.039058510997416154,
        "taue": 15.519309496397849,
        "taui": 19.192192830555626,
        "tauxe": 31.16376365773922,
        "tauxi": 79.28423343493968,
        "vsyn_ee": 18.984335585565866,
        "vsyn_ei": 12.01340343669313,
        "vsyn_ie": -31.1771732798138,
        "vsyn_ii": -33.64184798177004
    },
    "timestamp": 1746273742
}