{
    "fitness": 46.66976474412291,
    "generation": 0,
    "parameters": {
        "alphaee": 0.278253348367364,
        "alphaei": 0.24714378509332555,
        "alphaie": 0.23840817380117313,
        "alphaii": 0.8462292929958949,
        "deltae": 0.29620995593975064,
        "deltai": 0.6,
        "eta0e": 1.375091669915201,
        "eta0i": 2.422453979383975,
        "kappa_gapee": 0.0,
        "kappa_gapei": 0.5,
        "kappa_gapii": 0.61625404935884,
        "kappa_see": 3.9088011169610146,
        "kappa_sei": 6.449039871150585,
        "kappa_sie": 7.662702276830202,
        "kappa_sii": 0.035622878623270376,
        "sigma_se": 0.08641773746246027,
        "sigma_si": 0.0852425744926826,
        "taue": 8.514639557774967,
        "taui": 17.741526345493938,
        "tauxe": 31.16376365773922,
        "tauxi": 28.73437931396914,
        "vsyn_ee": 19.05888734702373,
        "vsyn_ei": 12.01340343669313,
        "vsyn_ie": -31.1771732798138,
        "vsyn_ii": -81.6975681162117
    },
    "timestamp": 1746274122
}