{
    "fitness": 75.01559993698498,
    "generation": 0,
    "parameters": {
        "alphaee": 0.2959905712135455,
        "alphaei": 0.6265471517726466,
        "alphaie": 0.834458333226556,
        "alphaii": 0.9989116648762919,
        "deltae": 0.5778932610833919,
        "deltai": 0.3303804651872444,
        "eta0e": 2.297908678119138,
        "eta0i": 4.598057389171414,
        "kappa_gapee": 0.15292259367294675,
        "kappa_gapei": 0.4962579878290844,
        "kappa_gapii": 0.1152638058344341,
        "kappa_see": 9.961061714134093,
        "kappa_sei": 9.466159542770006,
        "kappa_sie": 0.6687446931665117,
        "kappa_sii": 3.5286875402119695,
        "sigma_se": 0.09109506557145501,
        "sigma_si": 0.022152329868159203,
        "taue": 13.261941683760952,
        "taui": 10.705252682687547,
        "tauxe": 41.74962276263436,
        "tauxi": 79.28423343493968,
        "vsyn_ee": 18.984335585565866,
        "vsyn_ei": 12.38341061884062,
        "vsyn_ie": -48.192533557364115,
        "vsyn_ii": -2.107735797321311
    },
    "timestamp": 1746274098
}