{
    "fitness": 81.62469959409611,
    "generation": 0,
    "parameters": {
        "alphaee": 0.6996008540315809,
        "alphaei": 0.06326938959773094,
        "alphaie": 0.8317101899271725,
        "alphaii": 0.33266772088742247,
        "deltae": 0.5736690385413685,
        "deltai": 0.17018272235333848,
        "eta0e": 4.547703912116189,
        "eta0i": 3.661113204433002,
        "kappa_gapee": 0.17052409199941476,
        "kappa_gapei": 0.4609049696375062,
        "kappa_gapii": 0.18696805021697385,
        "kappa_see": 9.584460666742826,
        "kappa_sei": 1.0498350234066143,
        "kappa_sie": 1.1118784124627739,
        "kappa_sii": 5.081026863972266,
        "sigma_se": 0.07282317887118774,
        "sigma_si": 0.046875265615264484,
        "taue": 8.768024226926883,
        "taui": 13.009722833494871,
        "tauxe": 32.95775524972024,
        "tauxi": 85.10422147886952,
        "vsyn_ee": 1.0166825412918512,
        "vsyn_ei": 6.266170516538953,
        "vsyn_ie": -10.851883974017355,
        "vsyn_ii": -6.828314185524732
    },
    "timestamp": 1746274642
}