{
    "fitness": 129.22325992649854,
    "generation": 0,
    "parameters": {
        "alphaee": 0.13075900498405213,
        "alphaei": 0.6265471517726466,
        "alphaie": 0.9332056231877633,
        "alphaii": 0.157094733290979,
        "deltae": 0.5778932610833919,
        "deltai": 0.5159937080113224,
        "eta0e": 2.297908678119138,
        "eta0i": 4.193105743590023,
        "kappa_gapee": 0.15292259367294675,
        "kappa_gapei": 0.016270290229049803,
        "kappa_gapii": 0.10220102893685919,
        "kappa_see": 1.0780008683361773,
        "kappa_sei": 9.466159542770006,
        "kappa_sie": 0.6687446931665117,
        "kappa_sii": 0.17035025487226796,
        "sigma_se": 0.04451751811330106,
        "sigma_si": 0.022152329868159203,
        "taue": 12.913264812294168,
        "taui": 17.741526345493938,
        "tauxe": 39.03605412557654,
        "tauxi": 32.02419148495647,
        "vsyn_ee": 14.268781544624265,
        "vsyn_ei": 9.899656461668123,
        "vsyn_ie": -48.192533557364115,
        "vsyn_ii": -24.4830612351264
    },
    "timestamp": 1746274357
}