{
    "fitness": 104.9025268212115,
    "generation": 0,
    "parameters": {
        "alphaee": 0.8704428463464127,
        "alphaei": 0.24714378509332555,
        "alphaie": 0.9332056231877633,
        "alphaii": 0.8462292929958949,
        "deltae": 0.5111850919673452,
        "deltai": 0.24956119742856514,
        "eta0e": 2.297908678119138,
        "eta0i": 4.193105743590023,
        "kappa_gapee": 0.15292259367294675,
        "kappa_gapei": 0.36985387150154914,
        "kappa_gapii": 0.10220102893685919,
        "kappa_see": 1.0780008683361773,
        "kappa_sei": 8.566638415585498,
        "kappa_sie": 9.315025748092962,
        "kappa_sii": 2.8412363389956607,
        "sigma_se": 0.08641773746246027,
        "sigma_si": 0.09362943619854872,
        "taue": 15.519309496397849,
        "taui": 17.741526345493938,
        "tauxe": 41.74962276263436,
        "tauxi": 32.02419148495647,
        "vsyn_ee": 14.268781544624265,
        "vsyn_ei": 14.48724648400051,
        "vsyn_ie": -89.40618665099603,
        "vsyn_ii": -24.4830612351264
    },
    "timestamp": 1746274275
}