{
    "fitness": 137.9994054147073,
    "generation": 0,
    "parameters": {
        "alphaee": 0.5183752725866613,
        "alphaei": 0.8594008844553886,
        "alphaie": 0.6762321436022669,
        "alphaii": 0.44074068826616947,
        "deltae": 0.10724203535323502,
        "deltai": 0.12014747006255778,
        "eta0e": 3.478298515855549,
        "eta0i": 3.3848133925830535,
        "kappa_gapee": 0.0441191045001587,
        "kappa_gapei": 0.3094638186761581,
        "kappa_gapii": 0.002390822442699189,
        "kappa_see": 8.623703730748666,
        "kappa_sei": 9.812595819702238,
        "kappa_sie": 0.7130233077299982,
        "kappa_sii": 3.9968270835925006,
        "sigma_se": 0.018709798816130163,
        "sigma_si": 0.053021054831129,
        "taue": 10.956100843774383,
        "taui": 16.96689125524638,
        "tauxe": 64.94689532189776,
        "tauxi": 66.05563752239429,
        "vsyn_ee": 12.915952330995308,
        "vsyn_ei": 7.056847202738595,
        "vsyn_ie": -95.50934387648316,
        "vsyn_ii": -57.15867504764771
    },
    "timestamp": 1746274524
}