{
    "fitness": 53.01711566391532,
    "generation": 0,
    "parameters": {
        "alphaee": 0.9276567001523963,
        "alphaei": 0.24714378509332555,
        "alphaie": 0.1871752717112111,
        "alphaii": 0.5676496781107023,
        "deltae": 0.5055680926341707,
        "deltai": 0.5159937080113224,
        "eta0e": 2.297908678119138,
        "eta0i": 4.193105743590023,
        "kappa_gapee": 0.11236499112222641,
        "kappa_gapei": 0.0716532773908472,
        "kappa_gapii": 0.10220102893685919,
        "kappa_see": 0.7886973441354665,
        "kappa_sei": 8.566638415585498,
        "kappa_sie": 0.023097954931840282,
        "kappa_sii": 3.755373120111965,
        "sigma_se": 0.09109506557145501,
        "sigma_si": 0.08735413138321653,
        "taue": 12.913264812294168,
        "taui": 17.741526345493938,
        "tauxe": 41.74962276263436,
        "tauxi": 55.058301940320234,
        "vsyn_ee": 14.268781544624265,
        "vsyn_ei": 13.817529681175463,
        "vsyn_ie": -10.783820625601123,
        "vsyn_ii": -23.563440123512734
    },
    "timestamp": 1746274476
}