{
    "fitness": 55.95461705281371,
    "generation": 0,
    "parameters": {
        "alphaee": 0.3728370121841069,
        "alphaei": 0.864797430775538,
        "alphaie": 0.5372578991697016,
        "alphaii": 0.7001301950132132,
        "deltae": 0.06348070164944297,
        "deltai": 0.2508493996829205,
        "eta0e": 3.371084065587832,
        "eta0i": 0.022184403054436034,
        "kappa_gapee": 0.15348356660269302,
        "kappa_gapei": 0.29271549154387555,
        "kappa_gapii": 0.1662978359780157,
        "kappa_see": 8.117743576196686,
        "kappa_sei": 4.774664647290801,
        "kappa_sie": 9.855987116870427,
        "kappa_sii": 3.5629263509189344,
        "sigma_se": 0.04502765523967535,
        "sigma_si": 0.025082254954678595,
        "taue": 16.814966399252004,
        "taui": 22.25672756810692,
        "tauxe": 32.604427636716004,
        "tauxi": 77.13976218727737,
        "vsyn_ee": 14.501917568050184,
        "vsyn_ei": 14.328364492556348,
        "vsyn_ie": -38.57478074292191,
        "vsyn_ii": -82.32236223354901
    },
    "timestamp": 1746274666
}