{
    "fitness": 54.29173495355751,
    "generation": 0,
    "parameters": {
        "alphaee": 0.17466289404527793,
        "alphaei": 0.06958124918923514,
        "alphaie": 0.27923141235535437,
        "alphaii": 0.05793850660271111,
        "deltae": 0.5965392048012549,
        "deltai": 0.13846428593271187,
        "eta0e": 1.5843992277735086,
        "eta0i": 1.7008711099251266,
        "kappa_gapee": 0.037025099884292374,
        "kappa_gapei": 0.2726714565205678,
        "kappa_gapii": 0.7149105197395311,
        "kappa_see": 0.519874002281215,
        "kappa_sei": 6.254990103563834,
        "kappa_sie": 5.1332239597681,
        "kappa_sii": 8.528373433443582,
        "sigma_se": 0.08841478243494474,
        "sigma_si": 0.045731074650395435,
        "taue": 21.340544566425656,
        "taui": 7.765312242231638,
        "tauxe": 70.51012459823315,
        "tauxi": 54.03648232848766,
        "vsyn_ee": 1.0562421413244198,
        "vsyn_ei": 3.0111868056698357,
        "vsyn_ie": -97.79269190650092,
        "vsyn_ii": -60.34715577332909
    },
    "timestamp": 1746274713
}