{
    "fitness": 60.63050230859016,
    "generation": 0,
    "parameters": {
        "alphaee": 0.27522345275072513,
        "alphaei": 0.24714378509332555,
        "alphaie": 0.13968700731029662,
        "alphaii": 0.6663737357751254,
        "deltae": 0.2931870712006173,
        "deltai": 0.46110828317713837,
        "eta0e": 0.14238999401216662,
        "eta0i": 0.42186036084166423,
        "kappa_gapee": 0.15292259367294675,
        "kappa_gapei": 0.32582465383771575,
        "kappa_gapii": 0.10220102893685919,
        "kappa_see": 3.8673891762485146,
        "kappa_sei": 6.942388682380175,
        "kappa_sie": 6.111098501389883,
        "kappa_sii": 0.17035025487226796,
        "sigma_se": 0.06724993521136456,
        "sigma_si": 0.039058510997416154,
        "taue": 8.514639557774967,
        "taui": 12.594655796093413,
        "tauxe": 98.19897176925426,
        "tauxi": 59.05080362864214,
        "vsyn_ee": 19.05888734702373,
        "vsyn_ei": 2.2269225617529047,
        "vsyn_ie": -10.783820625601123,
        "vsyn_ii": -5.128771725193232
    },
    "timestamp": 1746274086
}