{
    "fitness": 180.35475047986188,
    "generation": 0,
    "parameters": {
        "alphaee": 0.8704428463464127,
        "alphaei": 0.01,
        "alphaie": 0.01,
        "alphaii": 0.5579924786723642,
        "deltae": 0.137669922185731,
        "deltai": 0.13524451023943768,
        "eta0e": 0.5759496082758016,
        "eta0i": 4.867742767332486,
        "kappa_gapee": 0.0,
        "kappa_gapei": 0.5,
        "kappa_gapii": 0.0,
        "kappa_see": 9.514652271691691,
        "kappa_sei": 3.8658480430820776,
        "kappa_sie": 7.662702276830202,
        "kappa_sii": 9.004536317902419,
        "sigma_se": 0.1,
        "sigma_si": 0.09874504435076333,
        "taue": 15.519309496397849,
        "taui": 19.192192830555626,
        "tauxe": 31.187032079354434,
        "tauxi": 55.25122352709719,
        "vsyn_ee": 7.807970284980439,
        "vsyn_ei": 15.51873505894248,
        "vsyn_ie": -89.40618665099603,
        "vsyn_ii": -34.18001303599455
    },
    "timestamp": 1746281349
}