{
    "fitness": 46.812144203012245,
    "generation": 0,
    "parameters": {
        "alphaee": 0.6455059584974625,
        "alphaei": 0.8709909952247687,
        "alphaie": 0.23840817380117313,
        "alphaii": 0.4717462364161919,
        "deltae": 0.6,
        "deltai": 0.6,
        "eta0e": 1.1735730954831567,
        "eta0i": 3.2614521598533837,
        "kappa_gapee": 0.0,
        "kappa_gapei": 0.43707049122159736,
        "kappa_gapii": 0.0789053449173425,
        "kappa_see": 3.5722890314716844,
        "kappa_sei": 3.761899286400282,
        "kappa_sie": 7.662702276830202,
        "kappa_sii": 9.004536317902419,
        "sigma_se": 0.08926333756018999,
        "sigma_si": 0.09874504435076333,
        "taue": 15.519309496397849,
        "taui": 19.192192830555626,
        "tauxe": 84.6071097473028,
        "tauxi": 55.25122352709719,
        "vsyn_ee": 11.780285685633105,
        "vsyn_ei": 6.482832760187893,
        "vsyn_ie": -77.32674805330429,
        "vsyn_ii": -53.854938199410796
    },
    "timestamp": 1746281125
}