{
    "fitness": 48.68915695117053,
    "generation": 0,
    "parameters": {
        "alphaee": 0.672183332547762,
        "alphaei": 0.4882070118379228,
        "alphaie": 0.9786498491230703,
        "alphaii": 0.372668240735883,
        "deltae": 0.10828822442827349,
        "deltai": 0.12860363610915643,
        "eta0e": 1.1148786843515355,
        "eta0i": 2.7548058511638827,
        "kappa_gapee": 0.01114452399303005,
        "kappa_gapei": 0.012212160979870731,
        "kappa_gapii": 0.7418757092597223,
        "kappa_see": 8.614425201591203,
        "kappa_sei": 3.701027020845797,
        "kappa_sie": 9.502960533966355,
        "kappa_sii": 0.7548647238720214,
        "sigma_se": 0.024444660794556122,
        "sigma_si": 0.07424785932974402,
        "taue": 20.634004599819384,
        "taui": 21.439284834780945,
        "tauxe": 76.68579877949557,
        "tauxi": 37.37929166271655,
        "vsyn_ee": 18.027329896957177,
        "vsyn_ei": 7.960969840239898,
        "vsyn_ie": -34.11850104861172,
        "vsyn_ii": -9.917252251849703
    },
    "timestamp": 1746282431
}