{
    "fitness": 48.70033219436041,
    "generation": 0,
    "parameters": {
        "alphaee": 0.8704428463464127,
        "alphaei": 0.7289414131231717,
        "alphaie": 0.249513570803235,
        "alphaii": 0.170099193518327,
        "deltae": 0.32120290012197206,
        "deltai": 0.6,
        "eta0e": 1.1735730954831567,
        "eta0i": 3.2614521598533837,
        "kappa_gapee": 0.06210107522978519,
        "kappa_gapei": 0.4566644983295888,
        "kappa_gapii": 0.257547775716015,
        "kappa_see": 3.5722890314716844,
        "kappa_sei": 3.761899286400282,
        "kappa_sie": 9.937803620501718,
        "kappa_sii": 6.307825196477858,
        "sigma_se": 0.08926333756018999,
        "sigma_si": 0.01723235407239098,
        "taue": 6.297632596103627,
        "taui": 18.202370550676218,
        "tauxe": 31.187032079354434,
        "tauxi": 45.46268103360662,
        "vsyn_ee": 8.850633959225549,
        "vsyn_ei": 6.38639393788792,
        "vsyn_ie": -77.32674805330429,
        "vsyn_ii": -53.854938199410796
    },
    "timestamp": 1746281999
}