{
    "fitness": 41.23859390756599,
    "generation": 0,
    "parameters": {
        "alphaee": 1.0,
        "alphaei": 0.10973630163266242,
        "alphaie": 0.627700705092151,
        "alphaii": 0.5400836292834816,
        "deltae": 0.5027937453716238,
        "deltai": 0.46110828317713837,
        "eta0e": 1.375091669915201,
        "eta0i": 0.24346614338545955,
        "kappa_gapee": 0.0,
        "kappa_gapei": 0.4566644983295888,
        "kappa_gapii": 0.0,
        "kappa_see": 9.686910996151749,
        "kappa_sei": 5.107530809567122,
        "kappa_sie": 7.662702276830202,
        "kappa_sii": 2.5750655955165214,
        "sigma_se": 0.1,
        "sigma_si": 0.1,
        "taue": 6.48603422516504,
        "taui": 19.192192830555626,
        "tauxe": 84.3903541032317,
        "tauxi": 55.489161532860045,
        "vsyn_ee": 11.656156721091504,
        "vsyn_ei": 6.482832760187893,
        "vsyn_ie": -56.68157778508189,
        "vsyn_ii": -33.64184798177004
    },
    "timestamp": 1746281364
}