{
    "fitness": 71.34704287408991,
    "generation": 0,
    "parameters": {
        "alphaee": 0.8704428463464127,
        "alphaei": 0.01,
        "alphaie": 0.249513570803235,
        "alphaii": 0.5579924786723642,
        "deltae": 0.137669922185731,
        "deltai": 0.6,
        "eta0e": 1.375091669915201,
        "eta0i": 4.867742767332486,
        "kappa_gapee": 0.0,
        "kappa_gapei": 0.4956466460342629,
        "kappa_gapii": 0.038708526458187634,
        "kappa_see": 3.5722890314716844,
        "kappa_sei": 3.605908016482502,
        "kappa_sie": 9.937803620501718,
        "kappa_sii": 8.812501307627578,
        "sigma_se": 0.1,
        "sigma_si": 0.1,
        "taue": 15.519309496397849,
        "taui": 19.192192830555626,
        "tauxe": 84.6071097473028,
        "tauxi": 55.25122352709719,
        "vsyn_ee": 7.807970284980439,
        "vsyn_ei": 15.51873505894248,
        "vsyn_ie": -56.339644191636246,
        "vsyn_ii": -33.77767384452807
    },
    "timestamp": 1746281866
}