{
    "fitness": 52.64893875478793,
    "generation": 0,
    "parameters": {
        "alphaee": 0.6033897694776631,
        "alphaei": 0.9167835341617548,
        "alphaie": 0.6395813101740515,
        "alphaii": 0.9038226465082425,
        "deltae": 0.06356132451199155,
        "deltai": 0.474499380024341,
        "eta0e": 2.955496641070299,
        "eta0i": 3.7692513980677806,
        "kappa_gapee": 0.1326937333128389,
        "kappa_gapei": 0.15266020380605755,
        "kappa_gapii": 0.05801340643904177,
        "kappa_see": 9.628770651087152,
        "kappa_sei": 7.93241118245009,
        "kappa_sie": 5.157711069943828,
        "kappa_sii": 4.094871289209124,
        "sigma_se": 0.04490044671575372,
        "sigma_si": 0.09044297633022048,
        "taue": 10.063614765303846,
        "taui": 14.87916603733333,
        "tauxe": 48.712772521772095,
        "tauxi": 40.29832880612374,
        "vsyn_ee": 2.2541744541974547,
        "vsyn_ei": 15.122741786598425,
        "vsyn_ie": -24.811378686915376,
        "vsyn_ii": -93.7133509239349
    },
    "timestamp": 1746282448
}