{
    "fitness": 56.215848685587076,
    "generation": 0,
    "parameters": {
        "alphaee": 0.7110221886275992,
        "alphaei": 0.23463861852369816,
        "alphaie": 0.43557042472357416,
        "alphaii": 0.7862980822680098,
        "deltae": 0.47295350793517016,
        "deltai": 0.17183654565813658,
        "eta0e": 2.6664934532154376,
        "eta0i": 0.39989815867910844,
        "kappa_gapee": 0.04413850702121952,
        "kappa_gapei": 0.2694379135106951,
        "kappa_gapii": 0.47610619502074647,
        "kappa_see": 1.7350072912579022,
        "kappa_sei": 1.944674910711768,
        "kappa_sie": 0.9299110957310636,
        "kappa_sii": 9.248393227967808,
        "sigma_se": 0.030195694688385503,
        "sigma_si": 0.015448984656772208,
        "taue": 10.280603407966323,
        "taui": 20.474483956878757,
        "tauxe": 71.83415684460282,
        "tauxi": 56.1490839230339,
        "vsyn_ee": 18.810556655831714,
        "vsyn_ei": 14.000117889077096,
        "vsyn_ie": -64.81269743514682,
        "vsyn_ii": -30.130988299528255
    },
    "timestamp": 1746282230
}