{
    "fitness": 66.50270152900947,
    "generation": 0,
    "parameters": {
        "alphaee": 0.3455999891543595,
        "alphaei": 0.5559168140232973,
        "alphaie": 0.24861768506773793,
        "alphaii": 0.747309766128517,
        "deltae": 0.3976737148159234,
        "deltai": 0.2611751422542756,
        "eta0e": 3.457574664438907,
        "eta0i": 1.9759447135426333,
        "kappa_gapee": 0.03297624587388406,
        "kappa_gapei": 0.02934992948595816,
        "kappa_gapii": 0.6788408252428421,
        "kappa_see": 8.381804123954458,
        "kappa_sei": 1.290660127857874,
        "kappa_sie": 5.153858996006829,
        "kappa_sii": 8.595362716817652,
        "sigma_se": 0.06138721394504359,
        "sigma_si": 0.08633414014462994,
        "taue": 9.693541668692852,
        "taui": 11.44442362618039,
        "tauxe": 93.28296760984757,
        "tauxi": 85.10339145322467,
        "vsyn_ee": 14.29750582093236,
        "vsyn_ei": 19.218047880194135,
        "vsyn_ie": -62.33156580202511,
        "vsyn_ii": -7.3972306299649375
    },
    "timestamp": 1746282297
}