{
    "fitness": 47.965154774140935,
    "generation": 0,
    "parameters": {
        "alphaee": 0.1540376253144551,
        "alphaei": 0.158385273842349,
        "alphaie": 0.7008391580914772,
        "alphaii": 0.9248051702647764,
        "deltae": 0.26644135088727555,
        "deltai": 0.4046193466225443,
        "eta0e": 1.2694118108892298,
        "eta0i": 1.9515117421667891,
        "kappa_gapee": 0.09394547442017587,
        "kappa_gapei": 0.31694468762440703,
        "kappa_gapii": 0.22111869574213983,
        "kappa_see": 3.349953547087888,
        "kappa_sei": 9.360346614390343,
        "kappa_sie": 7.161549192050892,
        "kappa_sii": 8.305377439520194,
        "sigma_se": 0.06520439647067879,
        "sigma_si": 0.09536490286271396,
        "taue": 17.243753045866793,
        "taui": 5.507866057758585,
        "tauxe": 28.661894774586987,
        "tauxi": 48.5693731535896,
        "vsyn_ee": 17.760141809887703,
        "vsyn_ei": 13.568140953025782,
        "vsyn_ie": -5.8530053727455,
        "vsyn_ii": -63.3845303979053
    },
    "timestamp": 1746282347
}