{
    "fitness": 43.01317039181082,
    "generation": 0,
    "parameters": {
        "alphaee": 1.0,
        "alphaei": 0.01,
        "alphaie": 0.205198234841609,
        "alphaii": 0.01,
        "deltae": 0.1258173679116062,
        "deltai": 0.5379717606275067,
        "eta0e": 1.375091669915201,
        "eta0i": 0.24346614338545955,
        "kappa_gapee": 0.0,
        "kappa_gapei": 0.43707049122159736,
        "kappa_gapii": 0.0,
        "kappa_see": 9.571229992758019,
        "kappa_sei": 3.495235884001301,
        "kappa_sie": 7.662702276830202,
        "kappa_sii": 2.7759353286325035,
        "sigma_se": 0.1,
        "sigma_si": 0.01723235407239098,
        "taue": 15.519309496397849,
        "taui": 18.787129978565215,
        "tauxe": 31.187032079354434,
        "tauxi": 28.671989932865635,
        "vsyn_ee": 11.780285685633105,
        "vsyn_ei": 6.482832760187893,
        "vsyn_ie": -89.40618665099603,
        "vsyn_ii": -53.85323022245955
    },
    "timestamp": 1746281883
}