{
    "fitness": 42.35344130953859,
    "generation": 0,
    "parameters": {
        "alphaee": 0.639271341613104,
        "alphaei": 0.01,
        "alphaie": 0.249513570803235,
        "alphaii": 0.5579924786723642,
        "deltae": 0.137669922185731,
        "deltai": 0.5888621104971415,
        "eta0e": 1.375091669915201,
        "eta0i": 4.867742767332486,
        "kappa_gapee": 0.06210107522978519,
        "kappa_gapei": 0.4956466460342629,
        "kappa_gapii": 0.12463267859714432,
        "kappa_see": 9.714993048934776,
        "kappa_sei": 3.761899286400282,
        "kappa_sie": 7.662702276830202,
        "kappa_sii": 2.8412363389956607,
        "sigma_se": 0.09429548522694804,
        "sigma_si": 0.01723235407239098,
        "taue": 6.458547411395464,
        "taui": 19.18157925777031,
        "tauxe": 84.6071097473028,
        "tauxi": 45.65071764233249,
        "vsyn_ee": 7.807970284980439,
        "vsyn_ei": 6.482832760187893,
        "vsyn_ie": -77.32674805330429,
        "vsyn_ii": -33.64184798177004
    },
    "timestamp": 1746281062
}