{
    "fitness": 51.43158030147374,
    "generation": 0,
    "parameters": {
        "alphaee": 0.2460563533660609,
        "alphaei": 0.16317302070351067,
        "alphaie": 0.2070445071844011,
        "alphaii": 0.5456028406072535,
        "deltae": 0.1135631032819757,
        "deltai": 0.2695665815374169,
        "eta0e": 0.7659239348475456,
        "eta0i": 1.8179214345247403,
        "kappa_gapee": 0.1800704981266051,
        "kappa_gapei": 0.13280614003444005,
        "kappa_gapii": 0.24925038220138607,
        "kappa_see": 7.7109803671298325,
        "kappa_sei": 3.915792780104654,
        "kappa_sie": 0.800266887149923,
        "kappa_sii": 2.7920077025144,
        "sigma_se": 0.09918171559331924,
        "sigma_si": 0.030258487183664487,
        "taue": 19.786588769041018,
        "taui": 8.375137829503643,
        "tauxe": 25.110737381381078,
        "tauxi": 39.44464038955395,
        "vsyn_ee": 19.6796994996123,
        "vsyn_ei": 13.054307721110524,
        "vsyn_ie": -40.39352666752341,
        "vsyn_ii": -72.235096046582
    },
    "timestamp": 1746282398
}