{
    "fitness": 56.86745409601593,
    "generation": 0,
    "parameters": {
        "alphaee": 0.7728771984953569,
        "alphaei": 0.24313502982189594,
        "alphaie": 0.48345644188035597,
        "alphaii": 0.7167224221314036,
        "deltae": 0.5145890601501621,
        "deltai": 0.3038883871314049,
        "eta0e": 4.000302797452698,
        "eta0i": 0.1817958113981917,
        "kappa_gapee": 0.09395452337777394,
        "kappa_gapei": 0.2828154780581986,
        "kappa_gapii": 0.23033397740668257,
        "kappa_see": 9.095271318175618,
        "kappa_sei": 0.23721591098154798,
        "kappa_sie": 9.138536936099678,
        "kappa_sii": 2.400110376772225,
        "sigma_se": 0.08270983962985586,
        "sigma_si": 0.02312314537259608,
        "taue": 11.025383321910288,
        "taui": 24.221451579365024,
        "tauxe": 85.76350283464073,
        "tauxi": 29.30851743538636,
        "vsyn_ee": 13.521098499669879,
        "vsyn_ei": 8.66182370343843,
        "vsyn_ie": -73.3545295285393,
        "vsyn_ii": -63.7478887632671
    },
    "timestamp": 1746282364
}