{
    "fitness": 106.83882553475492,
    "generation": 0,
    "parameters": {
        "alphaee": 0.8704428463464127,
        "alphaei": 0.01,
        "alphaie": 0.01,
        "alphaii": 0.4717462364161919,
        "deltae": 0.6,
        "deltai": 0.6,
        "eta0e": 1.1735730954831567,
        "eta0i": 0.24346614338545955,
        "kappa_gapee": 0.0,
        "kappa_gapei": 0.43707049122159736,
        "kappa_gapii": 0.257547775716015,
        "kappa_see": 3.9088011169610146,
        "kappa_sei": 5.345476796330887,
        "kappa_sie": 9.937803620501718,
        "kappa_sii": 9.004536317902419,
        "sigma_se": 0.1,
        "sigma_si": 0.1,
        "taue": 15.519309496397849,
        "taui": 18.202370550676218,
        "tauxe": 84.6071097473028,
        "tauxi": 55.25122352709719,
        "vsyn_ee": 11.780285685633105,
        "vsyn_ei": 6.482832760187893,
        "vsyn_ie": -77.32674805330429,
        "vsyn_ii": -81.59572925075578
    },
    "timestamp": 1746281670
}