{
    "fitness": 117.51660915847981,
    "generation": 0,
    "parameters": {
        "alphaee": 0.8704428463464127,
        "alphaei": 0.7289414131231717,
        "alphaie": 0.1355731071551201,
        "alphaii": 0.32927598206783176,
        "deltae": 0.32120290012197206,
        "deltai": 0.46110828317713837,
        "eta0e": 1.375091669915201,
        "eta0i": 3.1129163785245124,
        "kappa_gapee": 0.0,
        "kappa_gapei": 0.4956466460342629,
        "kappa_gapii": 0.257547775716015,
        "kappa_see": 9.714993048934776,
        "kappa_sei": 5.107530809567122,
        "kappa_sie": 7.662702276830202,
        "kappa_sii": 2.8412363389956607,
        "sigma_se": 0.01,
        "sigma_si": 0.1,
        "taue": 6.458547411395464,
        "taui": 18.486177512788803,
        "tauxe": 31.187032079354434,
        "tauxi": 55.25122352709719,
        "vsyn_ee": 7.807970284980439,
        "vsyn_ei": 6.482832760187893,
        "vsyn_ie": -77.32674805330429,
        "vsyn_ii": -33.64184798177004
    },
    "timestamp": 1746281588
}