{
    "fitness": 43.119676548820664,
    "generation": 0,
    "parameters": {
        "alphaee": 0.4045907793733096,
        "alphaei": 0.846752345731288,
        "alphaie": 0.249513570803235,
        "alphaii": 0.32927598206783176,
        "deltae": 0.32120290012197206,
        "deltai": 0.6,
        "eta0e": 1.0841531336488297,
        "eta0i": 3.2614521598533837,
        "kappa_gapee": 0.11541641563114156,
        "kappa_gapei": 0.43707049122159736,
        "kappa_gapii": 0.257547775716015,
        "kappa_see": 3.48615197067594,
        "kappa_sei": 5.107530809567122,
        "kappa_sie": 10.0,
        "kappa_sii": 6.307825196477858,
        "sigma_se": 0.08926333756018999,
        "sigma_si": 0.01723235407239098,
        "taue": 6.48603422516504,
        "taui": 19.192192830555626,
        "tauxe": 84.52225307601505,
        "tauxi": 45.46268103360662,
        "vsyn_ee": 8.970464663913653,
        "vsyn_ei": 6.482832760187893,
        "vsyn_ie": -77.44419700709322,
        "vsyn_ii": -53.854938199410796
    },
    "timestamp": 1746281251
}