{
    "fitness": 61.03281291031246,
    "generation": 0,
    "parameters": {
        "alphaee": 0.6175188897847141,
        "alphaei": 0.4203948750293218,
        "alphaie": 0.7255411637116741,
        "alphaii": 0.12194093369456922,
        "deltae": 0.11545121972881761,
        "deltai": 0.1496264034308165,
        "eta0e": 2.656845364165614,
        "eta0i": 1.991097940793568,
        "kappa_gapee": 0.18888262227763702,
        "kappa_gapei": 0.4720642054023431,
        "kappa_gapii": 0.14584918743172964,
        "kappa_see": 6.805877936680522,
        "kappa_sei": 6.359317853398551,
        "kappa_sie": 9.245875995456458,
        "kappa_sii": 2.5490475156740584,
        "sigma_se": 0.09471129471140656,
        "sigma_si": 0.02003197709133693,
        "taue": 11.255499086447735,
        "taui": 17.032627617619077,
        "tauxe": 41.93209483079667,
        "tauxi": 66.22175043906435,
        "vsyn_ee": 8.281389989506394,
        "vsyn_ei": 6.856026815074065,
        "vsyn_ie": -89.50725515543115,
        "vsyn_ii": -76.95474749446956
    },
    "timestamp": 1746282213
}