{
    "fitness": 50.713218427635894,
    "generation": 0,
    "parameters": {
        "alphaee": 0.8704428463464127,
        "alphaei": 0.7289414131231717,
        "alphaie": 0.205198234841609,
        "alphaii": 0.32927598206783176,
        "deltae": 0.32120290012197206,
        "deltai": 0.46110828317713837,
        "eta0e": 1.1735730954831567,
        "eta0i": 3.2614521598533837,
        "kappa_gapee": 0.0,
        "kappa_gapei": 0.43707049122159736,
        "kappa_gapii": 0.0,
        "kappa_see": 3.5722890314716844,
        "kappa_sei": 5.107530809567122,
        "kappa_sie": 9.937803620501718,
        "kappa_sii": 6.307825196477858,
        "sigma_se": 0.08926333756018999,
        "sigma_si": 0.1,
        "taue": 15.529273385841805,
        "taui": 18.202370550676218,
        "tauxe": 31.16642919661968,
        "tauxi": 55.25122352709719,
        "vsyn_ee": 8.970464663913653,
        "vsyn_ei": 14.48724648400051,
        "vsyn_ie": -89.40618665099603,
        "vsyn_ii": -53.854938199410796
    },
    "timestamp": 1746281077
}