{
    "fitness": 43.53463796153807,
    "generation": 0,
    "parameters": {
        "alphaee": 0.639271341613104,
        "alphaei": 0.7289414131231717,
        "alphaie": 0.205198234841609,
        "alphaii": 0.5579924786723642,
        "deltae": 0.32120290012197206,
        "deltai": 0.46110828317713837,
        "eta0e": 1.1735730954831567,
        "eta0i": 4.867742767332486,
        "kappa_gapee": 0.06210107522978519,
        "kappa_gapei": 0.43707049122159736,
        "kappa_gapii": 0.12463267859714432,
        "kappa_see": 9.714993048934776,
        "kappa_sei": 3.8914585207880883,
        "kappa_sie": 9.937803620501718,
        "kappa_sii": 6.307825196477858,
        "sigma_se": 0.08926333756018999,
        "sigma_si": 0.01723235407239098,
        "taue": 6.297632596103627,
        "taui": 19.192192830555626,
        "tauxe": 31.187032079354434,
        "tauxi": 55.179736917385924,
        "vsyn_ee": 7.414121063312677,
        "vsyn_ei": 14.48724648400051,
        "vsyn_ie": -77.19197698549048,
        "vsyn_ii": -53.854938199410796
    },
    "timestamp": 1746281950
}