{
    "fitness": 90.32258907949378,
    "generation": 0,
    "parameters": {
        "alphaee": 0.7362477581100766,
        "alphaei": 0.333387038991115,
        "alphaie": 0.7034989854202082,
        "alphaii": 0.9684427169726687,
        "deltae": 0.5663568853158543,
        "deltai": 0.3282987667272343,
        "eta0e": 2.6391858322245696,
        "eta0i": 3.102918780212735,
        "kappa_gapee": 0.14238513999739605,
        "kappa_gapei": 0.15033052407418146,
        "kappa_gapii": 0.45508634310120427,
        "kappa_see": 9.712449981219693,
        "kappa_sei": 9.077417235212115,
        "kappa_sie": 5.87559554293905,
        "kappa_sii": 6.5797978795963905,
        "sigma_se": 0.08686788778649296,
        "sigma_si": 0.07992617478762058,
        "taue": 20.661385413784323,
        "taui": 19.138992541341203,
        "tauxe": 23.200893347758996,
        "tauxi": 45.564489065633225,
        "vsyn_ee": 3.3436138076815323,
        "vsyn_ei": 9.60897447290956,
        "vsyn_ie": -56.57233826280137,
        "vsyn_ii": -73.73430709984213
    },
    "timestamp": 1746282263
}