{
    "fitness": 48.29806495096956,
    "generation": 0,
    "parameters": {
        "alphaee": 0.8704428463464127,
        "alphaei": 0.01,
        "alphaie": 0.6594800072928778,
        "alphaii": 0.170099193518327,
        "deltae": 0.33258156658272287,
        "deltai": 0.6,
        "eta0e": 1.375091669915201,
        "eta0i": 3.2614521598533837,
        "kappa_gapee": 0.06210107522978519,
        "kappa_gapei": 0.5,
        "kappa_gapii": 0.12463267859714432,
        "kappa_see": 3.5722890314716844,
        "kappa_sei": 5.345476796330887,
        "kappa_sie": 7.662702276830202,
        "kappa_sii": 9.004536317902419,
        "sigma_se": 0.1,
        "sigma_si": 0.01723235407239098,
        "taue": 6.458547411395464,
        "taui": 18.202370550676218,
        "tauxe": 84.6071097473028,
        "tauxi": 45.46268103360662,
        "vsyn_ee": 11.780285685633105,
        "vsyn_ei": 6.482832760187893,
        "vsyn_ie": -77.32674805330429,
        "vsyn_ii": -81.59572925075578
    },
    "timestamp": 1746281833
}