{
    "fitness": 43.02637203250996,
    "generation": 0,
    "parameters": {
        "alphaee": 0.639271341613104,
        "alphaei": 0.7289414131231717,
        "alphaie": 0.205198234841609,
        "alphaii": 0.25948671813532426,
        "deltae": 0.32120290012197206,
        "deltai": 0.6,
        "eta0e": 1.375091669915201,
        "eta0i": 3.2614521598533837,
        "kappa_gapee": 0.0,
        "kappa_gapei": 0.43707049122159736,
        "kappa_gapii": 0.12463267859714432,
        "kappa_see": 9.714993048934776,
        "kappa_sei": 5.107530809567122,
        "kappa_sie": 7.662702276830202,
        "kappa_sii": 6.307825196477858,
        "sigma_se": 0.08926333756018999,
        "sigma_si": 0.01723235407239098,
        "taue": 6.297632596103627,
        "taui": 19.192192830555626,
        "tauxe": 31.187032079354434,
        "tauxi": 55.48839319411121,
        "vsyn_ee": 8.970464663913653,
        "vsyn_ei": 14.48724648400051,
        "vsyn_ie": -89.40618665099603,
        "vsyn_ii": -33.64184798177004
    },
    "timestamp": 1746281703
}