{
    "fitness": 83.58920610317263,
    "generation": 0,
    "parameters": {
        "alphaee": 0.32667762346918083,
        "alphaei": 0.23978070309664748,
        "alphaie": 0.906158189366975,
        "alphaii": 0.9312746042370811,
        "deltae": 0.3241459118879158,
        "deltai": 0.2080406409688354,
        "eta0e": 1.703968681055378,
        "eta0i": 2.156338103808147,
        "kappa_gapee": 0.08677122510886019,
        "kappa_gapei": 0.32662598340454635,
        "kappa_gapii": 0.06634999429112669,
        "kappa_see": 8.062685435971932,
        "kappa_sei": 1.0862049727328813,
        "kappa_sie": 2.3385825771629607,
        "kappa_sii": 6.610402021362887,
        "sigma_se": 0.03329571120392906,
        "sigma_si": 0.018396035898567864,
        "taue": 15.060434079778926,
        "taui": 14.01088400319422,
        "tauxe": 89.16558224016265,
        "tauxi": 99.80218054433378,
        "vsyn_ee": 19.01152728262245,
        "vsyn_ei": 10.837516715320222,
        "vsyn_ie": -3.162148928809529,
        "vsyn_ii": -7.5655631635004
    },
    "timestamp": 1746282247
}