{
    "fitness": 46.73504792734094,
    "generation": 0,
    "parameters": {
        "alphaee": 0.639271341613104,
        "alphaei": 0.846752345731288,
        "alphaie": 0.23840817380117313,
        "alphaii": 0.01,
        "deltae": 0.1258173679116062,
        "deltai": 0.6,
        "eta0e": 1.1735730954831567,
        "eta0i": 0.24346614338545955,
        "kappa_gapee": 0.0,
        "kappa_gapei": 0.43707049122159736,
        "kappa_gapii": 0.12463267859714432,
        "kappa_see": 3.1725719906354444,
        "kappa_sei": 3.605908016482502,
        "kappa_sie": 7.662702276830202,
        "kappa_sii": 6.307825196477858,
        "sigma_se": 0.1,
        "sigma_si": 0.01723235407239098,
        "taue": 6.48603422516504,
        "taui": 19.192192830555626,
        "tauxe": 84.6071097473028,
        "tauxi": 55.25122352709719,
        "vsyn_ee": 11.780285685633105,
        "vsyn_ei": 6.482832760187893,
        "vsyn_ie": -77.32674805330429,
        "vsyn_ii": -34.18001303599455
    },
    "timestamp": 1746281316
}