{
    "fitness": 81.21692750234571,
    "generation": 0,
    "parameters": {
        "alphaee": 0.639271341613104,
        "alphaei": 0.846752345731288,
        "alphaie": 0.23840817380117313,
        "alphaii": 0.5400836292834816,
        "deltae": 0.137669922185731,
        "deltai": 0.46110828317713837,
        "eta0e": 1.375091669915201,
        "eta0i": 4.891158752191987,
        "kappa_gapee": 0.0,
        "kappa_gapei": 0.4956466460342629,
        "kappa_gapii": 0.0,
        "kappa_see": 3.48615197067594,
        "kappa_sei": 5.107530809567122,
        "kappa_sie": 7.662702276830202,
        "kappa_sii": 6.307825196477858,
        "sigma_se": 0.1,
        "sigma_si": 0.01,
        "taue": 6.48603422516504,
        "taui": 19.192192830555626,
        "tauxe": 84.6071097473028,
        "tauxi": 55.25122352709719,
        "vsyn_ee": 7.807970284980439,
        "vsyn_ei": 15.51873505894248,
        "vsyn_ie": -89.40618665099603,
        "vsyn_ii": -34.18001303599455
    },
    "timestamp": 1746281539
}