{
    "fitness": 175.28697586933254,
    "generation": 0,
    "parameters": {
        "alphaee": 0.8704428463464127,
        "alphaei": 0.01,
        "alphaie": 0.205198234841609,
        "alphaii": 0.01,
        "deltae": 0.1258173679116062,
        "deltai": 0.6,
        "eta0e": 1.2444074041616147,
        "eta0i": 4.867742767332486,
        "kappa_gapee": 0.0,
        "kappa_gapei": 0.43707049122159736,
        "kappa_gapii": 0.12463267859714432,
        "kappa_see": 9.514652271691691,
        "kappa_sei": 3.761899286400282,
        "kappa_sie": 9.937803620501718,
        "kappa_sii": 2.5750655955165214,
        "sigma_se": 0.01,
        "sigma_si": 0.01,
        "taue": 15.519309496397849,
        "taui": 18.787129978565215,
        "tauxe": 84.6071097473028,
        "tauxi": 28.671989932865635,
        "vsyn_ee": 7.807970284980439,
        "vsyn_ei": 6.482832760187893,
        "vsyn_ie": -89.40618665099603,
        "vsyn_ii": -33.64184798177004
    },
    "timestamp": 1746281188
}