{
    "fitness": 175.28697586933254,
    "generation": 0,
    "parameters": {
        "alphaee": 0.639271341613104,
        "alphaei": 0.01,
        "alphaie": 0.205198234841609,
        "alphaii": 0.32927598206783176,
        "deltae": 0.137669922185731,
        "deltai": 0.13524451023943768,
        "eta0e": 1.375091669915201,
        "eta0i": 4.867742767332486,
        "kappa_gapee": 0.0,
        "kappa_gapei": 0.4956466460342629,
        "kappa_gapii": 0.0,
        "kappa_see": 3.4535305347790803,
        "kappa_sei": 3.761899286400282,
        "kappa_sie": 7.662702276830202,
        "kappa_sii": 6.307825196477858,
        "sigma_se": 0.08926333756018999,
        "sigma_si": 0.01723235407239098,
        "taue": 6.458547411395464,
        "taui": 18.202370550676218,
        "tauxe": 31.187032079354434,
        "tauxi": 45.46268103360662,
        "vsyn_ee": 7.807970284980439,
        "vsyn_ei": 15.51873505894248,
        "vsyn_ie": -89.40618665099603,
        "vsyn_ii": -54.22723741622602
    },
    "timestamp": 1746282065
}