{
    "fitness": 175.28697586933254,
    "generation": 0,
    "parameters": {
        "alphaee": 0.4233624278300537,
        "alphaei": 0.7636746591625221,
        "alphaie": 0.7578707986169638,
        "alphaii": 0.1379196697029216,
        "deltae": 0.41346239714170463,
        "deltai": 0.46468554164329556,
        "eta0e": 0.989295760283331,
        "eta0i": 4.123245126782342,
        "kappa_gapee": 0.14802485695656842,
        "kappa_gapei": 0.48158560519883076,
        "kappa_gapii": 0.5487185791799515,
        "kappa_see": 6.24108578654874,
        "kappa_sei": 0.3621535212021995,
        "kappa_sie": 4.820975219738767,
        "kappa_sii": 1.901953903619889,
        "sigma_se": 0.029960416043900692,
        "sigma_si": 0.0445235212150298,
        "taue": 15.647995511138959,
        "taui": 9.96471609239003,
        "tauxe": 73.18756041273099,
        "tauxi": 23.175473084334296,
        "vsyn_ee": 3.649552024905899,
        "vsyn_ei": 18.850745606298172,
        "vsyn_ie": -12.859725944574677,
        "vsyn_ii": -57.834843119733975
    },
    "timestamp": 1746282196
}