{
    "fitness": 51.79606593897639,
    "generation": 0,
    "parameters": {
        "alphaee": 0.5330288690400807,
        "alphaei": 0.9964597232909916,
        "alphaie": 0.8814610190658466,
        "alphaii": 0.6250753313545528,
        "deltae": 0.5764210278337734,
        "deltai": 0.08318988026919827,
        "eta0e": 0.2142604427260552,
        "eta0i": 3.6797103135367455,
        "kappa_gapee": 0.12807157556005408,
        "kappa_gapei": 0.16249925572927798,
        "kappa_gapii": 0.6989699957405904,
        "kappa_see": 1.7411482331863057,
        "kappa_sei": 9.226769219598305,
        "kappa_sie": 1.7740710089927727,
        "kappa_sii": 1.9021157094464138,
        "sigma_se": 0.02160135266400638,
        "sigma_si": 0.03290903128833256,
        "taue": 5.691632353722495,
        "taui": 17.50151181099993,
        "tauxe": 70.49735451822238,
        "tauxi": 27.712621579673183,
        "vsyn_ee": 15.86119754376906,
        "vsyn_ei": 5.854027742338523,
        "vsyn_ie": -78.9456765794976,
        "vsyn_ii": -68.83219889641099
    },
    "timestamp": 1746282414
}