{
    "fitness": 48.718091888282466,
    "generation": 0,
    "parameters": {
        "alphaee": 0.020485168882427775,
        "alphaei": 0.6223883570680023,
        "alphaie": 0.732789307706089,
        "alphaii": 0.9525649546796285,
        "deltae": 0.3412141512439691,
        "deltai": 0.40599955947972655,
        "eta0e": 3.9194225268710747,
        "eta0i": 2.639689388088415,
        "kappa_gapee": 0.1935272861448198,
        "kappa_gapei": 0.15450724449612438,
        "kappa_gapii": 0.4011132329440734,
        "kappa_see": 5.523489495730563,
        "kappa_sei": 1.998312392075812,
        "kappa_sie": 9.626121895395347,
        "kappa_sii": 1.9708036563042002,
        "sigma_se": 0.04192635232547545,
        "sigma_si": 0.0346242819425573,
        "taue": 17.348541232797125,
        "taui": 18.368046041272827,
        "tauxe": 59.00626993626288,
        "tauxi": 47.76140439269539,
        "vsyn_ee": 8.069462866752142,
        "vsyn_ei": 17.404586843886484,
        "vsyn_ie": -52.41796083526894,
        "vsyn_ii": -60.65925327790621
    },
    "timestamp": 1746282381
}