{
    "fitness": 175.28697586933254,
    "generation": 0,
    "parameters": {
        "alphaee": 0.8704428463464127,
        "alphaei": 0.01,
        "alphaie": 0.249513570803235,
        "alphaii": 0.32927598206783176,
        "deltae": 0.137669922185731,
        "deltai": 0.5888621104971415,
        "eta0e": 1.375091669915201,
        "eta0i": 4.867742767332486,
        "kappa_gapee": 0.0,
        "kappa_gapei": 0.4956466460342629,
        "kappa_gapii": 0.257547775716015,
        "kappa_see": 3.5722890314716844,
        "kappa_sei": 5.345476796330887,
        "kappa_sie": 9.937803620501718,
        "kappa_sii": 2.5750655955165214,
        "sigma_se": 0.08926333756018999,
        "sigma_si": 0.09874504435076333,
        "taue": 6.458547411395464,
        "taui": 18.202370550676218,
        "tauxe": 31.193055176961842,
        "tauxi": 45.46268103360662,
        "vsyn_ee": 8.970464663913653,
        "vsyn_ei": 6.482832760187893,
        "vsyn_ie": -89.40618665099603,
        "vsyn_ii": -53.42642894626271
    },
    "timestamp": 1746281109
}