{
    "fitness": 45.52357965478268,
    "generation": 0,
    "parameters": {
        "alphaee": 0.639271341613104,
        "alphaei": 0.01,
        "alphaie": 0.249513570803235,
        "alphaii": 0.5579924786723642,
        "deltae": 0.137669922185731,
        "deltai": 0.13524451023943768,
        "eta0e": 1.1735730954831567,
        "eta0i": 4.867742767332486,
        "kappa_gapee": 0.0,
        "kappa_gapei": 0.4956466460342629,
        "kappa_gapii": 0.0,
        "kappa_see": 9.514652271691691,
        "kappa_sei": 3.761899286400282,
        "kappa_sie": 7.662702276830202,
        "kappa_sii": 2.5750655955165214,
        "sigma_se": 0.08926333756018999,
        "sigma_si": 0.01723235407239098,
        "taue": 6.458547411395464,
        "taui": 19.192192830555626,
        "tauxe": 31.187032079354434,
        "tauxi": 45.48654775055616,
        "vsyn_ee": 8.970464663913653,
        "vsyn_ei": 6.822707249538733,
        "vsyn_ie": -89.40618665099603,
        "vsyn_ii": -33.620960975168764
    },
    "timestamp": 1746281916
}