{
    "fitness": 79.64429313260777,
    "generation": 0,
    "parameters": {
        "alphaee": 0.7164535296948469,
        "alphaei": 0.01,
        "alphaie": 0.23840817380117313,
        "alphaii": 0.5400836292834816,
        "deltae": 0.137669922185731,
        "deltai": 0.46110828317713837,
        "eta0e": 1.375091669915201,
        "eta0i": 4.867742767332486,
        "kappa_gapee": 0.0,
        "kappa_gapei": 0.43707049122159736,
        "kappa_gapii": 0.12463267859714432,
        "kappa_see": 3.48615197067594,
        "kappa_sei": 5.107530809567122,
        "kappa_sie": 7.662702276830202,
        "kappa_sii": 6.44150475849817,
        "sigma_se": 0.09429548522694804,
        "sigma_si": 0.1,
        "taue": 15.68803369558559,
        "taui": 19.192192830555626,
        "tauxe": 84.6071097473028,
        "tauxi": 55.355530334625875,
        "vsyn_ee": 7.807970284980439,
        "vsyn_ei": 14.48724648400051,
        "vsyn_ie": -89.40618665099603,
        "vsyn_ii": -33.64184798177004
    },
    "timestamp": 1746281396
}