{
    "fitness": 175.28697586933254,
    "generation": 0,
    "parameters": {
        "alphaee": 0.8704428463464127,
        "alphaei": 0.01,
        "alphaie": 0.249513570803235,
        "alphaii": 0.32927598206783176,
        "deltae": 0.137669922185731,
        "deltai": 0.46110828317713837,
        "eta0e": 1.1735730954831567,
        "eta0i": 4.867742767332486,
        "kappa_gapee": 0.06210107522978519,
        "kappa_gapei": 0.4956466460342629,
        "kappa_gapii": 0.257547775716015,
        "kappa_see": 3.4713181515870017,
        "kappa_sei": 3.875831395770812,
        "kappa_sie": 9.937803620501718,
        "kappa_sii": 2.8412363389956607,
        "sigma_se": 0.09429548522694804,
        "sigma_si": 0.1,
        "taue": 15.529273385841805,
        "taui": 18.202370550676218,
        "tauxe": 84.6071097473028,
        "tauxi": 45.46268103360662,
        "vsyn_ee": 7.686325364147203,
        "vsyn_ei": 6.38639393788792,
        "vsyn_ie": -77.32674805330429,
        "vsyn_ii": -53.854938199410796
    },
    "timestamp": 1746281719
}