{
    "fitness": 175.28697586933254,
    "generation": 0,
    "parameters": {
        "alphaee": 0.8704428463464127,
        "alphaei": 0.01,
        "alphaie": 0.23840817380117313,
        "alphaii": 0.4232599822621107,
        "deltae": 0.1258173679116062,
        "deltai": 0.6,
        "eta0e": 1.375091669915201,
        "eta0i": 0.24346614338545955,
        "kappa_gapee": 0.0,
        "kappa_gapei": 0.5,
        "kappa_gapii": 0.12463267859714432,
        "kappa_see": 3.9088011169610146,
        "kappa_sei": 3.761899286400282,
        "kappa_sie": 7.662702276830202,
        "kappa_sii": 2.5750655955165214,
        "sigma_se": 0.01,
        "sigma_si": 0.09874504435076333,
        "taue": 15.519309496397849,
        "taui": 19.192192830555626,
        "tauxe": 84.6071097473028,
        "tauxi": 55.25122352709719,
        "vsyn_ee": 7.807970284980439,
        "vsyn_ei": 6.482832760187893,
        "vsyn_ie": -89.40618665099603,
        "vsyn_ii": -33.64184798177004
    },
    "timestamp": 1746281817
}