{
    "fitness": 60.25976034362105,
    "generation": 0,
    "parameters": {
        "alphaee": 0.2050066402645937,
        "alphaei": 0.028059935053730528,
        "alphaie": 0.8521016925948403,
        "alphaii": 0.03363173769178527,
        "deltae": 0.053341973484722915,
        "deltai": 0.27080794224655047,
        "eta0e": 2.6764812825846547,
        "eta0i": 2.9167156696106167,
        "kappa_gapee": 0.18883331213446414,
        "kappa_gapei": 0.17449075022396837,
        "kappa_gapii": 0.2784452207136987,
        "kappa_see": 8.246699992022938,
        "kappa_sei": 4.549893672490861,
        "kappa_sie": 3.45572418963393,
        "kappa_sii": 7.534829650396664,
        "sigma_se": 0.02128880614761964,
        "sigma_si": 0.028586937046835625,
        "taue": 15.016420667592048,
        "taui": 8.962567916518315,
        "tauxe": 94.46591929602673,
        "tauxi": 68.29069091012863,
        "vsyn_ee": 9.258345900183317,
        "vsyn_ei": 3.075834928890772,
        "vsyn_ie": -51.733055915924375,
        "vsyn_ii": -19.741443229615186
    },
    "timestamp": 1746282330
}