{
    "fitness": 107.01209948022256,
    "generation": 0,
    "parameters": {
        "alphaee": 0.639271341613104,
        "alphaei": 0.01,
        "alphaie": 0.739587480112186,
        "alphaii": 0.32927598206783176,
        "deltae": 0.1258173679116062,
        "deltai": 0.6,
        "eta0e": 1.2837812557353574,
        "eta0i": 0.24346614338545955,
        "kappa_gapee": 0.2,
        "kappa_gapei": 0.43707049122159736,
        "kappa_gapii": 0.12463267859714432,
        "kappa_see": 3.9088011169610146,
        "kappa_sei": 4.92626802035524,
        "kappa_sie": 7.662702276830202,
        "kappa_sii": 9.004536317902419,
        "sigma_se": 0.1,
        "sigma_si": 0.09874504435076333,
        "taue": 15.365799855831305,
        "taui": 18.787129978565215,
        "tauxe": 84.6071097473028,
        "tauxi": 28.671989932865635,
        "vsyn_ee": 11.780285685633105,
        "vsyn_ei": 15.571721980749631,
        "vsyn_ie": -56.442950302851926,
        "vsyn_ii": -81.59572925075578
    },
    "timestamp": 1746282015
}