{
    "fitness": 48.62615511376234,
    "generation": 0,
    "parameters": {
        "alphaee": 0.9826605523818084,
        "alphaei": 0.9175259125300229,
        "alphaie": 0.04968620459314473,
        "alphaii": 0.47363668477849474,
        "deltae": 0.4812788366232667,
        "deltai": 0.4844998206820576,
        "eta0e": 2.7071885200234953,
        "eta0i": 2.8561855021688376,
        "kappa_gapee": 0.015032979988735136,
        "kappa_gapei": 0.3680047189678731,
        "kappa_gapii": 0.11574547893550442,
        "kappa_see": 7.3817760459286665,
        "kappa_sei": 5.2982862977531,
        "kappa_sie": 9.724885138677045,
        "kappa_sii": 8.24433019761075,
        "sigma_se": 0.07833166845850466,
        "sigma_si": 0.0887745886269066,
        "taue": 6.884842709608883,
        "taui": 24.146114362158006,
        "tauxe": 21.07510890855472,
        "tauxi": 87.99265984094718,
        "vsyn_ee": 2.0309919216000516,
        "vsyn_ei": 6.693206237638874,
        "vsyn_ie": -79.14571263916554,
        "vsyn_ii": -52.50878605887288
    },
    "timestamp": 1746282514
}