{
    "fitness": 175.28697586933254,
    "generation": 0,
    "parameters": {
        "alphaee": 0.639271341613104,
        "alphaei": 0.7289414131231717,
        "alphaie": 0.249513570803235,
        "alphaii": 0.32927598206783176,
        "deltae": 0.05,
        "deltai": 0.6,
        "eta0e": 1.1735730954831567,
        "eta0i": 3.2614521598533837,
        "kappa_gapee": 0.0,
        "kappa_gapei": 0.5,
        "kappa_gapii": 0.257547775716015,
        "kappa_see": 3.9088011169610146,
        "kappa_sei": 3.5066731365391792,
        "kappa_sie": 9.937803620501718,
        "kappa_sii": 9.004536317902419,
        "sigma_se": 0.08926333756018999,
        "sigma_si": 0.09874504435076333,
        "taue": 6.458547411395464,
        "taui": 18.937041753608224,
        "tauxe": 84.6071097473028,
        "tauxi": 55.28138301470506,
        "vsyn_ee": 8.970464663913653,
        "vsyn_ei": 6.482832760187893,
        "vsyn_ie": -77.11728129852453,
        "vsyn_ii": -81.59572925075578
    },
    "timestamp": 1746281444
}