{
    "fitness": 43.479166584163586,
    "generation": 0,
    "parameters": {
        "alphaee": 0.8704428463464127,
        "alphaei": 0.01,
        "alphaie": 0.249513570803235,
        "alphaii": 0.5579924786723642,
        "deltae": 0.137669922185731,
        "deltai": 0.5888621104971415,
        "eta0e": 1.375091669915201,
        "eta0i": 4.867742767332486,
        "kappa_gapee": 0.06210107522978519,
        "kappa_gapei": 0.43707049122159736,
        "kappa_gapii": 0.257547775716015,
        "kappa_see": 9.714993048934776,
        "kappa_sei": 3.761899286400282,
        "kappa_sie": 7.662702276830202,
        "kappa_sii": 2.8412363389956607,
        "sigma_se": 0.09429548522694804,
        "sigma_si": 0.01723235407239098,
        "taue": 15.529273385841805,
        "taui": 18.202370550676218,
        "tauxe": 31.127346837192878,
        "tauxi": 55.25122352709719,
        "vsyn_ee": 8.970464663913653,
        "vsyn_ei": 14.48724648400051,
        "vsyn_ie": -89.40618665099603,
        "vsyn_ii": -53.854938199410796
    },
    "timestamp": 1746281784
}