{
    "fitness": 50.32645237594413,
    "generation": 0,
    "parameters": {
        "alphaee": 0.9345410288110683,
        "alphaei": 0.9980256344902597,
        "alphaie": 0.4759541040662374,
        "alphaii": 0.03155286885600717,
        "deltae": 0.44820244023253897,
        "deltai": 0.5638480047468469,
        "eta0e": 4.264270871013918,
        "eta0i": 0.19157326640386022,
        "kappa_gapee": 0.005826075262501668,
        "kappa_gapei": 0.21307896601659068,
        "kappa_gapii": 0.06187473910428198,
        "kappa_see": 1.3061850579386178,
        "kappa_sei": 1.912237938539937,
        "kappa_sie": 6.141359594355721,
        "kappa_sii": 6.696478247236522,
        "sigma_se": 0.08967558375356137,
        "sigma_si": 0.06590647241506294,
        "taue": 12.169265850154115,
        "taui": 13.146175486197013,
        "tauxe": 56.798984903006854,
        "tauxi": 51.851886809644185,
        "vsyn_ee": 7.743034720763169,
        "vsyn_ei": 8.730507711696312,
        "vsyn_ie": -49.61958240069853,
        "vsyn_ii": -15.576151591434652
    },
    "timestamp": 1746282465
}