{
    "fitness": 48.35995359391587,
    "generation": 0,
    "parameters": {
        "alphaee": 0.6257460860769329,
        "alphaei": 0.8604433319786315,
        "alphaie": 0.3757580380050342,
        "alphaii": 0.7981954210561981,
        "deltae": 0.2507363709115704,
        "deltai": 0.3654176502796648,
        "eta0e": 3.874369643684823,
        "eta0i": 2.292862967289557,
        "kappa_gapee": 0.1468933054559793,
        "kappa_gapei": 0.35755966887705953,
        "kappa_gapii": 0.391288422673294,
        "kappa_see": 0.8102641667068528,
        "kappa_sei": 6.392508593187922,
        "kappa_sie": 7.244193967096781,
        "kappa_sii": 6.322191861399591,
        "sigma_se": 0.019849318558560664,
        "sigma_si": 0.08429259362774551,
        "taue": 15.262853731486336,
        "taui": 18.916691439105584,
        "tauxe": 61.69347047241751,
        "tauxi": 85.29211446440222,
        "vsyn_ee": 16.88830639705222,
        "vsyn_ei": 17.797512514434484,
        "vsyn_ie": -46.28741755145901,
        "vsyn_ii": -7.7399559878271305
    },
    "timestamp": 1746282481
}