{
    "fitness": 59.48971189420789,
    "generation": 0,
    "parameters": {
        "alphaee": 0.639271341613104,
        "alphaei": 0.7289414131231717,
        "alphaie": 0.249513570803235,
        "alphaii": 0.32927598206783176,
        "deltae": 0.05,
        "deltai": 0.5888621104971415,
        "eta0e": 1.1735730954831567,
        "eta0i": 0.24346614338545955,
        "kappa_gapee": 0.0,
        "kappa_gapei": 0.291228376004558,
        "kappa_gapii": 0.257547775716015,
        "kappa_see": 3.8412960937381504,
        "kappa_sei": 3.761899286400282,
        "kappa_sie": 9.937803620501718,
        "kappa_sii": 6.307825196477858,
        "sigma_se": 0.08926333756018999,
        "sigma_si": 0.09874504435076333,
        "taue": 15.519309496397849,
        "taui": 18.787129978565215,
        "tauxe": 31.187032079354434,
        "tauxi": 28.671989932865635,
        "vsyn_ee": 8.970464663913653,
        "vsyn_ei": 15.399421737098795,
        "vsyn_ie": -56.339644191636246,
        "vsyn_ii": -53.676744124782594
    },
    "timestamp": 1746281850
}