{
    "fitness": 65.03743754855289,
    "generation": 0,
    "parameters": {
        "alphaee": 0.5912251880443006,
        "alphaei": 0.8438233985156425,
        "alphaie": 0.2091807706259078,
        "alphaii": 0.3914979874475898,
        "deltae": 0.4525782924416666,
        "deltai": 0.5201114063812755,
        "eta0e": 3.518756431714209,
        "eta0i": 1.8717156303784788,
        "kappa_gapee": 0.18966305922455415,
        "kappa_gapei": 0.3726285445996611,
        "kappa_gapii": 0.6544260284662974,
        "kappa_see": 5.066242208108295,
        "kappa_sei": 0.1378704270509436,
        "kappa_sie": 3.892837671163194,
        "kappa_sii": 2.8467456069602677,
        "sigma_se": 0.03712970719418162,
        "sigma_si": 0.08793846332713812,
        "taue": 9.101859729047455,
        "taui": 11.010520451220767,
        "tauxe": 32.04929496500885,
        "tauxi": 68.41410714102535,
        "vsyn_ee": 6.378355944674107,
        "vsyn_ei": 3.996393122575145,
        "vsyn_ie": -48.02878943711191,
        "vsyn_ii": -66.54460109545849
    },
    "timestamp": 1746282313
}