{
    "fitness": 61.167662337296726,
    "generation": 0,
    "parameters": {
        "alphaee": 0.639271341613104,
        "alphaei": 0.01,
        "alphaie": 0.25795534762407274,
        "alphaii": 0.5579924786723642,
        "deltae": 0.137669922185731,
        "deltai": 0.5888621104971415,
        "eta0e": 0.7996894765545333,
        "eta0i": 4.867742767332486,
        "kappa_gapee": 0.06210107522978519,
        "kappa_gapei": 0.43707049122159736,
        "kappa_gapii": 0.12463267859714432,
        "kappa_see": 3.5722890314716844,
        "kappa_sei": 3.761899286400282,
        "kappa_sie": 9.937803620501718,
        "kappa_sii": 6.307825196477858,
        "sigma_se": 0.08926333756018999,
        "sigma_si": 0.01723235407239098,
        "taue": 15.529273385841805,
        "taui": 19.192192830555626,
        "tauxe": 84.6071097473028,
        "tauxi": 45.46268103360662,
        "vsyn_ee": 8.970464663913653,
        "vsyn_ei": 14.48724648400051,
        "vsyn_ie": -89.40618665099603,
        "vsyn_ii": -53.854938199410796
    },
    "timestamp": 1746281572
}