{
    "fitness": 166.2551734746252,
    "generation": 0,
    "parameters": {
        "alphaee": 0.04136297670517349,
        "alphaei": 0.4966200477352722,
        "alphaie": 0.8449672481727803,
        "alphaii": 0.10339303123552689,
        "deltae": 0.19796310585191573,
        "deltai": 0.3740434262971977,
        "eta0e": 0.3376081910845703,
        "eta0i": 0.11086885072533303,
        "kappa_gapee": 0.1827335332277985,
        "kappa_gapei": 0.28650697837501227,
        "kappa_gapii": 0.31915554343800717,
        "kappa_see": 7.035444151180737,
        "kappa_sei": 0.5444244647251069,
        "kappa_sie": 4.421917041551419,
        "kappa_sii": 1.4792756893057721,
        "sigma_se": 0.09884417614620852,
        "sigma_si": 0.027355461430997673,
        "taue": 18.965630909921668,
        "taui": 5.013294037798165,
        "tauxe": 33.85023931228153,
        "tauxi": 20.32850021425553,
        "vsyn_ee": 14.286848666541042,
        "vsyn_ei": 17.82194346291466,
        "vsyn_ie": -54.47156045596344,
        "vsyn_ii": -52.40333878815099
    },
    "timestamp": 1746282498
}