{
    "fitness": 42.93359026121722,
    "generation": 0,
    "parameters": {
        "alphaee": 0.639271341613104,
        "alphaei": 0.7289414131231717,
        "alphaie": 0.205198234841609,
        "alphaii": 0.32927598206783176,
        "deltae": 0.3612523978619246,
        "deltai": 0.46110828317713837,
        "eta0e": 1.1735730954831567,
        "eta0i": 3.2614521598533837,
        "kappa_gapee": 0.0,
        "kappa_gapei": 0.4956466460342629,
        "kappa_gapii": 0.12463267859714432,
        "kappa_see": 3.5722890314716844,
        "kappa_sei": 5.345476796330887,
        "kappa_sie": 9.937803620501718,
        "kappa_sii": 6.307825196477858,
        "sigma_se": 0.08926333756018999,
        "sigma_si": 0.1,
        "taue": 6.458547411395464,
        "taui": 19.192192830555626,
        "tauxe": 84.62713942391419,
        "tauxi": 45.62491928563853,
        "vsyn_ee": 7.807970284980439,
        "vsyn_ei": 6.482832760187893,
        "vsyn_ie": -77.32674805330429,
        "vsyn_ii": -33.64184798177004
    },
    "timestamp": 1746281768
}