{
    "fitness": 79.93493492416577,
    "generation": 0,
    "parameters": {
        "alphaee": 0.22591551151663974,
        "alphaei": 0.1933943378870252,
        "alphaie": 0.5370557916306821,
        "alphaii": 0.8021567442321336,
        "deltae": 0.2916110673368363,
        "deltai": 0.555536232398297,
        "eta0e": 2.04399129595789,
        "eta0i": 1.9638827974440054,
        "kappa_gapee": 0.11168309349146069,
        "kappa_gapei": 0.04684926654303794,
        "kappa_gapii": 0.6531012989802223,
        "kappa_see": 8.362928594532315,
        "kappa_sei": 2.8657900593770433,
        "kappa_sie": 3.2080955139135026,
        "kappa_sii": 9.445109839336233,
        "sigma_se": 0.09353538691540829,
        "sigma_si": 0.029037841888057116,
        "taue": 18.73689933460281,
        "taui": 9.30362598007922,
        "tauxe": 39.04509107474207,
        "tauxi": 70.22454059582105,
        "vsyn_ee": 2.983277422380466,
        "vsyn_ei": 8.004719073933858,
        "vsyn_ie": -36.036828855936704,
        "vsyn_ii": -76.2933815054102
    },
    "timestamp": 1746282280
}